program,regime,policy,cycle,demand,arrivals,stock,stalled
trotter_t4_l2_b32,rate2,min_t_depth,1,0,0,0,1
trotter_t4_l2_b32,rate2,min_t_depth,2,0,0,0,1
trotter_t4_l2_b32,rate2,min_t_depth,3,0,0,0,1
trotter_t4_l2_b32,rate2,min_t_depth,4,0,0,0,1
trotter_t4_l2_b32,rate2,min_t_depth,5,0,0,0,1
trotter_t4_l2_b32,rate2,min_t_depth,6,0,0,0,1
trotter_t4_l2_b32,rate2,min_t_depth,7,0,0,0,1
trotter_t4_l2_b32,rate2,min_t_depth,8,0,0,0,1
trotter_t4_l2_b32,rate2,min_t_depth,9,0,0,0,1
trotter_t4_l2_b32,rate2,min_t_depth,10,2,2,0,0
trotter_t4_l2_b32,rate2,min_t_depth,11,2,2,0,0
trotter_t4_l2_b32,rate2,min_t_depth,12,2,2,0,0
trotter_t4_l2_b32,rate2,min_t_depth,13,2,2,0,0
trotter_t4_l2_b32,rate2,min_t_depth,14,2,2,0,0
trotter_t4_l2_b32,rate2,min_t_depth,15,2,2,0,0
trotter_t4_l2_b32,rate2,min_t_depth,16,2,2,0,0
trotter_t4_l2_b32,rate2,min_t_depth,17,2,2,0,0
trotter_t4_l2_b32,rate2,min_t_depth,18,2,2,0,0
trotter_t4_l2_b32,rate2,min_t_depth,19,2,2,0,0
trotter_t4_l2_b32,rate2,min_t_depth,20,2,2,0,0
trotter_t4_l2_b32,rate2,min_t_depth,21,2,2,0,0
trotter_t4_l2_b32,rate2,min_t_depth,22,2,2,0,0
trotter_t4_l2_b32,rate2,min_t_depth,23,2,2,0,0
trotter_t4_l2_b32,rate2,min_t_depth,24,2,2,0,0
trotter_t4_l2_b32,rate2,min_t_depth,25,2,2,0,0
trotter_t4_l2_b32,rate2,min_t_depth,26,2,2,0,0
trotter_t4_l2_b32,rate2,min_t_depth,27,2,2,0,0
trotter_t4_l2_b32,rate2,min_t_depth,28,2,2,0,0
trotter_t4_l2_b32,rate2,min_t_depth,29,2,2,0,0
trotter_t4_l2_b32,rate2,min_t_depth,30,2,2,0,0
trotter_t4_l2_b32,rate2,min_t_depth,31,2,2,0,0
trotter_t4_l2_b32,rate2,min_t_depth,32,2,2,0,0
trotter_t4_l2_b32,rate2,min_t_depth,33,2,2,0,0
trotter_t4_l2_b32,rate2,min_t_depth,34,2,2,0,0
trotter_t4_l2_b32,rate2,min_t_depth,35,2,2,0,0
trotter_t4_l2_b32,rate2,min_t_depth,36,2,2,0,0
trotter_t4_l2_b32,rate2,min_t_depth,37,2,2,0,0
trotter_t4_l2_b32,rate2,min_t_depth,38,2,2,0,0
trotter_t4_l2_b32,rate2,min_t_depth,39,2,2,0,0
trotter_t4_l2_b32,rate2,min_t_depth,40,2,2,0,0
trotter_t4_l2_b32,rate2,min_t_depth,41,2,2,0,0
trotter_t4_l2_b32,rate2,min_t_depth,42,2,2,0,0
trotter_t4_l2_b32,rate2,min_t_depth,43,2,2,0,0
trotter_t4_l2_b32,rate2,min_t_depth,44,2,2,0,0
trotter_t4_l2_b32,rate2,min_t_depth,45,2,2,0,0
trotter_t4_l2_b32,rate2,min_t_depth,46,2,2,0,0
trotter_t4_l2_b32,rate2,min_t_depth,47,2,2,0,0
trotter_t4_l2_b32,rate2,min_t_depth,48,2,2,0,0
trotter_t4_l2_b32,rate2,min_t_depth,49,2,2,0,0
trotter_t4_l2_b32,rate2,min_t_depth,50,2,2,0,0
trotter_t4_l2_b32,rate2,min_t_depth,51,2,2,0,0
trotter_t4_l2_b32,rate2,min_t_depth,52,2,2,0,0
trotter_t4_l2_b32,rate2,min_t_depth,53,2,2,0,0
trotter_t4_l2_b32,rate2,min_t_depth,54,2,2,0,0
trotter_t4_l2_b32,rate2,min_t_depth,55,2,2,0,0
trotter_t4_l2_b32,rate2,min_t_depth,56,2,2,0,0
trotter_t4_l2_b32,rate2,min_t_depth,57,2,2,0,0
trotter_t4_l2_b32,rate2,min_t_depth,58,2,2,0,0
trotter_t4_l2_b32,rate2,min_t_depth,59,2,2,0,0
trotter_t4_l2_b32,rate2,min_t_depth,60,2,2,0,0
trotter_t4_l2_b32,rate2,min_t_depth,61,2,2,0,0
trotter_t4_l2_b32,rate2,min_t_depth,62,2,2,0,0
trotter_t4_l2_b32,rate2,min_t_depth,63,2,2,0,0
trotter_t4_l2_b32,rate2,min_t_depth,64,2,2,0,0
trotter_t4_l2_b32,rate2,min_t_depth,65,2,2,0,0
trotter_t4_l2_b32,rate2,min_t_depth,66,2,2,0,0
trotter_t4_l2_b32,rate2,min_t_depth,67,2,2,0,0
trotter_t4_l2_b32,rate2,min_t_depth,68,2,2,0,0
trotter_t4_l2_b32,rate2,min_t_depth,69,2,2,0,0
trotter_t4_l2_b32,rate2,min_t_depth,70,2,2,0,0
trotter_t4_l2_b32,rate2,min_t_depth,71,2,2,0,0
trotter_t4_l2_b32,rate2,min_t_depth,72,2,2,0,0
trotter_t4_l2_b32,rate2,min_t_depth,73,2,2,0,0
trotter_t4_l2_b32,rate2,min_t_depth,74,2,2,0,0
trotter_t4_l2_b32,rate2,min_t_depth,75,2,2,0,0
trotter_t4_l2_b32,rate2,min_t_depth,76,2,2,0,0
trotter_t4_l2_b32,rate2,min_t_depth,77,2,2,0,0
trotter_t4_l2_b32,rate2,min_t_depth,78,2,2,0,0
trotter_t4_l2_b32,rate2,min_t_depth,79,2,2,0,0
trotter_t4_l2_b32,rate2,min_t_depth,80,2,2,0,0
trotter_t4_l2_b32,rate2,min_t_depth,81,2,2,0,0
trotter_t4_l2_b32,rate2,min_t_depth,82,2,2,0,0
trotter_t4_l2_b32,rate2,min_t_depth,83,2,2,0,0
trotter_t4_l2_b32,rate2,min_t_depth,84,2,2,0,0
trotter_t4_l2_b32,rate2,min_t_depth,85,2,2,0,0
trotter_t4_l2_b32,rate2,min_t_depth,86,2,2,0,0
trotter_t4_l2_b32,rate2,min_t_depth,87,2,2,0,0
trotter_t4_l2_b32,rate2,min_t_depth,88,2,2,0,0
trotter_t4_l2_b32,rate2,min_t_depth,89,2,2,0,0
trotter_t4_l2_b32,rate2,min_t_depth,90,2,2,0,0
trotter_t4_l2_b32,rate2,min_t_depth,91,2,2,0,0
trotter_t4_l2_b32,rate2,min_t_depth,92,2,2,0,0
trotter_t4_l2_b32,rate2,min_t_depth,93,2,2,0,0
trotter_t4_l2_b32,rate2,min_t_depth,94,2,2,0,0
trotter_t4_l2_b32,rate2,min_t_depth,95,2,2,0,0
trotter_t4_l2_b32,rate2,min_t_depth,96,2,2,0,0
trotter_t4_l2_b32,rate2,min_t_depth,97,2,2,0,0
trotter_t4_l2_b32,rate2,min_t_depth,98,2,2,0,0
trotter_t4_l2_b32,rate2,min_t_depth,99,2,2,0,0
trotter_t4_l2_b32,rate2,min_t_depth,100,2,2,0,0
trotter_t4_l2_b32,rate2,min_t_depth,101,2,2,0,0
trotter_t4_l2_b32,rate2,min_t_depth,102,2,2,0,0
trotter_t4_l2_b32,rate2,min_t_depth,103,2,2,0,0
trotter_t4_l2_b32,rate2,min_t_depth,104,2,2,0,0
trotter_t4_l2_b32,rate2,min_t_depth,105,2,2,0,0
trotter_t4_l2_b32,rate2,min_t_depth,106,2,2,0,0
trotter_t4_l2_b32,rate2,min_t_depth,107,2,2,0,0
trotter_t4_l2_b32,rate2,min_t_depth,108,2,2,0,0
trotter_t4_l2_b32,rate2,min_t_depth,109,2,2,0,0
trotter_t4_l2_b32,rate2,min_t_depth,110,2,2,0,0
trotter_t4_l2_b32,rate2,min_t_depth,111,2,2,0,0
trotter_t4_l2_b32,rate2,min_t_depth,112,2,2,0,0
trotter_t4_l2_b32,rate2,min_t_depth,113,2,2,0,0
trotter_t4_l2_b32,rate2,min_t_depth,114,2,2,0,0
trotter_t4_l2_b32,rate2,min_t_depth,115,2,2,0,0
trotter_t4_l2_b32,rate2,min_t_depth,116,2,2,0,0
trotter_t4_l2_b32,rate2,min_t_depth,117,2,2,0,0
trotter_t4_l2_b32,rate2,min_t_depth,118,2,2,0,0
trotter_t4_l2_b32,rate2,min_t_depth,119,2,2,0,0
trotter_t4_l2_b32,rate2,min_t_depth,120,2,2,0,0
trotter_t4_l2_b32,rate2,min_t_depth,121,2,2,0,0
trotter_t4_l2_b32,rate2,min_t_depth,122,2,2,0,0
trotter_t4_l2_b32,rate2,min_t_depth,123,2,2,0,0
trotter_t4_l2_b32,rate2,min_t_depth,124,2,2,0,0
trotter_t4_l2_b32,rate2,min_t_depth,125,2,2,0,0
trotter_t4_l2_b32,rate2,min_t_depth,126,2,2,0,0
trotter_t4_l2_b32,rate2,min_t_depth,127,2,2,0,0
trotter_t4_l2_b32,rate2,min_t_depth,128,2,2,0,0
trotter_t4_l2_b32,rate2,min_t_depth,129,2,2,0,0
trotter_t4_l2_b32,rate2,min_t_depth,130,2,2,0,0
trotter_t4_l2_b32,rate2,min_t_depth,131,2,2,0,0
trotter_t4_l2_b32,rate2,min_t_depth,132,2,2,0,0
trotter_t4_l2_b32,rate2,min_t_depth,133,2,2,0,0
trotter_t4_l2_b32,rate2,min_t_depth,134,2,2,0,0
trotter_t4_l2_b32,rate2,min_t_depth,135,2,2,0,0
trotter_t4_l2_b32,rate2,min_t_depth,136,2,2,0,0
trotter_t4_l2_b32,rate2,min_t_depth,137,2,2,0,0
trotter_t4_l2_b32,rate2,min_t_depth,138,0,2,2,0
trotter_t4_l2_b32,rate2,min_t_depth,139,0,2,4,0
trotter_t4_l2_b32,rate2,min_t_depth,140,0,2,6,0
trotter_t4_l2_b32,rate2,min_t_depth,141,0,2,8,0
trotter_t4_l2_b32,rate2,min_t_depth,142,0,2,10,0
trotter_t4_l2_b32,rate2,min_t_depth,143,12,2,0,0
trotter_t4_l2_b32,rate2,min_t_depth,144,2,2,0,0
trotter_t4_l2_b32,rate2,min_t_depth,145,2,2,0,0
trotter_t4_l2_b32,rate2,min_t_depth,146,2,2,0,0
trotter_t4_l2_b32,rate2,min_t_depth,147,2,2,0,0
trotter_t4_l2_b32,rate2,min_t_depth,148,2,2,0,0
trotter_t4_l2_b32,rate2,min_t_depth,149,2,2,0,0
trotter_t4_l2_b32,rate2,min_t_depth,150,2,2,0,0
trotter_t4_l2_b32,rate2,min_t_depth,151,2,2,0,0
trotter_t4_l2_b32,rate2,min_t_depth,152,2,2,0,0
trotter_t4_l2_b32,rate2,min_t_depth,153,2,2,0,0
trotter_t4_l2_b32,rate2,min_t_depth,154,2,2,0,0
trotter_t4_l2_b32,rate2,min_t_depth,155,2,2,0,0
trotter_t4_l2_b32,rate2,min_t_depth,156,2,2,0,0
trotter_t4_l2_b32,rate2,min_t_depth,157,2,2,0,0
trotter_t4_l2_b32,rate2,min_t_depth,158,2,2,0,0
trotter_t4_l2_b32,rate2,min_t_depth,159,2,2,0,0
trotter_t4_l2_b32,rate2,min_t_depth,160,2,2,0,0
trotter_t4_l2_b32,rate2,min_t_depth,161,2,2,0,0
trotter_t4_l2_b32,rate2,min_t_depth,162,2,2,0,0
trotter_t4_l2_b32,rate2,min_t_depth,163,2,2,0,0
trotter_t4_l2_b32,rate2,min_t_depth,164,2,2,0,0
trotter_t4_l2_b32,rate2,min_t_depth,165,2,2,0,0
trotter_t4_l2_b32,rate2,min_t_depth,166,2,2,0,0
trotter_t4_l2_b32,rate2,min_t_depth,167,2,2,0,0
trotter_t4_l2_b32,rate2,min_t_depth,168,2,2,0,0
trotter_t4_l2_b32,rate2,min_t_depth,169,2,2,0,0
trotter_t4_l2_b32,rate2,min_t_depth,170,2,2,0,0
trotter_t4_l2_b32,rate2,min_t_depth,171,2,2,0,0
trotter_t4_l2_b32,rate2,min_t_depth,172,2,2,0,0
trotter_t4_l2_b32,rate2,min_t_depth,173,2,2,0,0
trotter_t4_l2_b32,rate2,min_t_depth,174,2,2,0,0
trotter_t4_l2_b32,rate2,min_t_depth,175,2,2,0,0
trotter_t4_l2_b32,rate2,min_t_depth,176,2,2,0,0
trotter_t4_l2_b32,rate2,min_t_depth,177,2,2,0,0
trotter_t4_l2_b32,rate2,min_t_depth,178,2,2,0,0
trotter_t4_l2_b32,rate2,min_t_depth,179,2,2,0,0
trotter_t4_l2_b32,rate2,min_t_depth,180,2,2,0,0
trotter_t4_l2_b32,rate2,min_t_depth,181,2,2,0,0
trotter_t4_l2_b32,rate2,min_t_depth,182,2,2,0,0
trotter_t4_l2_b32,rate2,min_t_depth,183,2,2,0,0
trotter_t4_l2_b32,rate2,min_t_depth,184,2,2,0,0
trotter_t4_l2_b32,rate2,min_t_depth,185,2,2,0,0
trotter_t4_l2_b32,rate2,min_t_depth,186,2,2,0,0
trotter_t4_l2_b32,rate2,min_t_depth,187,2,2,0,0
trotter_t4_l2_b32,rate2,min_t_depth,188,2,2,0,0
trotter_t4_l2_b32,rate2,min_t_depth,189,2,2,0,0
trotter_t4_l2_b32,rate2,min_t_depth,190,2,2,0,0
trotter_t4_l2_b32,rate2,min_t_depth,191,2,2,0,0
trotter_t4_l2_b32,rate2,min_t_depth,192,2,2,0,0
trotter_t4_l2_b32,rate2,min_t_depth,193,2,2,0,0
trotter_t4_l2_b32,rate2,min_t_depth,194,2,2,0,0
trotter_t4_l2_b32,rate2,min_t_depth,195,2,2,0,0
trotter_t4_l2_b32,rate2,min_t_depth,196,2,2,0,0
trotter_t4_l2_b32,rate2,min_t_depth,197,2,2,0,0
trotter_t4_l2_b32,rate2,min_t_depth,198,2,2,0,0
trotter_t4_l2_b32,rate2,min_t_depth,199,2,2,0,0
trotter_t4_l2_b32,rate2,min_t_depth,200,2,2,0,0
trotter_t4_l2_b32,rate2,min_t_depth,201,2,2,0,0
trotter_t4_l2_b32,rate2,min_t_depth,202,2,2,0,0
trotter_t4_l2_b32,rate2,min_t_depth,203,2,2,0,0
trotter_t4_l2_b32,rate2,min_t_depth,204,2,2,0,0
trotter_t4_l2_b32,rate2,min_t_depth,205,2,2,0,0
trotter_t4_l2_b32,rate2,min_t_depth,206,2,2,0,0
trotter_t4_l2_b32,rate2,min_t_depth,207,2,2,0,0
trotter_t4_l2_b32,rate2,min_t_depth,208,2,2,0,0
trotter_t4_l2_b32,rate2,min_t_depth,209,2,2,0,0
trotter_t4_l2_b32,rate2,min_t_depth,210,2,2,0,0
trotter_t4_l2_b32,rate2,min_t_depth,211,2,2,0,0
trotter_t4_l2_b32,rate2,min_t_depth,212,2,2,0,0
trotter_t4_l2_b32,rate2,min_t_depth,213,2,2,0,0
trotter_t4_l2_b32,rate2,min_t_depth,214,2,2,0,0
trotter_t4_l2_b32,rate2,min_t_depth,215,2,2,0,0
trotter_t4_l2_b32,rate2,min_t_depth,216,2,2,0,0
trotter_t4_l2_b32,rate2,min_t_depth,217,2,2,0,0
trotter_t4_l2_b32,rate2,min_t_depth,218,2,2,0,0
trotter_t4_l2_b32,rate2,min_t_depth,219,2,2,0,0
trotter_t4_l2_b32,rate2,min_t_depth,220,2,2,0,0
trotter_t4_l2_b32,rate2,min_t_depth,221,2,2,0,0
trotter_t4_l2_b32,rate2,min_t_depth,222,2,2,0,0
trotter_t4_l2_b32,rate2,min_t_depth,223,2,2,0,0
trotter_t4_l2_b32,rate2,min_t_depth,224,2,2,0,0
trotter_t4_l2_b32,rate2,min_t_depth,225,2,2,0,0
trotter_t4_l2_b32,rate2,min_t_depth,226,2,2,0,0
trotter_t4_l2_b32,rate2,min_t_depth,227,2,2,0,0
trotter_t4_l2_b32,rate2,min_t_depth,228,2,2,0,0
trotter_t4_l2_b32,rate2,min_t_depth,229,2,2,0,0
trotter_t4_l2_b32,rate2,min_t_depth,230,2,2,0,0
trotter_t4_l2_b32,rate2,min_t_depth,231,2,2,0,0
trotter_t4_l2_b32,rate2,min_t_depth,232,2,2,0,0
trotter_t4_l2_b32,rate2,min_t_depth,233,2,2,0,0
trotter_t4_l2_b32,rate2,min_t_depth,234,2,2,0,0
trotter_t4_l2_b32,rate2,min_t_depth,235,2,2,0,0
trotter_t4_l2_b32,rate2,min_t_depth,236,2,2,0,0
trotter_t4_l2_b32,rate2,min_t_depth,237,2,2,0,0
trotter_t4_l2_b32,rate2,min_t_depth,238,2,2,0,0
trotter_t4_l2_b32,rate2,min_t_depth,239,2,2,0,0
trotter_t4_l2_b32,rate2,min_t_depth,240,2,2,0,0
trotter_t4_l2_b32,rate2,min_t_depth,241,2,2,0,0
trotter_t4_l2_b32,rate2,min_t_depth,242,2,2,0,0
trotter_t4_l2_b32,rate2,min_t_depth,243,2,2,0,0
trotter_t4_l2_b32,rate2,min_t_depth,244,2,2,0,0
trotter_t4_l2_b32,rate2,min_t_depth,245,2,2,0,0
trotter_t4_l2_b32,rate2,min_t_depth,246,2,2,0,0
trotter_t4_l2_b32,rate2,min_t_depth,247,2,2,0,0
trotter_t4_l2_b32,rate2,min_t_depth,248,2,2,0,0
trotter_t4_l2_b32,rate2,min_t_depth,249,2,2,0,0
trotter_t4_l2_b32,rate2,min_t_depth,250,2,2,0,0
trotter_t4_l2_b32,rate2,min_t_depth,251,2,2,0,0
trotter_t4_l2_b32,rate2,min_t_depth,252,2,2,0,0
trotter_t4_l2_b32,rate2,min_t_depth,253,2,2,0,0
trotter_t4_l2_b32,rate2,min_t_depth,254,2,2,0,0
trotter_t4_l2_b32,rate2,min_t_depth,255,2,2,0,0
trotter_t4_l2_b32,rate2,min_t_depth,256,2,2,0,0
trotter_t4_l2_b32,rate2,min_t_depth,257,2,2,0,0
trotter_t4_l2_b32,rate2,min_t_depth,258,2,2,0,0
trotter_t4_l2_b32,rate2,min_t_depth,259,2,2,0,0
trotter_t4_l2_b32,rate2,min_t_depth,260,2,2,0,0
trotter_t4_l2_b32,rate2,min_t_depth,261,2,2,0,0
trotter_t4_l2_b32,rate2,min_t_depth,262,2,2,0,0
trotter_t4_l2_b32,rate2,min_t_depth,263,2,2,0,0
trotter_t4_l2_b32,rate2,min_t_depth,264,2,2,0,0
trotter_t4_l2_b32,rate2,min_t_depth,265,2,2,0,0
trotter_t4_l2_b32,rate2,min_t_depth,266,0,2,2,0
trotter_t4_l2_b32,rate2,min_t_depth,267,0,2,4,0
trotter_t4_l2_b32,rate2,resource_aware,1,0,0,0,1
trotter_t4_l2_b32,rate2,resource_aware,2,0,0,0,1
trotter_t4_l2_b32,rate2,resource_aware,3,0,0,0,1
trotter_t4_l2_b32,rate2,resource_aware,4,0,0,0,1
trotter_t4_l2_b32,rate2,resource_aware,5,0,0,0,1
trotter_t4_l2_b32,rate2,resource_aware,6,0,0,0,1
trotter_t4_l2_b32,rate2,resource_aware,7,0,0,0,1
trotter_t4_l2_b32,rate2,resource_aware,8,0,0,0,1
trotter_t4_l2_b32,rate2,resource_aware,9,0,0,0,1
trotter_t4_l2_b32,rate2,resource_aware,10,2,2,0,0
trotter_t4_l2_b32,rate2,resource_aware,11,2,2,0,0
trotter_t4_l2_b32,rate2,resource_aware,12,2,2,0,0
trotter_t4_l2_b32,rate2,resource_aware,13,2,2,0,0
trotter_t4_l2_b32,rate2,resource_aware,14,2,2,0,0
trotter_t4_l2_b32,rate2,resource_aware,15,2,2,0,0
trotter_t4_l2_b32,rate2,resource_aware,16,2,2,0,0
trotter_t4_l2_b32,rate2,resource_aware,17,2,2,0,0
trotter_t4_l2_b32,rate2,resource_aware,18,2,2,0,0
trotter_t4_l2_b32,rate2,resource_aware,19,2,2,0,0
trotter_t4_l2_b32,rate2,resource_aware,20,2,2,0,0
trotter_t4_l2_b32,rate2,resource_aware,21,2,2,0,0
trotter_t4_l2_b32,rate2,resource_aware,22,2,2,0,0
trotter_t4_l2_b32,rate2,resource_aware,23,2,2,0,0
trotter_t4_l2_b32,rate2,resource_aware,24,2,2,0,0
trotter_t4_l2_b32,rate2,resource_aware,25,2,2,0,0
trotter_t4_l2_b32,rate2,resource_aware,26,2,2,0,0
trotter_t4_l2_b32,rate2,resource_aware,27,2,2,0,0
trotter_t4_l2_b32,rate2,resource_aware,28,2,2,0,0
trotter_t4_l2_b32,rate2,resource_aware,29,2,2,0,0
trotter_t4_l2_b32,rate2,resource_aware,30,2,2,0,0
trotter_t4_l2_b32,rate2,resource_aware,31,2,2,0,0
trotter_t4_l2_b32,rate2,resource_aware,32,2,2,0,0
trotter_t4_l2_b32,rate2,resource_aware,33,2,2,0,0
trotter_t4_l2_b32,rate2,resource_aware,34,2,2,0,0
trotter_t4_l2_b32,rate2,resource_aware,35,2,2,0,0
trotter_t4_l2_b32,rate2,resource_aware,36,2,2,0,0
trotter_t4_l2_b32,rate2,resource_aware,37,2,2,0,0
trotter_t4_l2_b32,rate2,resource_aware,38,2,2,0,0
trotter_t4_l2_b32,rate2,resource_aware,39,2,2,0,0
trotter_t4_l2_b32,rate2,resource_aware,40,2,2,0,0
trotter_t4_l2_b32,rate2,resource_aware,41,2,2,0,0
trotter_t4_l2_b32,rate2,resource_aware,42,2,2,0,0
trotter_t4_l2_b32,rate2,resource_aware,43,2,2,0,0
trotter_t4_l2_b32,rate2,resource_aware,44,2,2,0,0
trotter_t4_l2_b32,rate2,resource_aware,45,2,2,0,0
trotter_t4_l2_b32,rate2,resource_aware,46,2,2,0,0
trotter_t4_l2_b32,rate2,resource_aware,47,2,2,0,0
trotter_t4_l2_b32,rate2,resource_aware,48,2,2,0,0
trotter_t4_l2_b32,rate2,resource_aware,49,2,2,0,0
trotter_t4_l2_b32,rate2,resource_aware,50,2,2,0,0
trotter_t4_l2_b32,rate2,resource_aware,51,2,2,0,0
trotter_t4_l2_b32,rate2,resource_aware,52,2,2,0,0
trotter_t4_l2_b32,rate2,resource_aware,53,2,2,0,0
trotter_t4_l2_b32,rate2,resource_aware,54,2,2,0,0
trotter_t4_l2_b32,rate2,resource_aware,55,2,2,0,0
trotter_t4_l2_b32,rate2,resource_aware,56,2,2,0,0
trotter_t4_l2_b32,rate2,resource_aware,57,2,2,0,0
trotter_t4_l2_b32,rate2,resource_aware,58,2,2,0,0
trotter_t4_l2_b32,rate2,resource_aware,59,2,2,0,0
trotter_t4_l2_b32,rate2,resource_aware,60,2,2,0,0
trotter_t4_l2_b32,rate2,resource_aware,61,2,2,0,0
trotter_t4_l2_b32,rate2,resource_aware,62,2,2,0,0
trotter_t4_l2_b32,rate2,resource_aware,63,2,2,0,0
trotter_t4_l2_b32,rate2,resource_aware,64,2,2,0,0
trotter_t4_l2_b32,rate2,resource_aware,65,2,2,0,0
trotter_t4_l2_b32,rate2,resource_aware,66,2,2,0,0
trotter_t4_l2_b32,rate2,resource_aware,67,2,2,0,0
trotter_t4_l2_b32,rate2,resource_aware,68,2,2,0,0
trotter_t4_l2_b32,rate2,resource_aware,69,2,2,0,0
trotter_t4_l2_b32,rate2,resource_aware,70,2,2,0,0
trotter_t4_l2_b32,rate2,resource_aware,71,2,2,0,0
trotter_t4_l2_b32,rate2,resource_aware,72,2,2,0,0
trotter_t4_l2_b32,rate2,resource_aware,73,2,2,0,0
trotter_t4_l2_b32,rate2,resource_aware,74,0,2,2,0
trotter_t4_l2_b32,rate2,resource_aware,75,0,2,4,0
trotter_t4_l2_b32,rate2,resource_aware,76,0,2,6,0
trotter_t4_l2_b32,rate2,resource_aware,77,0,2,8,0
trotter_t4_l2_b32,rate2,resource_aware,78,0,2,10,0
trotter_t4_l2_b32,rate2,resource_aware,79,4,2,8,0
trotter_t4_l2_b32,rate2,resource_aware,80,0,2,10,0
trotter_t4_l2_b32,rate2,resource_aware,81,4,2,8,0
trotter_t4_l2_b32,rate2,resource_aware,82,0,2,10,0
trotter_t4_l2_b32,rate2,resource_aware,83,4,2,8,0
trotter_t4_l2_b32,rate2,resource_aware,84,0,2,10,0
trotter_t4_l2_b32,rate2,resource_aware,85,4,2,8,0
trotter_t4_l2_b32,rate2,resource_aware,86,0,2,10,0
trotter_t4_l2_b32,rate2,resource_aware,87,4,2,8,0
trotter_t4_l2_b32,rate2,resource_aware,88,0,2,10,0
trotter_t4_l2_b32,rate2,resource_aware,89,4,2,8,0
trotter_t4_l2_b32,rate2,resource_aware,90,0,2,10,0
trotter_t4_l2_b32,rate2,resource_aware,91,4,2,8,0
trotter_t4_l2_b32,rate2,resource_aware,92,0,2,10,0
trotter_t4_l2_b32,rate2,resource_aware,93,4,2,8,0
trotter_t4_l2_b32,rate2,resource_aware,94,0,2,10,0
trotter_t4_l2_b32,rate2,resource_aware,95,4,2,8,0
trotter_t4_l2_b32,rate2,resource_aware,96,0,2,10,0
trotter_t4_l2_b32,rate2,resource_aware,97,4,2,8,0
trotter_t4_l2_b32,rate2,resource_aware,98,0,2,10,0
trotter_t4_l2_b32,rate2,resource_aware,99,4,2,8,0
trotter_t4_l2_b32,rate2,resource_aware,100,0,2,10,0
trotter_t4_l2_b32,rate2,resource_aware,101,4,2,8,0
trotter_t4_l2_b32,rate2,resource_aware,102,0,2,10,0
trotter_t4_l2_b32,rate2,resource_aware,103,4,2,8,0
trotter_t4_l2_b32,rate2,resource_aware,104,0,2,10,0
trotter_t4_l2_b32,rate2,resource_aware,105,4,2,8,0
trotter_t4_l2_b32,rate2,resource_aware,106,0,2,10,0
trotter_t4_l2_b32,rate2,resource_aware,107,4,2,8,0
trotter_t4_l2_b32,rate2,resource_aware,108,0,2,10,0
trotter_t4_l2_b32,rate2,resource_aware,109,4,2,8,0
trotter_t4_l2_b32,rate2,resource_aware,110,0,2,10,0
trotter_t4_l2_b32,rate2,resource_aware,111,4,2,8,0
trotter_t4_l2_b32,rate2,resource_aware,112,0,2,10,0
trotter_t4_l2_b32,rate2,resource_aware,113,4,2,8,0
trotter_t4_l2_b32,rate2,resource_aware,114,0,2,10,0
trotter_t4_l2_b32,rate2,resource_aware,115,4,2,8,0
trotter_t4_l2_b32,rate2,resource_aware,116,0,2,10,0
trotter_t4_l2_b32,rate2,resource_aware,117,4,2,8,0
trotter_t4_l2_b32,rate2,resource_aware,118,0,2,10,0
trotter_t4_l2_b32,rate2,resource_aware,119,4,2,8,0
trotter_t4_l2_b32,rate2,resource_aware,120,0,2,10,0
trotter_t4_l2_b32,rate2,resource_aware,121,4,2,8,0
trotter_t4_l2_b32,rate2,resource_aware,122,0,2,10,0
trotter_t4_l2_b32,rate2,resource_aware,123,4,2,8,0
trotter_t4_l2_b32,rate2,resource_aware,124,0,2,10,0
trotter_t4_l2_b32,rate2,resource_aware,125,4,2,8,0
trotter_t4_l2_b32,rate2,resource_aware,126,0,2,10,0
trotter_t4_l2_b32,rate2,resource_aware,127,4,2,8,0
trotter_t4_l2_b32,rate2,resource_aware,128,0,2,10,0
trotter_t4_l2_b32,rate2,resource_aware,129,4,2,8,0
trotter_t4_l2_b32,rate2,resource_aware,130,0,2,10,0
trotter_t4_l2_b32,rate2,resource_aware,131,4,2,8,0
trotter_t4_l2_b32,rate2,resource_aware,132,0,2,10,0
trotter_t4_l2_b32,rate2,resource_aware,133,4,2,8,0
trotter_t4_l2_b32,rate2,resource_aware,134,0,2,10,0
trotter_t4_l2_b32,rate2,resource_aware,135,4,2,8,0
trotter_t4_l2_b32,rate2,resource_aware,136,0,2,10,0
trotter_t4_l2_b32,rate2,resource_aware,137,4,2,8,0
trotter_t4_l2_b32,rate2,resource_aware,138,0,2,10,0
trotter_t4_l2_b32,rate2,resource_aware,139,4,2,8,0
trotter_t4_l2_b32,rate2,resource_aware,140,0,2,10,0
trotter_t4_l2_b32,rate2,resource_aware,141,4,2,8,0
trotter_t4_l2_b32,rate2,resource_aware,142,0,2,10,0
trotter_t4_l2_b32,rate2,resource_aware,143,0,2,12,0
qft_q5_t32,rate2,min_t_depth,1,0,0,0,1
qft_q5_t32,rate2,min_t_depth,2,0,0,0,1
qft_q5_t32,rate2,min_t_depth,3,0,0,0,1
qft_q5_t32,rate2,min_t_depth,4,0,0,0,1
qft_q5_t32,rate2,min_t_depth,5,0,0,0,1
qft_q5_t32,rate2,min_t_depth,6,0,0,0,1
qft_q5_t32,rate2,min_t_depth,7,0,0,0,1
qft_q5_t32,rate2,min_t_depth,8,0,0,0,1
qft_q5_t32,rate2,min_t_depth,9,0,0,0,1
qft_q5_t32,rate2,min_t_depth,10,2,2,0,0
qft_q5_t32,rate2,min_t_depth,11,2,2,0,0
qft_q5_t32,rate2,min_t_depth,12,2,2,0,0
qft_q5_t32,rate2,min_t_depth,13,2,2,0,0
qft_q5_t32,rate2,min_t_depth,14,2,2,0,0
qft_q5_t32,rate2,min_t_depth,15,2,2,0,0
qft_q5_t32,rate2,min_t_depth,16,2,2,0,0
qft_q5_t32,rate2,min_t_depth,17,2,2,0,0
qft_q5_t32,rate2,min_t_depth,18,2,2,0,0
qft_q5_t32,rate2,min_t_depth,19,2,2,0,0
qft_q5_t32,rate2,min_t_depth,20,2,2,0,0
qft_q5_t32,rate2,min_t_depth,21,2,2,0,0
qft_q5_t32,rate2,min_t_depth,22,2,2,0,0
qft_q5_t32,rate2,min_t_depth,23,2,2,0,0
qft_q5_t32,rate2,min_t_depth,24,2,2,0,0
qft_q5_t32,rate2,min_t_depth,25,2,2,0,0
qft_q5_t32,rate2,min_t_depth,26,2,2,0,0
qft_q5_t32,rate2,min_t_depth,27,2,2,0,0
qft_q5_t32,rate2,min_t_depth,28,2,2,0,0
qft_q5_t32,rate2,min_t_depth,29,2,2,0,0
qft_q5_t32,rate2,min_t_depth,30,2,2,0,0
qft_q5_t32,rate2,min_t_depth,31,2,2,0,0
qft_q5_t32,rate2,min_t_depth,32,2,2,0,0
qft_q5_t32,rate2,min_t_depth,33,2,2,0,0
qft_q5_t32,rate2,min_t_depth,34,2,2,0,0
qft_q5_t32,rate2,min_t_depth,35,2,2,0,0
qft_q5_t32,rate2,min_t_depth,36,2,2,0,0
qft_q5_t32,rate2,min_t_depth,37,2,2,0,0
qft_q5_t32,rate2,min_t_depth,38,2,2,0,0
qft_q5_t32,rate2,min_t_depth,39,2,2,0,0
qft_q5_t32,rate2,min_t_depth,40,2,2,0,0
qft_q5_t32,rate2,min_t_depth,41,2,2,0,0
qft_q5_t32,rate2,min_t_depth,42,2,2,0,0
qft_q5_t32,rate2,min_t_depth,43,2,2,0,0
qft_q5_t32,rate2,min_t_depth,44,2,2,0,0
qft_q5_t32,rate2,min_t_depth,45,2,2,0,0
qft_q5_t32,rate2,min_t_depth,46,2,2,0,0
qft_q5_t32,rate2,min_t_depth,47,2,2,0,0
qft_q5_t32,rate2,min_t_depth,48,2,2,0,0
qft_q5_t32,rate2,min_t_depth,49,2,2,0,0
qft_q5_t32,rate2,min_t_depth,50,2,2,0,0
qft_q5_t32,rate2,min_t_depth,51,2,2,0,0
qft_q5_t32,rate2,min_t_depth,52,2,2,0,0
qft_q5_t32,rate2,min_t_depth,53,2,2,0,0
qft_q5_t32,rate2,min_t_depth,54,2,2,0,0
qft_q5_t32,rate2,min_t_depth,55,2,2,0,0
qft_q5_t32,rate2,min_t_depth,56,2,2,0,0
qft_q5_t32,rate2,min_t_depth,57,2,2,0,0
qft_q5_t32,rate2,min_t_depth,58,2,2,0,0
qft_q5_t32,rate2,min_t_depth,59,2,2,0,0
qft_q5_t32,rate2,min_t_depth,60,2,2,0,0
qft_q5_t32,rate2,min_t_depth,61,2,2,0,0
qft_q5_t32,rate2,min_t_depth,62,2,2,0,0
qft_q5_t32,rate2,min_t_depth,63,2,2,0,0
qft_q5_t32,rate2,min_t_depth,64,2,2,0,0
qft_q5_t32,rate2,min_t_depth,65,2,2,0,0
qft_q5_t32,rate2,min_t_depth,66,2,2,0,0
qft_q5_t32,rate2,min_t_depth,67,2,2,0,0
qft_q5_t32,rate2,min_t_depth,68,2,2,0,0
qft_q5_t32,rate2,min_t_depth,69,2,2,0,0
qft_q5_t32,rate2,min_t_depth,70,2,2,0,0
qft_q5_t32,rate2,min_t_depth,71,2,2,0,0
qft_q5_t32,rate2,min_t_depth,72,2,2,0,0
qft_q5_t32,rate2,min_t_depth,73,2,2,0,0
qft_q5_t32,rate2,min_t_depth,74,2,2,0,0
qft_q5_t32,rate2,min_t_depth,75,2,2,0,0
qft_q5_t32,rate2,min_t_depth,76,2,2,0,0
qft_q5_t32,rate2,min_t_depth,77,2,2,0,0
qft_q5_t32,rate2,min_t_depth,78,2,2,0,0
qft_q5_t32,rate2,min_t_depth,79,2,2,0,0
qft_q5_t32,rate2,min_t_depth,80,2,2,0,0
qft_q5_t32,rate2,min_t_depth,81,2,2,0,0
qft_q5_t32,rate2,min_t_depth,82,2,2,0,0
qft_q5_t32,rate2,min_t_depth,83,2,2,0,0
qft_q5_t32,rate2,min_t_depth,84,2,2,0,0
qft_q5_t32,rate2,min_t_depth,85,2,2,0,0
qft_q5_t32,rate2,min_t_depth,86,2,2,0,0
qft_q5_t32,rate2,min_t_depth,87,2,2,0,0
qft_q5_t32,rate2,min_t_depth,88,2,2,0,0
qft_q5_t32,rate2,min_t_depth,89,2,2,0,0
qft_q5_t32,rate2,min_t_depth,90,2,2,0,0
qft_q5_t32,rate2,min_t_depth,91,2,2,0,0
qft_q5_t32,rate2,min_t_depth,92,2,2,0,0
qft_q5_t32,rate2,min_t_depth,93,2,2,0,0
qft_q5_t32,rate2,min_t_depth,94,2,2,0,0
qft_q5_t32,rate2,min_t_depth,95,2,2,0,0
qft_q5_t32,rate2,min_t_depth,96,2,2,0,0
qft_q5_t32,rate2,min_t_depth,97,2,2,0,0
qft_q5_t32,rate2,min_t_depth,98,2,2,0,0
qft_q5_t32,rate2,min_t_depth,99,2,2,0,0
qft_q5_t32,rate2,min_t_depth,100,2,2,0,0
qft_q5_t32,rate2,min_t_depth,101,2,2,0,0
qft_q5_t32,rate2,min_t_depth,102,2,2,0,0
qft_q5_t32,rate2,min_t_depth,103,2,2,0,0
qft_q5_t32,rate2,min_t_depth,104,2,2,0,0
qft_q5_t32,rate2,min_t_depth,105,2,2,0,0
qft_q5_t32,rate2,min_t_depth,106,2,2,0,0
qft_q5_t32,rate2,min_t_depth,107,2,2,0,0
qft_q5_t32,rate2,min_t_depth,108,2,2,0,0
qft_q5_t32,rate2,min_t_depth,109,2,2,0,0
qft_q5_t32,rate2,min_t_depth,110,2,2,0,0
qft_q5_t32,rate2,min_t_depth,111,2,2,0,0
qft_q5_t32,rate2,min_t_depth,112,2,2,0,0
qft_q5_t32,rate2,min_t_depth,113,2,2,0,0
qft_q5_t32,rate2,min_t_depth,114,2,2,0,0
qft_q5_t32,rate2,min_t_depth,115,2,2,0,0
qft_q5_t32,rate2,min_t_depth,116,2,2,0,0
qft_q5_t32,rate2,min_t_depth,117,2,2,0,0
qft_q5_t32,rate2,min_t_depth,118,2,2,0,0
qft_q5_t32,rate2,min_t_depth,119,2,2,0,0
qft_q5_t32,rate2,min_t_depth,120,2,2,0,0
qft_q5_t32,rate2,min_t_depth,121,2,2,0,0
qft_q5_t32,rate2,min_t_depth,122,2,2,0,0
qft_q5_t32,rate2,min_t_depth,123,2,2,0,0
qft_q5_t32,rate2,min_t_depth,124,2,2,0,0
qft_q5_t32,rate2,min_t_depth,125,2,2,0,0
qft_q5_t32,rate2,min_t_depth,126,2,2,0,0
qft_q5_t32,rate2,min_t_depth,127,2,2,0,0
qft_q5_t32,rate2,min_t_depth,128,2,2,0,0
qft_q5_t32,rate2,min_t_depth,129,2,2,0,0
qft_q5_t32,rate2,min_t_depth,130,2,2,0,0
qft_q5_t32,rate2,min_t_depth,131,2,2,0,0
qft_q5_t32,rate2,min_t_depth,132,2,2,0,0
qft_q5_t32,rate2,min_t_depth,133,2,2,0,0
qft_q5_t32,rate2,min_t_depth,134,2,2,0,0
qft_q5_t32,rate2,min_t_depth,135,2,2,0,0
qft_q5_t32,rate2,min_t_depth,136,2,2,0,0
qft_q5_t32,rate2,min_t_depth,137,2,2,0,0
qft_q5_t32,rate2,min_t_depth,138,0,2,2,0
qft_q5_t32,rate2,min_t_depth,139,0,2,4,0
qft_q5_t32,rate2,min_t_depth,140,0,2,6,0
qft_q5_t32,rate2,min_t_depth,141,0,2,8,0
qft_q5_t32,rate2,min_t_depth,142,0,2,10,0
qft_q5_t32,rate2,min_t_depth,143,12,2,0,0
qft_q5_t32,rate2,min_t_depth,144,2,2,0,0
qft_q5_t32,rate2,min_t_depth,145,2,2,0,0
qft_q5_t32,rate2,min_t_depth,146,2,2,0,0
qft_q5_t32,rate2,min_t_depth,147,2,2,0,0
qft_q5_t32,rate2,min_t_depth,148,2,2,0,0
qft_q5_t32,rate2,min_t_depth,149,2,2,0,0
qft_q5_t32,rate2,min_t_depth,150,2,2,0,0
qft_q5_t32,rate2,min_t_depth,151,2,2,0,0
qft_q5_t32,rate2,min_t_depth,152,2,2,0,0
qft_q5_t32,rate2,min_t_depth,153,2,2,0,0
qft_q5_t32,rate2,min_t_depth,154,2,2,0,0
qft_q5_t32,rate2,min_t_depth,155,2,2,0,0
qft_q5_t32,rate2,min_t_depth,156,2,2,0,0
qft_q5_t32,rate2,min_t_depth,157,2,2,0,0
qft_q5_t32,rate2,min_t_depth,158,2,2,0,0
qft_q5_t32,rate2,min_t_depth,159,2,2,0,0
qft_q5_t32,rate2,min_t_depth,160,2,2,0,0
qft_q5_t32,rate2,min_t_depth,161,2,2,0,0
qft_q5_t32,rate2,min_t_depth,162,2,2,0,0
qft_q5_t32,rate2,min_t_depth,163,2,2,0,0
qft_q5_t32,rate2,min_t_depth,164,2,2,0,0
qft_q5_t32,rate2,min_t_depth,165,2,2,0,0
qft_q5_t32,rate2,min_t_depth,166,2,2,0,0
qft_q5_t32,rate2,min_t_depth,167,2,2,0,0
qft_q5_t32,rate2,min_t_depth,168,2,2,0,0
qft_q5_t32,rate2,min_t_depth,169,2,2,0,0
qft_q5_t32,rate2,min_t_depth,170,2,2,0,0
qft_q5_t32,rate2,min_t_depth,171,2,2,0,0
qft_q5_t32,rate2,min_t_depth,172,2,2,0,0
qft_q5_t32,rate2,min_t_depth,173,2,2,0,0
qft_q5_t32,rate2,min_t_depth,174,2,2,0,0
qft_q5_t32,rate2,min_t_depth,175,2,2,0,0
qft_q5_t32,rate2,min_t_depth,176,2,2,0,0
qft_q5_t32,rate2,min_t_depth,177,2,2,0,0
qft_q5_t32,rate2,min_t_depth,178,2,2,0,0
qft_q5_t32,rate2,min_t_depth,179,2,2,0,0
qft_q5_t32,rate2,min_t_depth,180,2,2,0,0
qft_q5_t32,rate2,min_t_depth,181,2,2,0,0
qft_q5_t32,rate2,min_t_depth,182,2,2,0,0
qft_q5_t32,rate2,min_t_depth,183,2,2,0,0
qft_q5_t32,rate2,min_t_depth,184,2,2,0,0
qft_q5_t32,rate2,min_t_depth,185,2,2,0,0
qft_q5_t32,rate2,min_t_depth,186,2,2,0,0
qft_q5_t32,rate2,min_t_depth,187,2,2,0,0
qft_q5_t32,rate2,min_t_depth,188,2,2,0,0
qft_q5_t32,rate2,min_t_depth,189,2,2,0,0
qft_q5_t32,rate2,min_t_depth,190,2,2,0,0
qft_q5_t32,rate2,min_t_depth,191,2,2,0,0
qft_q5_t32,rate2,min_t_depth,192,2,2,0,0
qft_q5_t32,rate2,min_t_depth,193,2,2,0,0
qft_q5_t32,rate2,min_t_depth,194,2,2,0,0
qft_q5_t32,rate2,min_t_depth,195,2,2,0,0
qft_q5_t32,rate2,min_t_depth,196,2,2,0,0
qft_q5_t32,rate2,min_t_depth,197,2,2,0,0
qft_q5_t32,rate2,min_t_depth,198,2,2,0,0
qft_q5_t32,rate2,min_t_depth,199,2,2,0,0
qft_q5_t32,rate2,min_t_depth,200,2,2,0,0
qft_q5_t32,rate2,min_t_depth,201,2,2,0,0
qft_q5_t32,rate2,min_t_depth,202,2,2,0,0
qft_q5_t32,rate2,min_t_depth,203,2,2,0,0
qft_q5_t32,rate2,min_t_depth,204,2,2,0,0
qft_q5_t32,rate2,min_t_depth,205,2,2,0,0
qft_q5_t32,rate2,min_t_depth,206,2,2,0,0
qft_q5_t32,rate2,min_t_depth,207,2,2,0,0
qft_q5_t32,rate2,min_t_depth,208,2,2,0,0
qft_q5_t32,rate2,min_t_depth,209,2,2,0,0
qft_q5_t32,rate2,min_t_depth,210,2,2,0,0
qft_q5_t32,rate2,min_t_depth,211,2,2,0,0
qft_q5_t32,rate2,min_t_depth,212,2,2,0,0
qft_q5_t32,rate2,min_t_depth,213,2,2,0,0
qft_q5_t32,rate2,min_t_depth,214,2,2,0,0
qft_q5_t32,rate2,min_t_depth,215,2,2,0,0
qft_q5_t32,rate2,min_t_depth,216,2,2,0,0
qft_q5_t32,rate2,min_t_depth,217,2,2,0,0
qft_q5_t32,rate2,min_t_depth,218,2,2,0,0
qft_q5_t32,rate2,min_t_depth,219,2,2,0,0
qft_q5_t32,rate2,min_t_depth,220,2,2,0,0
qft_q5_t32,rate2,min_t_depth,221,2,2,0,0
qft_q5_t32,rate2,min_t_depth,222,2,2,0,0
qft_q5_t32,rate2,min_t_depth,223,2,2,0,0
qft_q5_t32,rate2,min_t_depth,224,2,2,0,0
qft_q5_t32,rate2,min_t_depth,225,2,2,0,0
qft_q5_t32,rate2,min_t_depth,226,2,2,0,0
qft_q5_t32,rate2,min_t_depth,227,2,2,0,0
qft_q5_t32,rate2,min_t_depth,228,2,2,0,0
qft_q5_t32,rate2,min_t_depth,229,2,2,0,0
qft_q5_t32,rate2,min_t_depth,230,2,2,0,0
qft_q5_t32,rate2,min_t_depth,231,2,2,0,0
qft_q5_t32,rate2,min_t_depth,232,2,2,0,0
qft_q5_t32,rate2,min_t_depth,233,2,2,0,0
qft_q5_t32,rate2,min_t_depth,234,0,2,2,0
qft_q5_t32,rate2,min_t_depth,235,0,2,4,0
qft_q5_t32,rate2,min_t_depth,236,0,2,6,0
qft_q5_t32,rate2,min_t_depth,237,0,2,8,0
qft_q5_t32,rate2,min_t_depth,238,0,2,10,0
qft_q5_t32,rate2,min_t_depth,239,12,2,0,0
qft_q5_t32,rate2,min_t_depth,240,2,2,0,0
qft_q5_t32,rate2,min_t_depth,241,2,2,0,0
qft_q5_t32,rate2,min_t_depth,242,2,2,0,0
qft_q5_t32,rate2,min_t_depth,243,2,2,0,0
qft_q5_t32,rate2,min_t_depth,244,2,2,0,0
qft_q5_t32,rate2,min_t_depth,245,2,2,0,0
qft_q5_t32,rate2,min_t_depth,246,2,2,0,0
qft_q5_t32,rate2,min_t_depth,247,2,2,0,0
qft_q5_t32,rate2,min_t_depth,248,2,2,0,0
qft_q5_t32,rate2,min_t_depth,249,2,2,0,0
qft_q5_t32,rate2,min_t_depth,250,2,2,0,0
qft_q5_t32,rate2,min_t_depth,251,2,2,0,0
qft_q5_t32,rate2,min_t_depth,252,2,2,0,0
qft_q5_t32,rate2,min_t_depth,253,2,2,0,0
qft_q5_t32,rate2,min_t_depth,254,2,2,0,0
qft_q5_t32,rate2,min_t_depth,255,2,2,0,0
qft_q5_t32,rate2,min_t_depth,256,2,2,0,0
qft_q5_t32,rate2,min_t_depth,257,2,2,0,0
qft_q5_t32,rate2,min_t_depth,258,2,2,0,0
qft_q5_t32,rate2,min_t_depth,259,2,2,0,0
qft_q5_t32,rate2,min_t_depth,260,2,2,0,0
qft_q5_t32,rate2,min_t_depth,261,2,2,0,0
qft_q5_t32,rate2,min_t_depth,262,2,2,0,0
qft_q5_t32,rate2,min_t_depth,263,2,2,0,0
qft_q5_t32,rate2,min_t_depth,264,2,2,0,0
qft_q5_t32,rate2,min_t_depth,265,2,2,0,0
qft_q5_t32,rate2,min_t_depth,266,2,2,0,0
qft_q5_t32,rate2,min_t_depth,267,2,2,0,0
qft_q5_t32,rate2,min_t_depth,268,2,2,0,0
qft_q5_t32,rate2,min_t_depth,269,2,2,0,0
qft_q5_t32,rate2,min_t_depth,270,2,2,0,0
qft_q5_t32,rate2,min_t_depth,271,2,2,0,0
qft_q5_t32,rate2,min_t_depth,272,2,2,0,0
qft_q5_t32,rate2,min_t_depth,273,2,2,0,0
qft_q5_t32,rate2,min_t_depth,274,2,2,0,0
qft_q5_t32,rate2,min_t_depth,275,2,2,0,0
qft_q5_t32,rate2,min_t_depth,276,2,2,0,0
qft_q5_t32,rate2,min_t_depth,277,2,2,0,0
qft_q5_t32,rate2,min_t_depth,278,2,2,0,0
qft_q5_t32,rate2,min_t_depth,279,2,2,0,0
qft_q5_t32,rate2,min_t_depth,280,2,2,0,0
qft_q5_t32,rate2,min_t_depth,281,2,2,0,0
qft_q5_t32,rate2,min_t_depth,282,2,2,0,0
qft_q5_t32,rate2,min_t_depth,283,2,2,0,0
qft_q5_t32,rate2,min_t_depth,284,2,2,0,0
qft_q5_t32,rate2,min_t_depth,285,2,2,0,0
qft_q5_t32,rate2,min_t_depth,286,2,2,0,0
qft_q5_t32,rate2,min_t_depth,287,2,2,0,0
qft_q5_t32,rate2,min_t_depth,288,2,2,0,0
qft_q5_t32,rate2,min_t_depth,289,2,2,0,0
qft_q5_t32,rate2,min_t_depth,290,2,2,0,0
qft_q5_t32,rate2,min_t_depth,291,2,2,0,0
qft_q5_t32,rate2,min_t_depth,292,2,2,0,0
qft_q5_t32,rate2,min_t_depth,293,2,2,0,0
qft_q5_t32,rate2,min_t_depth,294,2,2,0,0
qft_q5_t32,rate2,min_t_depth,295,2,2,0,0
qft_q5_t32,rate2,min_t_depth,296,2,2,0,0
qft_q5_t32,rate2,min_t_depth,297,2,2,0,0
qft_q5_t32,rate2,min_t_depth,298,0,2,2,0
qft_q5_t32,rate2,min_t_depth,299,0,2,4,0
qft_q5_t32,rate2,min_t_depth,300,0,2,6,0
qft_q5_t32,rate2,min_t_depth,301,0,2,8,0
qft_q5_t32,rate2,min_t_depth,302,0,2,10,0
qft_q5_t32,rate2,min_t_depth,303,12,2,0,0
qft_q5_t32,rate2,min_t_depth,304,2,2,0,0
qft_q5_t32,rate2,min_t_depth,305,2,2,0,0
qft_q5_t32,rate2,min_t_depth,306,0,2,2,0
qft_q5_t32,rate2,min_t_depth,307,4,2,0,0
qft_q5_t32,rate2,min_t_depth,308,2,2,0,0
qft_q5_t32,rate2,min_t_depth,309,2,2,0,0
qft_q5_t32,rate2,min_t_depth,310,2,2,0,0
qft_q5_t32,rate2,min_t_depth,311,2,2,0,0
qft_q5_t32,rate2,min_t_depth,312,2,2,0,0
qft_q5_t32,rate2,min_t_depth,313,2,2,0,0
qft_q5_t32,rate2,min_t_depth,314,0,2,2,0
qft_q5_t32,rate2,min_t_depth,315,4,2,0,0
qft_q5_t32,rate2,min_t_depth,316,2,2,0,0
qft_q5_t32,rate2,min_t_depth,317,2,2,0,0
qft_q5_t32,rate2,min_t_depth,318,2,2,0,0
qft_q5_t32,rate2,min_t_depth,319,2,2,0,0
qft_q5_t32,rate2,min_t_depth,320,2,2,0,0
qft_q5_t32,rate2,min_t_depth,321,2,2,0,0
qft_q5_t32,rate2,min_t_depth,322,0,2,2,0
qft_q5_t32,rate2,min_t_depth,323,4,2,0,0
qft_q5_t32,rate2,min_t_depth,324,2,2,0,0
qft_q5_t32,rate2,min_t_depth,325,2,2,0,0
qft_q5_t32,rate2,min_t_depth,326,2,2,0,0
qft_q5_t32,rate2,min_t_depth,327,2,2,0,0
qft_q5_t32,rate2,min_t_depth,328,2,2,0,0
qft_q5_t32,rate2,min_t_depth,329,2,2,0,0
qft_q5_t32,rate2,min_t_depth,330,0,2,2,0
qft_q5_t32,rate2,min_t_depth,331,0,2,4,0
qft_q5_t32,rate2,resource_aware,1,0,0,0,1
qft_q5_t32,rate2,resource_aware,2,0,0,0,1
qft_q5_t32,rate2,resource_aware,3,0,0,0,1
qft_q5_t32,rate2,resource_aware,4,0,0,0,1
qft_q5_t32,rate2,resource_aware,5,0,0,0,1
qft_q5_t32,rate2,resource_aware,6,0,0,0,1
qft_q5_t32,rate2,resource_aware,7,0,0,0,1
qft_q5_t32,rate2,resource_aware,8,0,0,0,1
qft_q5_t32,rate2,resource_aware,9,0,0,0,1
qft_q5_t32,rate2,resource_aware,10,2,2,0,0
qft_q5_t32,rate2,resource_aware,11,2,2,0,0
qft_q5_t32,rate2,resource_aware,12,2,2,0,0
qft_q5_t32,rate2,resource_aware,13,2,2,0,0
qft_q5_t32,rate2,resource_aware,14,2,2,0,0
qft_q5_t32,rate2,resource_aware,15,2,2,0,0
qft_q5_t32,rate2,resource_aware,16,2,2,0,0
qft_q5_t32,rate2,resource_aware,17,2,2,0,0
qft_q5_t32,rate2,resource_aware,18,2,2,0,0
qft_q5_t32,rate2,resource_aware,19,2,2,0,0
qft_q5_t32,rate2,resource_aware,20,2,2,0,0
qft_q5_t32,rate2,resource_aware,21,2,2,0,0
qft_q5_t32,rate2,resource_aware,22,2,2,0,0
qft_q5_t32,rate2,resource_aware,23,2,2,0,0
qft_q5_t32,rate2,resource_aware,24,2,2,0,0
qft_q5_t32,rate2,resource_aware,25,2,2,0,0
qft_q5_t32,rate2,resource_aware,26,2,2,0,0
qft_q5_t32,rate2,resource_aware,27,2,2,0,0
qft_q5_t32,rate2,resource_aware,28,2,2,0,0
qft_q5_t32,rate2,resource_aware,29,2,2,0,0
qft_q5_t32,rate2,resource_aware,30,2,2,0,0
qft_q5_t32,rate2,resource_aware,31,2,2,0,0
qft_q5_t32,rate2,resource_aware,32,2,2,0,0
qft_q5_t32,rate2,resource_aware,33,2,2,0,0
qft_q5_t32,rate2,resource_aware,34,2,2,0,0
qft_q5_t32,rate2,resource_aware,35,2,2,0,0
qft_q5_t32,rate2,resource_aware,36,2,2,0,0
qft_q5_t32,rate2,resource_aware,37,2,2,0,0
qft_q5_t32,rate2,resource_aware,38,2,2,0,0
qft_q5_t32,rate2,resource_aware,39,2,2,0,0
qft_q5_t32,rate2,resource_aware,40,2,2,0,0
qft_q5_t32,rate2,resource_aware,41,2,2,0,0
qft_q5_t32,rate2,resource_aware,42,2,2,0,0
qft_q5_t32,rate2,resource_aware,43,2,2,0,0
qft_q5_t32,rate2,resource_aware,44,2,2,0,0
qft_q5_t32,rate2,resource_aware,45,2,2,0,0
qft_q5_t32,rate2,resource_aware,46,2,2,0,0
qft_q5_t32,rate2,resource_aware,47,2,2,0,0
qft_q5_t32,rate2,resource_aware,48,2,2,0,0
qft_q5_t32,rate2,resource_aware,49,2,2,0,0
qft_q5_t32,rate2,resource_aware,50,2,2,0,0
qft_q5_t32,rate2,resource_aware,51,2,2,0,0
qft_q5_t32,rate2,resource_aware,52,2,2,0,0
qft_q5_t32,rate2,resource_aware,53,2,2,0,0
qft_q5_t32,rate2,resource_aware,54,2,2,0,0
qft_q5_t32,rate2,resource_aware,55,2,2,0,0
qft_q5_t32,rate2,resource_aware,56,2,2,0,0
qft_q5_t32,rate2,resource_aware,57,2,2,0,0
qft_q5_t32,rate2,resource_aware,58,2,2,0,0
qft_q5_t32,rate2,resource_aware,59,2,2,0,0
qft_q5_t32,rate2,resource_aware,60,2,2,0,0
qft_q5_t32,rate2,resource_aware,61,2,2,0,0
qft_q5_t32,rate2,resource_aware,62,2,2,0,0
qft_q5_t32,rate2,resource_aware,63,2,2,0,0
qft_q5_t32,rate2,resource_aware,64,2,2,0,0
qft_q5_t32,rate2,resource_aware,65,2,2,0,0
qft_q5_t32,rate2,resource_aware,66,2,2,0,0
qft_q5_t32,rate2,resource_aware,67,2,2,0,0
qft_q5_t32,rate2,resource_aware,68,2,2,0,0
qft_q5_t32,rate2,resource_aware,69,2,2,0,0
qft_q5_t32,rate2,resource_aware,70,2,2,0,0
qft_q5_t32,rate2,resource_aware,71,2,2,0,0
qft_q5_t32,rate2,resource_aware,72,2,2,0,0
qft_q5_t32,rate2,resource_aware,73,2,2,0,0
qft_q5_t32,rate2,resource_aware,74,0,2,2,0
qft_q5_t32,rate2,resource_aware,75,0,2,4,0
qft_q5_t32,rate2,resource_aware,76,0,2,6,0
qft_q5_t32,rate2,resource_aware,77,0,2,8,0
qft_q5_t32,rate2,resource_aware,78,0,2,10,0
qft_q5_t32,rate2,resource_aware,79,3,2,9,0
qft_q5_t32,rate2,resource_aware,80,0,2,11,0
qft_q5_t32,rate2,resource_aware,81,3,2,10,0
qft_q5_t32,rate2,resource_aware,82,0,2,12,0
qft_q5_t32,rate2,resource_aware,83,3,2,11,0
qft_q5_t32,rate2,resource_aware,84,0,2,13,0
qft_q5_t32,rate2,resource_aware,85,3,2,12,0
qft_q5_t32,rate2,resource_aware,86,0,2,14,0
qft_q5_t32,rate2,resource_aware,87,3,2,13,0
qft_q5_t32,rate2,resource_aware,88,0,2,15,0
qft_q5_t32,rate2,resource_aware,89,3,2,14,0
qft_q5_t32,rate2,resource_aware,90,0,2,16,0
qft_q5_t32,rate2,resource_aware,91,3,2,15,0
qft_q5_t32,rate2,resource_aware,92,0,2,17,0
qft_q5_t32,rate2,resource_aware,93,3,2,16,0
qft_q5_t32,rate2,resource_aware,94,0,2,18,0
qft_q5_t32,rate2,resource_aware,95,3,2,17,0
qft_q5_t32,rate2,resource_aware,96,0,2,19,0
qft_q5_t32,rate2,resource_aware,97,3,2,18,0
qft_q5_t32,rate2,resource_aware,98,0,2,20,0
qft_q5_t32,rate2,resource_aware,99,3,2,19,0
qft_q5_t32,rate2,resource_aware,100,0,2,21,0
qft_q5_t32,rate2,resource_aware,101,3,2,20,0
qft_q5_t32,rate2,resource_aware,102,0,2,22,0
qft_q5_t32,rate2,resource_aware,103,3,2,21,0
qft_q5_t32,rate2,resource_aware,104,0,2,23,0
qft_q5_t32,rate2,resource_aware,105,3,2,22,0
qft_q5_t32,rate2,resource_aware,106,0,2,24,0
qft_q5_t32,rate2,resource_aware,107,3,2,23,0
qft_q5_t32,rate2,resource_aware,108,0,2,25,0
qft_q5_t32,rate2,resource_aware,109,3,2,24,0
qft_q5_t32,rate2,resource_aware,110,0,2,26,0
qft_q5_t32,rate2,resource_aware,111,3,2,25,0
qft_q5_t32,rate2,resource_aware,112,0,2,27,0
qft_q5_t32,rate2,resource_aware,113,3,2,26,0
qft_q5_t32,rate2,resource_aware,114,0,2,28,0
qft_q5_t32,rate2,resource_aware,115,3,2,27,0
qft_q5_t32,rate2,resource_aware,116,0,2,29,0
qft_q5_t32,rate2,resource_aware,117,3,2,28,0
qft_q5_t32,rate2,resource_aware,118,0,2,30,0
qft_q5_t32,rate2,resource_aware,119,3,2,29,0
qft_q5_t32,rate2,resource_aware,120,0,2,31,0
qft_q5_t32,rate2,resource_aware,121,3,1,29,0
qft_q5_t32,rate2,resource_aware,122,0,2,31,0
qft_q5_t32,rate2,resource_aware,123,3,1,29,0
qft_q5_t32,rate2,resource_aware,124,0,2,31,0
qft_q5_t32,rate2,resource_aware,125,3,1,29,0
qft_q5_t32,rate2,resource_aware,126,0,2,31,0
qft_q5_t32,rate2,resource_aware,127,3,1,29,0
qft_q5_t32,rate2,resource_aware,128,0,2,31,0
qft_q5_t32,rate2,resource_aware,129,3,1,29,0
qft_q5_t32,rate2,resource_aware,130,0,2,31,0
qft_q5_t32,rate2,resource_aware,131,3,1,29,0
qft_q5_t32,rate2,resource_aware,132,0,2,31,0
qft_q5_t32,rate2,resource_aware,133,3,1,29,0
qft_q5_t32,rate2,resource_aware,134,0,2,31,0
qft_q5_t32,rate2,resource_aware,135,3,1,29,0
qft_q5_t32,rate2,resource_aware,136,0,2,31,0
qft_q5_t32,rate2,resource_aware,137,3,1,29,0
qft_q5_t32,rate2,resource_aware,138,0,2,31,0
qft_q5_t32,rate2,resource_aware,139,3,1,29,0
qft_q5_t32,rate2,resource_aware,140,0,2,31,0
qft_q5_t32,rate2,resource_aware,141,3,1,29,0
qft_q5_t32,rate2,resource_aware,142,0,2,31,0
qft_q5_t32,rate2,resource_aware,143,0,1,32,0
qft_q5_t32,rate2,resource_aware,144,0,0,32,0
qft_q5_t32,rate2,resource_aware,145,0,0,32,0
qft_q5_t32,rate2,resource_aware,146,0,0,32,0
qft_q5_t32,rate2,resource_aware,147,8,0,24,0
qft_q5_t32,rate2,resource_aware,148,0,2,26,0
qft_q5_t32,rate2,resource_aware,149,8,2,20,0
qft_q5_t32,rate2,resource_aware,150,0,2,22,0
qft_q5_t32,rate2,resource_aware,151,8,2,16,0
qft_q5_t32,rate2,resource_aware,152,0,2,18,0
qft_q5_t32,rate2,resource_aware,153,8,2,12,0
qft_q5_t32,rate2,resource_aware,154,0,2,14,0
qft_q5_t32,rate2,resource_aware,155,8,2,8,0
qft_q5_t32,rate2,resource_aware,156,0,2,10,0
qft_q5_t32,rate2,resource_aware,157,8,2,4,0
qft_q5_t32,rate2,resource_aware,158,0,2,6,0
qft_q5_t32,rate2,resource_aware,159,8,2,0,0
qft_q5_t32,rate2,resource_aware,160,0,2,2,0
qft_q5_t32,rate2,resource_aware,161,4,2,0,0
qft_q5_t32,rate2,resource_aware,162,2,2,0,0
qft_q5_t32,rate2,resource_aware,163,2,2,0,0
qft_q5_t32,rate2,resource_aware,164,2,2,0,0
qft_q5_t32,rate2,resource_aware,165,2,2,0,0
qft_q5_t32,rate2,resource_aware,166,2,2,0,0
qft_q5_t32,rate2,resource_aware,167,2,2,0,0
qft_q5_t32,rate2,resource_aware,168,2,2,0,0
qft_q5_t32,rate2,resource_aware,169,2,2,0,0
qft_q5_t32,rate2,resource_aware,170,2,2,0,0
qft_q5_t32,rate2,resource_aware,171,2,2,0,0
qft_q5_t32,rate2,resource_aware,172,2,2,0,0
qft_q5_t32,rate2,resource_aware,173,2,2,0,0
qft_q5_t32,rate2,resource_aware,174,2,2,0,0
qft_q5_t32,rate2,resource_aware,175,2,2,0,0
qft_q5_t32,rate2,resource_aware,176,2,2,0,0
qft_q5_t32,rate2,resource_aware,177,2,2,0,0
qft_q5_t32,rate2,resource_aware,178,2,2,0,0
qft_q5_t32,rate2,resource_aware,179,2,2,0,0
qft_q5_t32,rate2,resource_aware,180,0,2,2,0
qft_q5_t32,rate2,resource_aware,181,0,2,4,0
qft_q5_t32,rate2,resource_aware,182,0,2,6,0
qft_q5_t32,rate2,resource_aware,183,0,2,8,0
qft_q5_t32,rate2,resource_aware,184,0,2,10,0
qft_q5_t32,rate2,resource_aware,185,8,2,4,0
qft_q5_t32,rate2,resource_aware,186,0,2,6,0
qft_q5_t32,rate2,resource_aware,187,8,2,0,0
qft_q5_t32,rate2,resource_aware,188,0,2,2,0
qft_q5_t32,rate2,resource_aware,189,4,2,0,0
qft_q5_t32,rate2,resource_aware,190,2,2,0,0
qft_q5_t32,rate2,resource_aware,191,2,2,0,0
qft_q5_t32,rate2,resource_aware,192,0,2,2,0
qft_q5_t32,rate2,resource_aware,193,4,2,0,0
qft_q5_t32,rate2,resource_aware,194,2,2,0,0
qft_q5_t32,rate2,resource_aware,195,2,2,0,0
qft_q5_t32,rate2,resource_aware,196,0,2,2,0
qft_q5_t32,rate2,resource_aware,197,4,2,0,0
qft_q5_t32,rate2,resource_aware,198,2,2,0,0
qft_q5_t32,rate2,resource_aware,199,2,2,0,0
qft_q5_t32,rate2,resource_aware,200,0,2,2,0
qft_q5_t32,rate2,resource_aware,201,4,2,0,0
qft_q5_t32,rate2,resource_aware,202,2,2,0,0
qft_q5_t32,rate2,resource_aware,203,2,2,0,0
qft_q5_t32,rate2,resource_aware,204,0,2,2,0
qft_q5_t32,rate2,resource_aware,205,4,2,0,0
qft_q5_t32,rate2,resource_aware,206,2,2,0,0
qft_q5_t32,rate2,resource_aware,207,2,2,0,0
qft_q5_t32,rate2,resource_aware,208,0,2,2,0
qft_q5_t32,rate2,resource_aware,209,0,2,4,0
reduction_tree_mult_w32_r8,rate4,min_t_depth,1,0,0,0,1
reduction_tree_mult_w32_r8,rate4,min_t_depth,2,0,0,0,1
reduction_tree_mult_w32_r8,rate4,min_t_depth,3,0,0,0,1
reduction_tree_mult_w32_r8,rate4,min_t_depth,4,0,0,0,1
reduction_tree_mult_w32_r8,rate4,min_t_depth,5,0,0,0,1
reduction_tree_mult_w32_r8,rate4,min_t_depth,6,0,0,0,1
reduction_tree_mult_w32_r8,rate4,min_t_depth,7,0,0,0,1
reduction_tree_mult_w32_r8,rate4,min_t_depth,8,0,0,0,1
reduction_tree_mult_w32_r8,rate4,min_t_depth,9,0,0,0,1
reduction_tree_mult_w32_r8,rate4,min_t_depth,10,4,4,0,0
reduction_tree_mult_w32_r8,rate4,min_t_depth,11,4,4,0,0
reduction_tree_mult_w32_r8,rate4,min_t_depth,12,4,4,0,0
reduction_tree_mult_w32_r8,rate4,min_t_depth,13,4,4,0,0
reduction_tree_mult_w32_r8,rate4,min_t_depth,14,4,4,0,0
reduction_tree_mult_w32_r8,rate4,min_t_depth,15,4,4,0,0
reduction_tree_mult_w32_r8,rate4,min_t_depth,16,4,4,0,0
reduction_tree_mult_w32_r8,rate4,min_t_depth,17,4,4,0,0
reduction_tree_mult_w32_r8,rate4,min_t_depth,18,4,4,0,0
reduction_tree_mult_w32_r8,rate4,min_t_depth,19,4,4,0,0
reduction_tree_mult_w32_r8,rate4,min_t_depth,20,4,4,0,0
reduction_tree_mult_w32_r8,rate4,min_t_depth,21,4,4,0,0
reduction_tree_mult_w32_r8,rate4,min_t_depth,22,4,4,0,0
reduction_tree_mult_w32_r8,rate4,min_t_depth,23,4,4,0,0
reduction_tree_mult_w32_r8,rate4,min_t_depth,24,4,4,0,0
reduction_tree_mult_w32_r8,rate4,min_t_depth,25,4,4,0,0
reduction_tree_mult_w32_r8,rate4,min_t_depth,26,4,4,0,0
reduction_tree_mult_w32_r8,rate4,min_t_depth,27,4,4,0,0
reduction_tree_mult_w32_r8,rate4,min_t_depth,28,4,4,0,0
reduction_tree_mult_w32_r8,rate4,min_t_depth,29,4,4,0,0
reduction_tree_mult_w32_r8,rate4,min_t_depth,30,4,4,0,0
reduction_tree_mult_w32_r8,rate4,min_t_depth,31,4,4,0,0
reduction_tree_mult_w32_r8,rate4,min_t_depth,32,4,4,0,0
reduction_tree_mult_w32_r8,rate4,min_t_depth,33,4,4,0,0
reduction_tree_mult_w32_r8,rate4,min_t_depth,34,4,4,0,0
reduction_tree_mult_w32_r8,rate4,min_t_depth,35,4,4,0,0
reduction_tree_mult_w32_r8,rate4,min_t_depth,36,4,4,0,0
reduction_tree_mult_w32_r8,rate4,min_t_depth,37,4,4,0,0
reduction_tree_mult_w32_r8,rate4,min_t_depth,38,4,4,0,0
reduction_tree_mult_w32_r8,rate4,min_t_depth,39,4,4,0,0
reduction_tree_mult_w32_r8,rate4,min_t_depth,40,4,4,0,0
reduction_tree_mult_w32_r8,rate4,min_t_depth,41,4,4,0,0
reduction_tree_mult_w32_r8,rate4,min_t_depth,42,4,4,0,0
reduction_tree_mult_w32_r8,rate4,min_t_depth,43,4,4,0,0
reduction_tree_mult_w32_r8,rate4,min_t_depth,44,4,4,0,0
reduction_tree_mult_w32_r8,rate4,min_t_depth,45,4,4,0,0
reduction_tree_mult_w32_r8,rate4,min_t_depth,46,4,4,0,0
reduction_tree_mult_w32_r8,rate4,min_t_depth,47,4,4,0,0
reduction_tree_mult_w32_r8,rate4,min_t_depth,48,4,4,0,0
reduction_tree_mult_w32_r8,rate4,min_t_depth,49,4,4,0,0
reduction_tree_mult_w32_r8,rate4,min_t_depth,50,4,4,0,0
reduction_tree_mult_w32_r8,rate4,min_t_depth,51,4,4,0,0
reduction_tree_mult_w32_r8,rate4,min_t_depth,52,4,4,0,0
reduction_tree_mult_w32_r8,rate4,min_t_depth,53,4,4,0,0
reduction_tree_mult_w32_r8,rate4,min_t_depth,54,4,4,0,0
reduction_tree_mult_w32_r8,rate4,min_t_depth,55,4,4,0,0
reduction_tree_mult_w32_r8,rate4,min_t_depth,56,4,4,0,0
reduction_tree_mult_w32_r8,rate4,min_t_depth,57,4,4,0,0
reduction_tree_mult_w32_r8,rate4,min_t_depth,58,4,4,0,0
reduction_tree_mult_w32_r8,rate4,min_t_depth,59,4,4,0,0
reduction_tree_mult_w32_r8,rate4,min_t_depth,60,4,4,0,0
reduction_tree_mult_w32_r8,rate4,min_t_depth,61,4,4,0,0
reduction_tree_mult_w32_r8,rate4,min_t_depth,62,4,4,0,0
reduction_tree_mult_w32_r8,rate4,min_t_depth,63,4,4,0,0
reduction_tree_mult_w32_r8,rate4,min_t_depth,64,4,4,0,0
reduction_tree_mult_w32_r8,rate4,min_t_depth,65,4,4,0,0
reduction_tree_mult_w32_r8,rate4,min_t_depth,66,4,4,0,0
reduction_tree_mult_w32_r8,rate4,min_t_depth,67,4,4,0,0
reduction_tree_mult_w32_r8,rate4,min_t_depth,68,4,4,0,0
reduction_tree_mult_w32_r8,rate4,min_t_depth,69,4,4,0,0
reduction_tree_mult_w32_r8,rate4,min_t_depth,70,4,4,0,0
reduction_tree_mult_w32_r8,rate4,min_t_depth,71,4,4,0,0
reduction_tree_mult_w32_r8,rate4,min_t_depth,72,4,4,0,0
reduction_tree_mult_w32_r8,rate4,min_t_depth,73,4,4,0,0
reduction_tree_mult_w32_r8,rate4,min_t_depth,74,4,4,0,0
reduction_tree_mult_w32_r8,rate4,min_t_depth,75,4,4,0,0
reduction_tree_mult_w32_r8,rate4,min_t_depth,76,4,4,0,0
reduction_tree_mult_w32_r8,rate4,min_t_depth,77,4,4,0,0
reduction_tree_mult_w32_r8,rate4,min_t_depth,78,4,4,0,0
reduction_tree_mult_w32_r8,rate4,min_t_depth,79,4,4,0,0
reduction_tree_mult_w32_r8,rate4,min_t_depth,80,4,4,0,0
reduction_tree_mult_w32_r8,rate4,min_t_depth,81,4,4,0,0
reduction_tree_mult_w32_r8,rate4,min_t_depth,82,4,4,0,0
reduction_tree_mult_w32_r8,rate4,min_t_depth,83,4,4,0,0
reduction_tree_mult_w32_r8,rate4,min_t_depth,84,4,4,0,0
reduction_tree_mult_w32_r8,rate4,min_t_depth,85,4,4,0,0
reduction_tree_mult_w32_r8,rate4,min_t_depth,86,4,4,0,0
reduction_tree_mult_w32_r8,rate4,min_t_depth,87,4,4,0,0
reduction_tree_mult_w32_r8,rate4,min_t_depth,88,4,4,0,0
reduction_tree_mult_w32_r8,rate4,min_t_depth,89,4,4,0,0
reduction_tree_mult_w32_r8,rate4,min_t_depth,90,4,4,0,0
reduction_tree_mult_w32_r8,rate4,min_t_depth,91,4,4,0,0
reduction_tree_mult_w32_r8,rate4,min_t_depth,92,4,4,0,0
reduction_tree_mult_w32_r8,rate4,min_t_depth,93,4,4,0,0
reduction_tree_mult_w32_r8,rate4,min_t_depth,94,4,4,0,0
reduction_tree_mult_w32_r8,rate4,min_t_depth,95,4,4,0,0
reduction_tree_mult_w32_r8,rate4,min_t_depth,96,4,4,0,0
reduction_tree_mult_w32_r8,rate4,min_t_depth,97,4,4,0,0
reduction_tree_mult_w32_r8,rate4,min_t_depth,98,4,4,0,0
reduction_tree_mult_w32_r8,rate4,min_t_depth,99,4,4,0,0
reduction_tree_mult_w32_r8,rate4,min_t_depth,100,4,4,0,0
reduction_tree_mult_w32_r8,rate4,min_t_depth,101,4,4,0,0
reduction_tree_mult_w32_r8,rate4,min_t_depth,102,4,4,0,0
reduction_tree_mult_w32_r8,rate4,min_t_depth,103,4,4,0,0
reduction_tree_mult_w32_r8,rate4,min_t_depth,104,4,4,0,0
reduction_tree_mult_w32_r8,rate4,min_t_depth,105,4,4,0,0
reduction_tree_mult_w32_r8,rate4,min_t_depth,106,4,4,0,0
reduction_tree_mult_w32_r8,rate4,min_t_depth,107,4,4,0,0
reduction_tree_mult_w32_r8,rate4,min_t_depth,108,4,4,0,0
reduction_tree_mult_w32_r8,rate4,min_t_depth,109,4,4,0,0
reduction_tree_mult_w32_r8,rate4,min_t_depth,110,4,4,0,0
reduction_tree_mult_w32_r8,rate4,min_t_depth,111,4,4,0,0
reduction_tree_mult_w32_r8,rate4,min_t_depth,112,4,4,0,0
reduction_tree_mult_w32_r8,rate4,min_t_depth,113,4,4,0,0
reduction_tree_mult_w32_r8,rate4,min_t_depth,114,4,4,0,0
reduction_tree_mult_w32_r8,rate4,min_t_depth,115,4,4,0,0
reduction_tree_mult_w32_r8,rate4,min_t_depth,116,4,4,0,0
reduction_tree_mult_w32_r8,rate4,min_t_depth,117,4,4,0,0
reduction_tree_mult_w32_r8,rate4,min_t_depth,118,4,4,0,0
reduction_tree_mult_w32_r8,rate4,min_t_depth,119,4,4,0,0
reduction_tree_mult_w32_r8,rate4,min_t_depth,120,4,4,0,0
reduction_tree_mult_w32_r8,rate4,min_t_depth,121,4,4,0,0
reduction_tree_mult_w32_r8,rate4,min_t_depth,122,4,4,0,0
reduction_tree_mult_w32_r8,rate4,min_t_depth,123,4,4,0,0
reduction_tree_mult_w32_r8,rate4,min_t_depth,124,4,4,0,0
reduction_tree_mult_w32_r8,rate4,min_t_depth,125,4,4,0,0
reduction_tree_mult_w32_r8,rate4,min_t_depth,126,4,4,0,0
reduction_tree_mult_w32_r8,rate4,min_t_depth,127,4,4,0,0
reduction_tree_mult_w32_r8,rate4,min_t_depth,128,4,4,0,0
reduction_tree_mult_w32_r8,rate4,min_t_depth,129,4,4,0,0
reduction_tree_mult_w32_r8,rate4,min_t_depth,130,4,4,0,0
reduction_tree_mult_w32_r8,rate4,min_t_depth,131,4,4,0,0
reduction_tree_mult_w32_r8,rate4,min_t_depth,132,4,4,0,0
reduction_tree_mult_w32_r8,rate4,min_t_depth,133,4,4,0,0
reduction_tree_mult_w32_r8,rate4,min_t_depth,134,4,4,0,0
reduction_tree_mult_w32_r8,rate4,min_t_depth,135,4,4,0,0
reduction_tree_mult_w32_r8,rate4,min_t_depth,136,4,4,0,0
reduction_tree_mult_w32_r8,rate4,min_t_depth,137,4,4,0,0
reduction_tree_mult_w32_r8,rate4,min_t_depth,138,4,4,0,0
reduction_tree_mult_w32_r8,rate4,min_t_depth,139,4,4,0,0
reduction_tree_mult_w32_r8,rate4,min_t_depth,140,4,4,0,0
reduction_tree_mult_w32_r8,rate4,min_t_depth,141,4,4,0,0
reduction_tree_mult_w32_r8,rate4,min_t_depth,142,4,4,0,0
reduction_tree_mult_w32_r8,rate4,min_t_depth,143,4,4,0,0
reduction_tree_mult_w32_r8,rate4,min_t_depth,144,4,4,0,0
reduction_tree_mult_w32_r8,rate4,min_t_depth,145,4,4,0,0
reduction_tree_mult_w32_r8,rate4,min_t_depth,146,4,4,0,0
reduction_tree_mult_w32_r8,rate4,min_t_depth,147,4,4,0,0
reduction_tree_mult_w32_r8,rate4,min_t_depth,148,4,4,0,0
reduction_tree_mult_w32_r8,rate4,min_t_depth,149,4,4,0,0
reduction_tree_mult_w32_r8,rate4,min_t_depth,150,4,4,0,0
reduction_tree_mult_w32_r8,rate4,min_t_depth,151,4,4,0,0
reduction_tree_mult_w32_r8,rate4,min_t_depth,152,4,4,0,0
reduction_tree_mult_w32_r8,rate4,min_t_depth,153,4,4,0,0
reduction_tree_mult_w32_r8,rate4,min_t_depth,154,4,4,0,0
reduction_tree_mult_w32_r8,rate4,min_t_depth,155,4,4,0,0
reduction_tree_mult_w32_r8,rate4,min_t_depth,156,4,4,0,0
reduction_tree_mult_w32_r8,rate4,min_t_depth,157,4,4,0,0
reduction_tree_mult_w32_r8,rate4,min_t_depth,158,4,4,0,0
reduction_tree_mult_w32_r8,rate4,min_t_depth,159,4,4,0,0
reduction_tree_mult_w32_r8,rate4,min_t_depth,160,4,4,0,0
reduction_tree_mult_w32_r8,rate4,min_t_depth,161,4,4,0,0
reduction_tree_mult_w32_r8,rate4,min_t_depth,162,4,4,0,0
reduction_tree_mult_w32_r8,rate4,min_t_depth,163,4,4,0,0
reduction_tree_mult_w32_r8,rate4,min_t_depth,164,4,4,0,0
reduction_tree_mult_w32_r8,rate4,min_t_depth,165,4,4,0,0
reduction_tree_mult_w32_r8,rate4,min_t_depth,166,4,4,0,0
reduction_tree_mult_w32_r8,rate4,min_t_depth,167,4,4,0,0
reduction_tree_mult_w32_r8,rate4,min_t_depth,168,4,4,0,0
reduction_tree_mult_w32_r8,rate4,min_t_depth,169,4,4,0,0
reduction_tree_mult_w32_r8,rate4,min_t_depth,170,4,4,0,0
reduction_tree_mult_w32_r8,rate4,min_t_depth,171,4,4,0,0
reduction_tree_mult_w32_r8,rate4,min_t_depth,172,4,4,0,0
reduction_tree_mult_w32_r8,rate4,min_t_depth,173,4,4,0,0
reduction_tree_mult_w32_r8,rate4,min_t_depth,174,4,4,0,0
reduction_tree_mult_w32_r8,rate4,min_t_depth,175,4,4,0,0
reduction_tree_mult_w32_r8,rate4,min_t_depth,176,4,4,0,0
reduction_tree_mult_w32_r8,rate4,min_t_depth,177,4,4,0,0
reduction_tree_mult_w32_r8,rate4,min_t_depth,178,4,4,0,0
reduction_tree_mult_w32_r8,rate4,min_t_depth,179,4,4,0,0
reduction_tree_mult_w32_r8,rate4,min_t_depth,180,4,4,0,0
reduction_tree_mult_w32_r8,rate4,min_t_depth,181,4,4,0,0
reduction_tree_mult_w32_r8,rate4,min_t_depth,182,4,4,0,0
reduction_tree_mult_w32_r8,rate4,min_t_depth,183,4,4,0,0
reduction_tree_mult_w32_r8,rate4,min_t_depth,184,4,4,0,0
reduction_tree_mult_w32_r8,rate4,min_t_depth,185,4,4,0,0
reduction_tree_mult_w32_r8,rate4,min_t_depth,186,4,4,0,0
reduction_tree_mult_w32_r8,rate4,min_t_depth,187,4,4,0,0
reduction_tree_mult_w32_r8,rate4,min_t_depth,188,4,4,0,0
reduction_tree_mult_w32_r8,rate4,min_t_depth,189,4,4,0,0
reduction_tree_mult_w32_r8,rate4,min_t_depth,190,4,4,0,0
reduction_tree_mult_w32_r8,rate4,min_t_depth,191,4,4,0,0
reduction_tree_mult_w32_r8,rate4,min_t_depth,192,4,4,0,0
reduction_tree_mult_w32_r8,rate4,min_t_depth,193,4,4,0,0
reduction_tree_mult_w32_r8,rate4,min_t_depth,194,4,4,0,0
reduction_tree_mult_w32_r8,rate4,min_t_depth,195,4,4,0,0
reduction_tree_mult_w32_r8,rate4,min_t_depth,196,4,4,0,0
reduction_tree_mult_w32_r8,rate4,min_t_depth,197,4,4,0,0
reduction_tree_mult_w32_r8,rate4,min_t_depth,198,4,4,0,0
reduction_tree_mult_w32_r8,rate4,min_t_depth,199,4,4,0,0
reduction_tree_mult_w32_r8,rate4,min_t_depth,200,4,4,0,0
reduction_tree_mult_w32_r8,rate4,min_t_depth,201,4,4,0,0
reduction_tree_mult_w32_r8,rate4,min_t_depth,202,4,4,0,0
reduction_tree_mult_w32_r8,rate4,min_t_depth,203,4,4,0,0
reduction_tree_mult_w32_r8,rate4,min_t_depth,204,4,4,0,0
reduction_tree_mult_w32_r8,rate4,min_t_depth,205,4,4,0,0
reduction_tree_mult_w32_r8,rate4,min_t_depth,206,4,4,0,0
reduction_tree_mult_w32_r8,rate4,min_t_depth,207,4,4,0,0
reduction_tree_mult_w32_r8,rate4,min_t_depth,208,4,4,0,0
reduction_tree_mult_w32_r8,rate4,min_t_depth,209,4,4,0,0
reduction_tree_mult_w32_r8,rate4,min_t_depth,210,4,4,0,0
reduction_tree_mult_w32_r8,rate4,min_t_depth,211,4,4,0,0
reduction_tree_mult_w32_r8,rate4,min_t_depth,212,4,4,0,0
reduction_tree_mult_w32_r8,rate4,min_t_depth,213,4,4,0,0
reduction_tree_mult_w32_r8,rate4,min_t_depth,214,4,4,0,0
reduction_tree_mult_w32_r8,rate4,min_t_depth,215,4,4,0,0
reduction_tree_mult_w32_r8,rate4,min_t_depth,216,4,4,0,0
reduction_tree_mult_w32_r8,rate4,min_t_depth,217,4,4,0,0
reduction_tree_mult_w32_r8,rate4,min_t_depth,218,4,4,0,0
reduction_tree_mult_w32_r8,rate4,min_t_depth,219,4,4,0,0
reduction_tree_mult_w32_r8,rate4,min_t_depth,220,4,4,0,0
reduction_tree_mult_w32_r8,rate4,min_t_depth,221,4,4,0,0
reduction_tree_mult_w32_r8,rate4,min_t_depth,222,4,4,0,0
reduction_tree_mult_w32_r8,rate4,min_t_depth,223,4,4,0,0
reduction_tree_mult_w32_r8,rate4,min_t_depth,224,4,4,0,0
reduction_tree_mult_w32_r8,rate4,min_t_depth,225,4,4,0,0
reduction_tree_mult_w32_r8,rate4,min_t_depth,226,4,4,0,0
reduction_tree_mult_w32_r8,rate4,min_t_depth,227,4,4,0,0
reduction_tree_mult_w32_r8,rate4,min_t_depth,228,4,4,0,0
reduction_tree_mult_w32_r8,rate4,min_t_depth,229,4,4,0,0
reduction_tree_mult_w32_r8,rate4,min_t_depth,230,4,4,0,0
reduction_tree_mult_w32_r8,rate4,min_t_depth,231,4,4,0,0
reduction_tree_mult_w32_r8,rate4,min_t_depth,232,4,4,0,0
reduction_tree_mult_w32_r8,rate4,min_t_depth,233,4,4,0,0
reduction_tree_mult_w32_r8,rate4,min_t_depth,234,4,4,0,0
reduction_tree_mult_w32_r8,rate4,min_t_depth,235,4,4,0,0
reduction_tree_mult_w32_r8,rate4,min_t_depth,236,4,4,0,0
reduction_tree_mult_w32_r8,rate4,min_t_depth,237,4,4,0,0
reduction_tree_mult_w32_r8,rate4,min_t_depth,238,4,4,0,0
reduction_tree_mult_w32_r8,rate4,min_t_depth,239,4,4,0,0
reduction_tree_mult_w32_r8,rate4,min_t_depth,240,4,4,0,0
reduction_tree_mult_w32_r8,rate4,min_t_depth,241,4,4,0,0
reduction_tree_mult_w32_r8,rate4,min_t_depth,242,4,4,0,0
reduction_tree_mult_w32_r8,rate4,min_t_depth,243,4,4,0,0
reduction_tree_mult_w32_r8,rate4,min_t_depth,244,4,4,0,0
reduction_tree_mult_w32_r8,rate4,min_t_depth,245,4,4,0,0
reduction_tree_mult_w32_r8,rate4,min_t_depth,246,4,4,0,0
reduction_tree_mult_w32_r8,rate4,min_t_depth,247,4,4,0,0
reduction_tree_mult_w32_r8,rate4,min_t_depth,248,4,4,0,0
reduction_tree_mult_w32_r8,rate4,min_t_depth,249,4,4,0,0
reduction_tree_mult_w32_r8,rate4,min_t_depth,250,4,4,0,0
reduction_tree_mult_w32_r8,rate4,min_t_depth,251,4,4,0,0
reduction_tree_mult_w32_r8,rate4,min_t_depth,252,4,4,0,0
reduction_tree_mult_w32_r8,rate4,min_t_depth,253,4,4,0,0
reduction_tree_mult_w32_r8,rate4,min_t_depth,254,0,4,4,0
reduction_tree_mult_w32_r8,rate4,min_t_depth,255,0,4,8,0
reduction_tree_mult_w32_r8,rate4,min_t_depth,256,0,4,12,0
reduction_tree_mult_w32_r8,rate4,min_t_depth,257,0,4,16,0
reduction_tree_mult_w32_r8,rate4,min_t_depth,258,0,4,20,0
reduction_tree_mult_w32_r8,rate4,min_t_depth,259,0,4,24,0
reduction_tree_mult_w32_r8,rate4,min_t_depth,260,28,4,0,0
reduction_tree_mult_w32_r8,rate4,min_t_depth,261,4,4,0,0
reduction_tree_mult_w32_r8,rate4,min_t_depth,262,4,4,0,0
reduction_tree_mult_w32_r8,rate4,min_t_depth,263,4,4,0,0
reduction_tree_mult_w32_r8,rate4,min_t_depth,264,4,4,0,0
reduction_tree_mult_w32_r8,rate4,min_t_depth,265,4,4,0,0
reduction_tree_mult_w32_r8,rate4,min_t_depth,266,4,4,0,0
reduction_tree_mult_w32_r8,rate4,min_t_depth,267,4,4,0,0
reduction_tree_mult_w32_r8,rate4,min_t_depth,268,4,4,0,0
reduction_tree_mult_w32_r8,rate4,min_t_depth,269,4,4,0,0
reduction_tree_mult_w32_r8,rate4,min_t_depth,270,4,4,0,0
reduction_tree_mult_w32_r8,rate4,min_t_depth,271,4,4,0,0
reduction_tree_mult_w32_r8,rate4,min_t_depth,272,4,4,0,0
reduction_tree_mult_w32_r8,rate4,min_t_depth,273,4,4,0,0
reduction_tree_mult_w32_r8,rate4,min_t_depth,274,4,4,0,0
reduction_tree_mult_w32_r8,rate4,min_t_depth,275,4,4,0,0
reduction_tree_mult_w32_r8,rate4,min_t_depth,276,4,4,0,0
reduction_tree_mult_w32_r8,rate4,min_t_depth,277,4,4,0,0
reduction_tree_mult_w32_r8,rate4,min_t_depth,278,4,4,0,0
reduction_tree_mult_w32_r8,rate4,min_t_depth,279,4,4,0,0
reduction_tree_mult_w32_r8,rate4,min_t_depth,280,4,4,0,0
reduction_tree_mult_w32_r8,rate4,min_t_depth,281,4,4,0,0
reduction_tree_mult_w32_r8,rate4,min_t_depth,282,4,4,0,0
reduction_tree_mult_w32_r8,rate4,min_t_depth,283,4,4,0,0
reduction_tree_mult_w32_r8,rate4,min_t_depth,284,4,4,0,0
reduction_tree_mult_w32_r8,rate4,min_t_depth,285,4,4,0,0
reduction_tree_mult_w32_r8,rate4,min_t_depth,286,4,4,0,0
reduction_tree_mult_w32_r8,rate4,min_t_depth,287,4,4,0,0
reduction_tree_mult_w32_r8,rate4,min_t_depth,288,4,4,0,0
reduction_tree_mult_w32_r8,rate4,min_t_depth,289,4,4,0,0
reduction_tree_mult_w32_r8,rate4,min_t_depth,290,4,4,0,0
reduction_tree_mult_w32_r8,rate4,min_t_depth,291,4,4,0,0
reduction_tree_mult_w32_r8,rate4,min_t_depth,292,4,4,0,0
reduction_tree_mult_w32_r8,rate4,min_t_depth,293,4,4,0,0
reduction_tree_mult_w32_r8,rate4,min_t_depth,294,4,4,0,0
reduction_tree_mult_w32_r8,rate4,min_t_depth,295,4,4,0,0
reduction_tree_mult_w32_r8,rate4,min_t_depth,296,4,4,0,0
reduction_tree_mult_w32_r8,rate4,min_t_depth,297,4,4,0,0
reduction_tree_mult_w32_r8,rate4,min_t_depth,298,4,4,0,0
reduction_tree_mult_w32_r8,rate4,min_t_depth,299,4,4,0,0
reduction_tree_mult_w32_r8,rate4,min_t_depth,300,4,4,0,0
reduction_tree_mult_w32_r8,rate4,min_t_depth,301,4,4,0,0
reduction_tree_mult_w32_r8,rate4,min_t_depth,302,4,4,0,0
reduction_tree_mult_w32_r8,rate4,min_t_depth,303,4,4,0,0
reduction_tree_mult_w32_r8,rate4,min_t_depth,304,4,4,0,0
reduction_tree_mult_w32_r8,rate4,min_t_depth,305,4,4,0,0
reduction_tree_mult_w32_r8,rate4,min_t_depth,306,4,4,0,0
reduction_tree_mult_w32_r8,rate4,min_t_depth,307,4,4,0,0
reduction_tree_mult_w32_r8,rate4,min_t_depth,308,4,4,0,0
reduction_tree_mult_w32_r8,rate4,min_t_depth,309,4,4,0,0
reduction_tree_mult_w32_r8,rate4,min_t_depth,310,4,4,0,0
reduction_tree_mult_w32_r8,rate4,min_t_depth,311,4,4,0,0
reduction_tree_mult_w32_r8,rate4,min_t_depth,312,4,4,0,0
reduction_tree_mult_w32_r8,rate4,min_t_depth,313,4,4,0,0
reduction_tree_mult_w32_r8,rate4,min_t_depth,314,4,4,0,0
reduction_tree_mult_w32_r8,rate4,min_t_depth,315,4,4,0,0
reduction_tree_mult_w32_r8,rate4,min_t_depth,316,4,4,0,0
reduction_tree_mult_w32_r8,rate4,min_t_depth,317,4,4,0,0
reduction_tree_mult_w32_r8,rate4,min_t_depth,318,4,4,0,0
reduction_tree_mult_w32_r8,rate4,min_t_depth,319,4,4,0,0
reduction_tree_mult_w32_r8,rate4,min_t_depth,320,4,4,0,0
reduction_tree_mult_w32_r8,rate4,min_t_depth,321,4,4,0,0
reduction_tree_mult_w32_r8,rate4,min_t_depth,322,4,4,0,0
reduction_tree_mult_w32_r8,rate4,min_t_depth,323,4,4,0,0
reduction_tree_mult_w32_r8,rate4,min_t_depth,324,4,4,0,0
reduction_tree_mult_w32_r8,rate4,min_t_depth,325,4,4,0,0
reduction_tree_mult_w32_r8,rate4,min_t_depth,326,4,4,0,0
reduction_tree_mult_w32_r8,rate4,min_t_depth,327,4,4,0,0
reduction_tree_mult_w32_r8,rate4,min_t_depth,328,4,4,0,0
reduction_tree_mult_w32_r8,rate4,min_t_depth,329,4,4,0,0
reduction_tree_mult_w32_r8,rate4,min_t_depth,330,4,4,0,0
reduction_tree_mult_w32_r8,rate4,min_t_depth,331,4,4,0,0
reduction_tree_mult_w32_r8,rate4,min_t_depth,332,4,4,0,0
reduction_tree_mult_w32_r8,rate4,min_t_depth,333,4,4,0,0
reduction_tree_mult_w32_r8,rate4,min_t_depth,334,4,4,0,0
reduction_tree_mult_w32_r8,rate4,min_t_depth,335,4,4,0,0
reduction_tree_mult_w32_r8,rate4,min_t_depth,336,4,4,0,0
reduction_tree_mult_w32_r8,rate4,min_t_depth,337,4,4,0,0
reduction_tree_mult_w32_r8,rate4,min_t_depth,338,4,4,0,0
reduction_tree_mult_w32_r8,rate4,min_t_depth,339,4,4,0,0
reduction_tree_mult_w32_r8,rate4,min_t_depth,340,4,4,0,0
reduction_tree_mult_w32_r8,rate4,min_t_depth,341,4,4,0,0
reduction_tree_mult_w32_r8,rate4,min_t_depth,342,4,4,0,0
reduction_tree_mult_w32_r8,rate4,min_t_depth,343,4,4,0,0
reduction_tree_mult_w32_r8,rate4,min_t_depth,344,4,4,0,0
reduction_tree_mult_w32_r8,rate4,min_t_depth,345,4,4,0,0
reduction_tree_mult_w32_r8,rate4,min_t_depth,346,4,4,0,0
reduction_tree_mult_w32_r8,rate4,min_t_depth,347,4,4,0,0
reduction_tree_mult_w32_r8,rate4,min_t_depth,348,4,4,0,0
reduction_tree_mult_w32_r8,rate4,min_t_depth,349,4,4,0,0
reduction_tree_mult_w32_r8,rate4,min_t_depth,350,4,4,0,0
reduction_tree_mult_w32_r8,rate4,min_t_depth,351,4,4,0,0
reduction_tree_mult_w32_r8,rate4,min_t_depth,352,4,4,0,0
reduction_tree_mult_w32_r8,rate4,min_t_depth,353,4,4,0,0
reduction_tree_mult_w32_r8,rate4,min_t_depth,354,4,4,0,0
reduction_tree_mult_w32_r8,rate4,min_t_depth,355,4,4,0,0
reduction_tree_mult_w32_r8,rate4,min_t_depth,356,4,4,0,0
reduction_tree_mult_w32_r8,rate4,min_t_depth,357,4,4,0,0
reduction_tree_mult_w32_r8,rate4,min_t_depth,358,4,4,0,0
reduction_tree_mult_w32_r8,rate4,min_t_depth,359,4,4,0,0
reduction_tree_mult_w32_r8,rate4,min_t_depth,360,4,4,0,0
reduction_tree_mult_w32_r8,rate4,min_t_depth,361,4,4,0,0
reduction_tree_mult_w32_r8,rate4,min_t_depth,362,4,4,0,0
reduction_tree_mult_w32_r8,rate4,min_t_depth,363,4,4,0,0
reduction_tree_mult_w32_r8,rate4,min_t_depth,364,4,4,0,0
reduction_tree_mult_w32_r8,rate4,min_t_depth,365,4,4,0,0
reduction_tree_mult_w32_r8,rate4,min_t_depth,366,4,4,0,0
reduction_tree_mult_w32_r8,rate4,min_t_depth,367,4,4,0,0
reduction_tree_mult_w32_r8,rate4,min_t_depth,368,4,4,0,0
reduction_tree_mult_w32_r8,rate4,min_t_depth,369,4,4,0,0
reduction_tree_mult_w32_r8,rate4,min_t_depth,370,4,4,0,0
reduction_tree_mult_w32_r8,rate4,min_t_depth,371,4,4,0,0
reduction_tree_mult_w32_r8,rate4,min_t_depth,372,4,4,0,0
reduction_tree_mult_w32_r8,rate4,min_t_depth,373,4,4,0,0
reduction_tree_mult_w32_r8,rate4,min_t_depth,374,4,4,0,0
reduction_tree_mult_w32_r8,rate4,min_t_depth,375,4,4,0,0
reduction_tree_mult_w32_r8,rate4,min_t_depth,376,0,4,4,0
reduction_tree_mult_w32_r8,rate4,min_t_depth,377,0,4,8,0
reduction_tree_mult_w32_r8,rate4,min_t_depth,378,0,4,12,0
reduction_tree_mult_w32_r8,rate4,min_t_depth,379,0,4,16,0
reduction_tree_mult_w32_r8,rate4,min_t_depth,380,0,4,20,0
reduction_tree_mult_w32_r8,rate4,min_t_depth,381,0,4,24,0
reduction_tree_mult_w32_r8,rate4,min_t_depth,382,28,4,0,0
reduction_tree_mult_w32_r8,rate4,min_t_depth,383,4,4,0,0
reduction_tree_mult_w32_r8,rate4,min_t_depth,384,4,4,0,0
reduction_tree_mult_w32_r8,rate4,min_t_depth,385,4,4,0,0
reduction_tree_mult_w32_r8,rate4,min_t_depth,386,4,4,0,0
reduction_tree_mult_w32_r8,rate4,min_t_depth,387,4,4,0,0
reduction_tree_mult_w32_r8,rate4,min_t_depth,388,4,4,0,0
reduction_tree_mult_w32_r8,rate4,min_t_depth,389,4,4,0,0
reduction_tree_mult_w32_r8,rate4,min_t_depth,390,4,4,0,0
reduction_tree_mult_w32_r8,rate4,min_t_depth,391,4,4,0,0
reduction_tree_mult_w32_r8,rate4,min_t_depth,392,4,4,0,0
reduction_tree_mult_w32_r8,rate4,min_t_depth,393,4,4,0,0
reduction_tree_mult_w32_r8,rate4,min_t_depth,394,4,4,0,0
reduction_tree_mult_w32_r8,rate4,min_t_depth,395,4,4,0,0
reduction_tree_mult_w32_r8,rate4,min_t_depth,396,4,4,0,0
reduction_tree_mult_w32_r8,rate4,min_t_depth,397,4,4,0,0
reduction_tree_mult_w32_r8,rate4,min_t_depth,398,4,4,0,0
reduction_tree_mult_w32_r8,rate4,min_t_depth,399,4,4,0,0
reduction_tree_mult_w32_r8,rate4,min_t_depth,400,4,4,0,0
reduction_tree_mult_w32_r8,rate4,min_t_depth,401,4,4,0,0
reduction_tree_mult_w32_r8,rate4,min_t_depth,402,4,4,0,0
reduction_tree_mult_w32_r8,rate4,min_t_depth,403,4,4,0,0
reduction_tree_mult_w32_r8,rate4,min_t_depth,404,4,4,0,0
reduction_tree_mult_w32_r8,rate4,min_t_depth,405,4,4,0,0
reduction_tree_mult_w32_r8,rate4,min_t_depth,406,4,4,0,0
reduction_tree_mult_w32_r8,rate4,min_t_depth,407,4,4,0,0
reduction_tree_mult_w32_r8,rate4,min_t_depth,408,4,4,0,0
reduction_tree_mult_w32_r8,rate4,min_t_depth,409,4,4,0,0
reduction_tree_mult_w32_r8,rate4,min_t_depth,410,4,4,0,0
reduction_tree_mult_w32_r8,rate4,min_t_depth,411,4,4,0,0
reduction_tree_mult_w32_r8,rate4,min_t_depth,412,4,4,0,0
reduction_tree_mult_w32_r8,rate4,min_t_depth,413,4,4,0,0
reduction_tree_mult_w32_r8,rate4,min_t_depth,414,4,4,0,0
reduction_tree_mult_w32_r8,rate4,min_t_depth,415,4,4,0,0
reduction_tree_mult_w32_r8,rate4,min_t_depth,416,4,4,0,0
reduction_tree_mult_w32_r8,rate4,min_t_depth,417,4,4,0,0
reduction_tree_mult_w32_r8,rate4,min_t_depth,418,4,4,0,0
reduction_tree_mult_w32_r8,rate4,min_t_depth,419,4,4,0,0
reduction_tree_mult_w32_r8,rate4,min_t_depth,420,4,4,0,0
reduction_tree_mult_w32_r8,rate4,min_t_depth,421,4,4,0,0
reduction_tree_mult_w32_r8,rate4,min_t_depth,422,4,4,0,0
reduction_tree_mult_w32_r8,rate4,min_t_depth,423,4,4,0,0
reduction_tree_mult_w32_r8,rate4,min_t_depth,424,4,4,0,0
reduction_tree_mult_w32_r8,rate4,min_t_depth,425,4,4,0,0
reduction_tree_mult_w32_r8,rate4,min_t_depth,426,4,4,0,0
reduction_tree_mult_w32_r8,rate4,min_t_depth,427,4,4,0,0
reduction_tree_mult_w32_r8,rate4,min_t_depth,428,4,4,0,0
reduction_tree_mult_w32_r8,rate4,min_t_depth,429,4,4,0,0
reduction_tree_mult_w32_r8,rate4,min_t_depth,430,4,4,0,0
reduction_tree_mult_w32_r8,rate4,min_t_depth,431,4,4,0,0
reduction_tree_mult_w32_r8,rate4,min_t_depth,432,4,4,0,0
reduction_tree_mult_w32_r8,rate4,min_t_depth,433,4,4,0,0
reduction_tree_mult_w32_r8,rate4,min_t_depth,434,4,4,0,0
reduction_tree_mult_w32_r8,rate4,min_t_depth,435,4,4,0,0
reduction_tree_mult_w32_r8,rate4,min_t_depth,436,4,4,0,0
reduction_tree_mult_w32_r8,rate4,min_t_depth,437,0,4,4,0
reduction_tree_mult_w32_r8,rate4,min_t_depth,438,0,4,8,0
reduction_tree_mult_w32_r8,rate4,min_t_depth,439,0,4,12,0
reduction_tree_mult_w32_r8,rate4,resource_aware,1,0,0,0,1
reduction_tree_mult_w32_r8,rate4,resource_aware,2,0,0,0,1
reduction_tree_mult_w32_r8,rate4,resource_aware,3,0,0,0,1
reduction_tree_mult_w32_r8,rate4,resource_aware,4,0,0,0,1
reduction_tree_mult_w32_r8,rate4,resource_aware,5,0,0,0,1
reduction_tree_mult_w32_r8,rate4,resource_aware,6,0,0,0,1
reduction_tree_mult_w32_r8,rate4,resource_aware,7,0,0,0,1
reduction_tree_mult_w32_r8,rate4,resource_aware,8,0,0,0,1
reduction_tree_mult_w32_r8,rate4,resource_aware,9,0,0,0,1
reduction_tree_mult_w32_r8,rate4,resource_aware,10,4,4,0,0
reduction_tree_mult_w32_r8,rate4,resource_aware,11,4,4,0,0
reduction_tree_mult_w32_r8,rate4,resource_aware,12,4,4,0,0
reduction_tree_mult_w32_r8,rate4,resource_aware,13,4,4,0,0
reduction_tree_mult_w32_r8,rate4,resource_aware,14,0,4,4,0
reduction_tree_mult_w32_r8,rate4,resource_aware,15,4,4,4,0
reduction_tree_mult_w32_r8,rate4,resource_aware,16,4,4,4,0
reduction_tree_mult_w32_r8,rate4,resource_aware,17,4,4,4,0
reduction_tree_mult_w32_r8,rate4,resource_aware,18,4,4,4,0
reduction_tree_mult_w32_r8,rate4,resource_aware,19,0,4,8,0
reduction_tree_mult_w32_r8,rate4,resource_aware,20,4,4,8,0
reduction_tree_mult_w32_r8,rate4,resource_aware,21,4,4,8,0
reduction_tree_mult_w32_r8,rate4,resource_aware,22,4,4,8,0
reduction_tree_mult_w32_r8,rate4,resource_aware,23,4,4,8,0
reduction_tree_mult_w32_r8,rate4,resource_aware,24,0,4,12,0
reduction_tree_mult_w32_r8,rate4,resource_aware,25,4,4,12,0
reduction_tree_mult_w32_r8,rate4,resource_aware,26,4,4,12,0
reduction_tree_mult_w32_r8,rate4,resource_aware,27,4,4,12,0
reduction_tree_mult_w32_r8,rate4,resource_aware,28,4,4,12,0
reduction_tree_mult_w32_r8,rate4,resource_aware,29,0,4,16,0
reduction_tree_mult_w32_r8,rate4,resource_aware,30,4,4,16,0
reduction_tree_mult_w32_r8,rate4,resource_aware,31,4,4,16,0
reduction_tree_mult_w32_r8,rate4,resource_aware,32,4,4,16,0
reduction_tree_mult_w32_r8,rate4,resource_aware,33,4,4,16,0
reduction_tree_mult_w32_r8,rate4,resource_aware,34,0,4,20,0
reduction_tree_mult_w32_r8,rate4,resource_aware,35,4,4,20,0
reduction_tree_mult_w32_r8,rate4,resource_aware,36,4,4,20,0
reduction_tree_mult_w32_r8,rate4,resource_aware,37,4,4,20,0
reduction_tree_mult_w32_r8,rate4,resource_aware,38,4,4,20,0
reduction_tree_mult_w32_r8,rate4,resource_aware,39,0,4,24,0
reduction_tree_mult_w32_r8,rate4,resource_aware,40,4,4,24,0
reduction_tree_mult_w32_r8,rate4,resource_aware,41,4,4,24,0
reduction_tree_mult_w32_r8,rate4,resource_aware,42,4,4,24,0
reduction_tree_mult_w32_r8,rate4,resource_aware,43,4,4,24,0
reduction_tree_mult_w32_r8,rate4,resource_aware,44,0,4,28,0
reduction_tree_mult_w32_r8,rate4,resource_aware,45,4,4,28,0
reduction_tree_mult_w32_r8,rate4,resource_aware,46,4,4,28,0
reduction_tree_mult_w32_r8,rate4,resource_aware,47,4,4,28,0
reduction_tree_mult_w32_r8,rate4,resource_aware,48,4,4,28,0
reduction_tree_mult_w32_r8,rate4,resource_aware,49,0,4,32,0
reduction_tree_mult_w32_r8,rate4,resource_aware,50,4,0,28,0
reduction_tree_mult_w32_r8,rate4,resource_aware,51,4,4,28,0
reduction_tree_mult_w32_r8,rate4,resource_aware,52,4,4,28,0
reduction_tree_mult_w32_r8,rate4,resource_aware,53,4,4,28,0
reduction_tree_mult_w32_r8,rate4,resource_aware,54,0,4,32,0
reduction_tree_mult_w32_r8,rate4,resource_aware,55,4,0,28,0
reduction_tree_mult_w32_r8,rate4,resource_aware,56,4,4,28,0
reduction_tree_mult_w32_r8,rate4,resource_aware,57,4,4,28,0
reduction_tree_mult_w32_r8,rate4,resource_aware,58,4,4,28,0
reduction_tree_mult_w32_r8,rate4,resource_aware,59,0,4,32,0
reduction_tree_mult_w32_r8,rate4,resource_aware,60,4,0,28,0
reduction_tree_mult_w32_r8,rate4,resource_aware,61,4,4,28,0
reduction_tree_mult_w32_r8,rate4,resource_aware,62,4,4,28,0
reduction_tree_mult_w32_r8,rate4,resource_aware,63,4,4,28,0
reduction_tree_mult_w32_r8,rate4,resource_aware,64,0,4,32,0
reduction_tree_mult_w32_r8,rate4,resource_aware,65,4,0,28,0
reduction_tree_mult_w32_r8,rate4,resource_aware,66,4,4,28,0
reduction_tree_mult_w32_r8,rate4,resource_aware,67,4,4,28,0
reduction_tree_mult_w32_r8,rate4,resource_aware,68,4,4,28,0
reduction_tree_mult_w32_r8,rate4,resource_aware,69,0,4,32,0
reduction_tree_mult_w32_r8,rate4,resource_aware,70,4,0,28,0
reduction_tree_mult_w32_r8,rate4,resource_aware,71,4,4,28,0
reduction_tree_mult_w32_r8,rate4,resource_aware,72,4,4,28,0
reduction_tree_mult_w32_r8,rate4,resource_aware,73,4,4,28,0
reduction_tree_mult_w32_r8,rate4,resource_aware,74,0,4,32,0
reduction_tree_mult_w32_r8,rate4,resource_aware,75,4,0,28,0
reduction_tree_mult_w32_r8,rate4,resource_aware,76,4,4,28,0
reduction_tree_mult_w32_r8,rate4,resource_aware,77,4,4,28,0
reduction_tree_mult_w32_r8,rate4,resource_aware,78,4,4,28,0
reduction_tree_mult_w32_r8,rate4,resource_aware,79,0,4,32,0
reduction_tree_mult_w32_r8,rate4,resource_aware,80,4,0,28,0
reduction_tree_mult_w32_r8,rate4,resource_aware,81,4,4,28,0
reduction_tree_mult_w32_r8,rate4,resource_aware,82,4,4,28,0
reduction_tree_mult_w32_r8,rate4,resource_aware,83,4,4,28,0
reduction_tree_mult_w32_r8,rate4,resource_aware,84,0,4,32,0
reduction_tree_mult_w32_r8,rate4,resource_aware,85,4,0,28,0
reduction_tree_mult_w32_r8,rate4,resource_aware,86,4,4,28,0
reduction_tree_mult_w32_r8,rate4,resource_aware,87,4,4,28,0
reduction_tree_mult_w32_r8,rate4,resource_aware,88,4,4,28,0
reduction_tree_mult_w32_r8,rate4,resource_aware,89,0,4,32,0
reduction_tree_mult_w32_r8,rate4,resource_aware,90,4,0,28,0
reduction_tree_mult_w32_r8,rate4,resource_aware,91,4,4,28,0
reduction_tree_mult_w32_r8,rate4,resource_aware,92,4,4,28,0
reduction_tree_mult_w32_r8,rate4,resource_aware,93,4,4,28,0
reduction_tree_mult_w32_r8,rate4,resource_aware,94,0,4,32,0
reduction_tree_mult_w32_r8,rate4,resource_aware,95,4,0,28,0
reduction_tree_mult_w32_r8,rate4,resource_aware,96,4,4,28,0
reduction_tree_mult_w32_r8,rate4,resource_aware,97,4,4,28,0
reduction_tree_mult_w32_r8,rate4,resource_aware,98,4,4,28,0
reduction_tree_mult_w32_r8,rate4,resource_aware,99,0,4,32,0
reduction_tree_mult_w32_r8,rate4,resource_aware,100,4,0,28,0
reduction_tree_mult_w32_r8,rate4,resource_aware,101,4,4,28,0
reduction_tree_mult_w32_r8,rate4,resource_aware,102,4,4,28,0
reduction_tree_mult_w32_r8,rate4,resource_aware,103,4,4,28,0
reduction_tree_mult_w32_r8,rate4,resource_aware,104,0,4,32,0
reduction_tree_mult_w32_r8,rate4,resource_aware,105,4,0,28,0
reduction_tree_mult_w32_r8,rate4,resource_aware,106,4,4,28,0
reduction_tree_mult_w32_r8,rate4,resource_aware,107,4,4,28,0
reduction_tree_mult_w32_r8,rate4,resource_aware,108,4,4,28,0
reduction_tree_mult_w32_r8,rate4,resource_aware,109,0,4,32,0
reduction_tree_mult_w32_r8,rate4,resource_aware,110,4,0,28,0
reduction_tree_mult_w32_r8,rate4,resource_aware,111,4,4,28,0
reduction_tree_mult_w32_r8,rate4,resource_aware,112,4,4,28,0
reduction_tree_mult_w32_r8,rate4,resource_aware,113,4,4,28,0
reduction_tree_mult_w32_r8,rate4,resource_aware,114,0,4,32,0
reduction_tree_mult_w32_r8,rate4,resource_aware,115,4,0,28,0
reduction_tree_mult_w32_r8,rate4,resource_aware,116,4,4,28,0
reduction_tree_mult_w32_r8,rate4,resource_aware,117,4,4,28,0
reduction_tree_mult_w32_r8,rate4,resource_aware,118,4,4,28,0
reduction_tree_mult_w32_r8,rate4,resource_aware,119,0,4,32,0
reduction_tree_mult_w32_r8,rate4,resource_aware,120,4,0,28,0
reduction_tree_mult_w32_r8,rate4,resource_aware,121,4,4,28,0
reduction_tree_mult_w32_r8,rate4,resource_aware,122,4,4,28,0
reduction_tree_mult_w32_r8,rate4,resource_aware,123,4,4,28,0
reduction_tree_mult_w32_r8,rate4,resource_aware,124,0,4,32,0
reduction_tree_mult_w32_r8,rate4,resource_aware,125,4,0,28,0
reduction_tree_mult_w32_r8,rate4,resource_aware,126,4,4,28,0
reduction_tree_mult_w32_r8,rate4,resource_aware,127,4,4,28,0
reduction_tree_mult_w32_r8,rate4,resource_aware,128,4,4,28,0
reduction_tree_mult_w32_r8,rate4,resource_aware,129,0,4,32,0
reduction_tree_mult_w32_r8,rate4,resource_aware,130,4,0,28,0
reduction_tree_mult_w32_r8,rate4,resource_aware,131,4,4,28,0
reduction_tree_mult_w32_r8,rate4,resource_aware,132,4,4,28,0
reduction_tree_mult_w32_r8,rate4,resource_aware,133,4,4,28,0
reduction_tree_mult_w32_r8,rate4,resource_aware,134,0,4,32,0
reduction_tree_mult_w32_r8,rate4,resource_aware,135,4,0,28,0
reduction_tree_mult_w32_r8,rate4,resource_aware,136,4,4,28,0
reduction_tree_mult_w32_r8,rate4,resource_aware,137,4,4,28,0
reduction_tree_mult_w32_r8,rate4,resource_aware,138,4,4,28,0
reduction_tree_mult_w32_r8,rate4,resource_aware,139,0,4,32,0
reduction_tree_mult_w32_r8,rate4,resource_aware,140,4,0,28,0
reduction_tree_mult_w32_r8,rate4,resource_aware,141,4,4,28,0
reduction_tree_mult_w32_r8,rate4,resource_aware,142,4,4,28,0
reduction_tree_mult_w32_r8,rate4,resource_aware,143,4,4,28,0
reduction_tree_mult_w32_r8,rate4,resource_aware,144,0,4,32,0
reduction_tree_mult_w32_r8,rate4,resource_aware,145,4,0,28,0
reduction_tree_mult_w32_r8,rate4,resource_aware,146,4,4,28,0
reduction_tree_mult_w32_r8,rate4,resource_aware,147,4,4,28,0
reduction_tree_mult_w32_r8,rate4,resource_aware,148,4,4,28,0
reduction_tree_mult_w32_r8,rate4,resource_aware,149,0,4,32,0
reduction_tree_mult_w32_r8,rate4,resource_aware,150,4,0,28,0
reduction_tree_mult_w32_r8,rate4,resource_aware,151,4,4,28,0
reduction_tree_mult_w32_r8,rate4,resource_aware,152,4,4,28,0
reduction_tree_mult_w32_r8,rate4,resource_aware,153,4,4,28,0
reduction_tree_mult_w32_r8,rate4,resource_aware,154,0,4,32,0
reduction_tree_mult_w32_r8,rate4,resource_aware,155,4,0,28,0
reduction_tree_mult_w32_r8,rate4,resource_aware,156,4,4,28,0
reduction_tree_mult_w32_r8,rate4,resource_aware,157,4,4,28,0
reduction_tree_mult_w32_r8,rate4,resource_aware,158,4,4,28,0
reduction_tree_mult_w32_r8,rate4,resource_aware,159,0,4,32,0
reduction_tree_mult_w32_r8,rate4,resource_aware,160,4,0,28,0
reduction_tree_mult_w32_r8,rate4,resource_aware,161,4,4,28,0
reduction_tree_mult_w32_r8,rate4,resource_aware,162,4,4,28,0
reduction_tree_mult_w32_r8,rate4,resource_aware,163,4,4,28,0
reduction_tree_mult_w32_r8,rate4,resource_aware,164,0,4,32,0
reduction_tree_mult_w32_r8,rate4,resource_aware,165,0,0,32,0
reduction_tree_mult_w32_r8,rate4,resource_aware,166,0,0,32,0
reduction_tree_mult_w32_r8,rate4,resource_aware,167,0,0,32,0
reduction_tree_mult_w32_r8,rate4,resource_aware,168,0,0,32,0
reduction_tree_mult_w32_r8,rate4,resource_aware,169,0,0,32,0
reduction_tree_mult_w32_r8,rate4,resource_aware,170,32,0,0,0
reduction_tree_mult_w32_r8,rate4,resource_aware,171,4,4,0,0
reduction_tree_mult_w32_r8,rate4,resource_aware,172,4,4,0,0
reduction_tree_mult_w32_r8,rate4,resource_aware,173,4,4,0,0
reduction_tree_mult_w32_r8,rate4,resource_aware,174,4,4,0,0
reduction_tree_mult_w32_r8,rate4,resource_aware,175,4,4,0,0
reduction_tree_mult_w32_r8,rate4,resource_aware,176,4,4,0,0
reduction_tree_mult_w32_r8,rate4,resource_aware,177,4,4,0,0
reduction_tree_mult_w32_r8,rate4,resource_aware,178,4,4,0,0
reduction_tree_mult_w32_r8,rate4,resource_aware,179,4,4,0,0
reduction_tree_mult_w32_r8,rate4,resource_aware,180,4,4,0,0
reduction_tree_mult_w32_r8,rate4,resource_aware,181,4,4,0,0
reduction_tree_mult_w32_r8,rate4,resource_aware,182,4,4,0,0
reduction_tree_mult_w32_r8,rate4,resource_aware,183,4,4,0,0
reduction_tree_mult_w32_r8,rate4,resource_aware,184,4,4,0,0
reduction_tree_mult_w32_r8,rate4,resource_aware,185,4,4,0,0
reduction_tree_mult_w32_r8,rate4,resource_aware,186,4,4,0,0
reduction_tree_mult_w32_r8,rate4,resource_aware,187,4,4,0,0
reduction_tree_mult_w32_r8,rate4,resource_aware,188,4,4,0,0
reduction_tree_mult_w32_r8,rate4,resource_aware,189,4,4,0,0
reduction_tree_mult_w32_r8,rate4,resource_aware,190,4,4,0,0
reduction_tree_mult_w32_r8,rate4,resource_aware,191,4,4,0,0
reduction_tree_mult_w32_r8,rate4,resource_aware,192,4,4,0,0
reduction_tree_mult_w32_r8,rate4,resource_aware,193,4,4,0,0
reduction_tree_mult_w32_r8,rate4,resource_aware,194,4,4,0,0
reduction_tree_mult_w32_r8,rate4,resource_aware,195,4,4,0,0
reduction_tree_mult_w32_r8,rate4,resource_aware,196,4,4,0,0
reduction_tree_mult_w32_r8,rate4,resource_aware,197,4,4,0,0
reduction_tree_mult_w32_r8,rate4,resource_aware,198,4,4,0,0
reduction_tree_mult_w32_r8,rate4,resource_aware,199,4,4,0,0
reduction_tree_mult_w32_r8,rate4,resource_aware,200,4,4,0,0
reduction_tree_mult_w32_r8,rate4,resource_aware,201,4,4,0,0
reduction_tree_mult_w32_r8,rate4,resource_aware,202,4,4,0,0
reduction_tree_mult_w32_r8,rate4,resource_aware,203,4,4,0,0
reduction_tree_mult_w32_r8,rate4,resource_aware,204,4,4,0,0
reduction_tree_mult_w32_r8,rate4,resource_aware,205,4,4,0,0
reduction_tree_mult_w32_r8,rate4,resource_aware,206,4,4,0,0
reduction_tree_mult_w32_r8,rate4,resource_aware,207,4,4,0,0
reduction_tree_mult_w32_r8,rate4,resource_aware,208,4,4,0,0
reduction_tree_mult_w32_r8,rate4,resource_aware,209,4,4,0,0
reduction_tree_mult_w32_r8,rate4,resource_aware,210,4,4,0,0
reduction_tree_mult_w32_r8,rate4,resource_aware,211,4,4,0,0
reduction_tree_mult_w32_r8,rate4,resource_aware,212,4,4,0,0
reduction_tree_mult_w32_r8,rate4,resource_aware,213,4,4,0,0
reduction_tree_mult_w32_r8,rate4,resource_aware,214,4,4,0,0
reduction_tree_mult_w32_r8,rate4,resource_aware,215,4,4,0,0
reduction_tree_mult_w32_r8,rate4,resource_aware,216,4,4,0,0
reduction_tree_mult_w32_r8,rate4,resource_aware,217,4,4,0,0
reduction_tree_mult_w32_r8,rate4,resource_aware,218,4,4,0,0
reduction_tree_mult_w32_r8,rate4,resource_aware,219,4,4,0,0
reduction_tree_mult_w32_r8,rate4,resource_aware,220,4,4,0,0
reduction_tree_mult_w32_r8,rate4,resource_aware,221,4,4,0,0
reduction_tree_mult_w32_r8,rate4,resource_aware,222,4,4,0,0
reduction_tree_mult_w32_r8,rate4,resource_aware,223,4,4,0,0
reduction_tree_mult_w32_r8,rate4,resource_aware,224,4,4,0,0
reduction_tree_mult_w32_r8,rate4,resource_aware,225,4,4,0,0
reduction_tree_mult_w32_r8,rate4,resource_aware,226,4,4,0,0
reduction_tree_mult_w32_r8,rate4,resource_aware,227,4,4,0,0
reduction_tree_mult_w32_r8,rate4,resource_aware,228,4,4,0,0
reduction_tree_mult_w32_r8,rate4,resource_aware,229,4,4,0,0
reduction_tree_mult_w32_r8,rate4,resource_aware,230,4,4,0,0
reduction_tree_mult_w32_r8,rate4,resource_aware,231,4,4,0,0
reduction_tree_mult_w32_r8,rate4,resource_aware,232,4,4,0,0
reduction_tree_mult_w32_r8,rate4,resource_aware,233,4,4,0,0
reduction_tree_mult_w32_r8,rate4,resource_aware,234,4,4,0,0
reduction_tree_mult_w32_r8,rate4,resource_aware,235,4,4,0,0
reduction_tree_mult_w32_r8,rate4,resource_aware,236,4,4,0,0
reduction_tree_mult_w32_r8,rate4,resource_aware,237,4,4,0,0
reduction_tree_mult_w32_r8,rate4,resource_aware,238,4,4,0,0
reduction_tree_mult_w32_r8,rate4,resource_aware,239,4,4,0,0
reduction_tree_mult_w32_r8,rate4,resource_aware,240,4,4,0,0
reduction_tree_mult_w32_r8,rate4,resource_aware,241,4,4,0,0
reduction_tree_mult_w32_r8,rate4,resource_aware,242,4,4,0,0
reduction_tree_mult_w32_r8,rate4,resource_aware,243,4,4,0,0
reduction_tree_mult_w32_r8,rate4,resource_aware,244,4,4,0,0
reduction_tree_mult_w32_r8,rate4,resource_aware,245,4,4,0,0
reduction_tree_mult_w32_r8,rate4,resource_aware,246,4,4,0,0
reduction_tree_mult_w32_r8,rate4,resource_aware,247,4,4,0,0
reduction_tree_mult_w32_r8,rate4,resource_aware,248,4,4,0,0
reduction_tree_mult_w32_r8,rate4,resource_aware,249,4,4,0,0
reduction_tree_mult_w32_r8,rate4,resource_aware,250,4,4,0,0
reduction_tree_mult_w32_r8,rate4,resource_aware,251,4,4,0,0
reduction_tree_mult_w32_r8,rate4,resource_aware,252,4,4,0,0
reduction_tree_mult_w32_r8,rate4,resource_aware,253,4,4,0,0
reduction_tree_mult_w32_r8,rate4,resource_aware,254,4,4,0,0
reduction_tree_mult_w32_r8,rate4,resource_aware,255,4,4,0,0
reduction_tree_mult_w32_r8,rate4,resource_aware,256,4,4,0,0
reduction_tree_mult_w32_r8,rate4,resource_aware,257,4,4,0,0
reduction_tree_mult_w32_r8,rate4,resource_aware,258,4,4,0,0
reduction_tree_mult_w32_r8,rate4,resource_aware,259,4,4,0,0
reduction_tree_mult_w32_r8,rate4,resource_aware,260,4,4,0,0
reduction_tree_mult_w32_r8,rate4,resource_aware,261,4,4,0,0
reduction_tree_mult_w32_r8,rate4,resource_aware,262,4,4,0,0
reduction_tree_mult_w32_r8,rate4,resource_aware,263,4,4,0,0
reduction_tree_mult_w32_r8,rate4,resource_aware,264,4,4,0,0
reduction_tree_mult_w32_r8,rate4,resource_aware,265,4,4,0,0
reduction_tree_mult_w32_r8,rate4,resource_aware,266,4,4,0,0
reduction_tree_mult_w32_r8,rate4,resource_aware,267,4,4,0,0
reduction_tree_mult_w32_r8,rate4,resource_aware,268,4,4,0,0
reduction_tree_mult_w32_r8,rate4,resource_aware,269,4,4,0,0
reduction_tree_mult_w32_r8,rate4,resource_aware,270,4,4,0,0
reduction_tree_mult_w32_r8,rate4,resource_aware,271,4,4,0,0
reduction_tree_mult_w32_r8,rate4,resource_aware,272,4,4,0,0
reduction_tree_mult_w32_r8,rate4,resource_aware,273,4,4,0,0
reduction_tree_mult_w32_r8,rate4,resource_aware,274,4,4,0,0
reduction_tree_mult_w32_r8,rate4,resource_aware,275,4,4,0,0
reduction_tree_mult_w32_r8,rate4,resource_aware,276,4,4,0,0
reduction_tree_mult_w32_r8,rate4,resource_aware,277,4,4,0,0
reduction_tree_mult_w32_r8,rate4,resource_aware,278,4,4,0,0
reduction_tree_mult_w32_r8,rate4,resource_aware,279,4,4,0,0
reduction_tree_mult_w32_r8,rate4,resource_aware,280,4,4,0,0
reduction_tree_mult_w32_r8,rate4,resource_aware,281,4,4,0,0
reduction_tree_mult_w32_r8,rate4,resource_aware,282,4,4,0,0
reduction_tree_mult_w32_r8,rate4,resource_aware,283,4,4,0,0
reduction_tree_mult_w32_r8,rate4,resource_aware,284,4,4,0,0
reduction_tree_mult_w32_r8,rate4,resource_aware,285,0,4,4,0
reduction_tree_mult_w32_r8,rate4,resource_aware,286,0,4,8,0
reduction_tree_mult_w32_r8,rate4,resource_aware,287,0,4,12,0
reduction_tree_mult_w32_r8,rate4,resource_aware,288,0,4,16,0
reduction_tree_mult_w32_r8,rate4,resource_aware,289,0,4,20,0
reduction_tree_mult_w32_r8,rate4,resource_aware,290,0,4,24,0
reduction_tree_mult_w32_r8,rate4,resource_aware,291,28,4,0,0
reduction_tree_mult_w32_r8,rate4,resource_aware,292,4,4,0,0
reduction_tree_mult_w32_r8,rate4,resource_aware,293,4,4,0,0
reduction_tree_mult_w32_r8,rate4,resource_aware,294,4,4,0,0
reduction_tree_mult_w32_r8,rate4,resource_aware,295,4,4,0,0
reduction_tree_mult_w32_r8,rate4,resource_aware,296,4,4,0,0
reduction_tree_mult_w32_r8,rate4,resource_aware,297,4,4,0,0
reduction_tree_mult_w32_r8,rate4,resource_aware,298,4,4,0,0
reduction_tree_mult_w32_r8,rate4,resource_aware,299,4,4,0,0
reduction_tree_mult_w32_r8,rate4,resource_aware,300,4,4,0,0
reduction_tree_mult_w32_r8,rate4,resource_aware,301,4,4,0,0
reduction_tree_mult_w32_r8,rate4,resource_aware,302,4,4,0,0
reduction_tree_mult_w32_r8,rate4,resource_aware,303,4,4,0,0
reduction_tree_mult_w32_r8,rate4,resource_aware,304,4,4,0,0
reduction_tree_mult_w32_r8,rate4,resource_aware,305,4,4,0,0
reduction_tree_mult_w32_r8,rate4,resource_aware,306,4,4,0,0
reduction_tree_mult_w32_r8,rate4,resource_aware,307,4,4,0,0
reduction_tree_mult_w32_r8,rate4,resource_aware,308,4,4,0,0
reduction_tree_mult_w32_r8,rate4,resource_aware,309,4,4,0,0
reduction_tree_mult_w32_r8,rate4,resource_aware,310,4,4,0,0
reduction_tree_mult_w32_r8,rate4,resource_aware,311,4,4,0,0
reduction_tree_mult_w32_r8,rate4,resource_aware,312,4,4,0,0
reduction_tree_mult_w32_r8,rate4,resource_aware,313,4,4,0,0
reduction_tree_mult_w32_r8,rate4,resource_aware,314,4,4,0,0
reduction_tree_mult_w32_r8,rate4,resource_aware,315,4,4,0,0
reduction_tree_mult_w32_r8,rate4,resource_aware,316,4,4,0,0
reduction_tree_mult_w32_r8,rate4,resource_aware,317,4,4,0,0
reduction_tree_mult_w32_r8,rate4,resource_aware,318,4,4,0,0
reduction_tree_mult_w32_r8,rate4,resource_aware,319,4,4,0,0
reduction_tree_mult_w32_r8,rate4,resource_aware,320,4,4,0,0
reduction_tree_mult_w32_r8,rate4,resource_aware,321,4,4,0,0
reduction_tree_mult_w32_r8,rate4,resource_aware,322,4,4,0,0
reduction_tree_mult_w32_r8,rate4,resource_aware,323,4,4,0,0
reduction_tree_mult_w32_r8,rate4,resource_aware,324,4,4,0,0
reduction_tree_mult_w32_r8,rate4,resource_aware,325,4,4,0,0
reduction_tree_mult_w32_r8,rate4,resource_aware,326,4,4,0,0
reduction_tree_mult_w32_r8,rate4,resource_aware,327,4,4,0,0
reduction_tree_mult_w32_r8,rate4,resource_aware,328,4,4,0,0
reduction_tree_mult_w32_r8,rate4,resource_aware,329,4,4,0,0
reduction_tree_mult_w32_r8,rate4,resource_aware,330,4,4,0,0
reduction_tree_mult_w32_r8,rate4,resource_aware,331,4,4,0,0
reduction_tree_mult_w32_r8,rate4,resource_aware,332,4,4,0,0
reduction_tree_mult_w32_r8,rate4,resource_aware,333,4,4,0,0
reduction_tree_mult_w32_r8,rate4,resource_aware,334,4,4,0,0
reduction_tree_mult_w32_r8,rate4,resource_aware,335,4,4,0,0
reduction_tree_mult_w32_r8,rate4,resource_aware,336,4,4,0,0
reduction_tree_mult_w32_r8,rate4,resource_aware,337,4,4,0,0
reduction_tree_mult_w32_r8,rate4,resource_aware,338,4,4,0,0
reduction_tree_mult_w32_r8,rate4,resource_aware,339,4,4,0,0
reduction_tree_mult_w32_r8,rate4,resource_aware,340,4,4,0,0
reduction_tree_mult_w32_r8,rate4,resource_aware,341,4,4,0,0
reduction_tree_mult_w32_r8,rate4,resource_aware,342,4,4,0,0
reduction_tree_mult_w32_r8,rate4,resource_aware,343,4,4,0,0
reduction_tree_mult_w32_r8,rate4,resource_aware,344,4,4,0,0
reduction_tree_mult_w32_r8,rate4,resource_aware,345,4,4,0,0
reduction_tree_mult_w32_r8,rate4,resource_aware,346,0,4,4,0
reduction_tree_mult_w32_r8,rate4,resource_aware,347,0,4,8,0
reduction_tree_mult_w32_r8,rate4,resource_aware,348,0,4,12,0
