program,sweep,regime,rate,buffer,production_latency,makespan_min_t_depth,makespan_min_t_count,makespan_share_aware,makespan_resource_aware,reference,regret_min_t_depth,regret_resource_aware
grover_c16_i2,factory_granularity,F10_L10_stag,1.0,32,10,259,248,218,225,218,1.1881,1.0321
grover_c16_i2,factory_granularity,F10_L10_sync,1.0,32,10,252,247,215,224,214,1.1776,1.0467
grover_c16_i2,factory_granularity,F20_L20_stag,1.0,32,20,269,258,228,235,228,1.1798,1.0307
grover_c16_i2,factory_granularity,F20_L20_sync,1.0,32,20,262,259,220,230,220,1.1909,1.0455
grover_c16_i2,factory_granularity,F2_L2_stag,1.0,32,2,251,240,210,217,210,1.1952,1.0333
grover_c16_i2,factory_granularity,F2_L2_sync,1.0,32,2,250,239,209,216,209,1.1962,1.0335
grover_c16_i2,factory_granularity,F40_L40_stag,1.0,32,40,289,278,248,255,248,1.1653,1.0282
grover_c16_i2,factory_granularity,F40_L40_sync,1.0,32,40,324,313,324,290,284,1.1408,1.0211
grover_c16_i2,factory_granularity,F5_L5_stag,1.0,32,5,254,243,213,220,213,1.1925,1.0329
grover_c16_i2,factory_granularity,F5_L5_sync,1.0,32,5,252,243,213,222,212,1.1887,1.0472
grover_c16_i2,buffer,buffer1,1.0,1,10,303,295,287,291,287,1.0557,1.0139
grover_c16_i2,buffer,buffer128,1.0,128,10,259,238,218,211,211,1.2275,1.0
grover_c16_i2,buffer,buffer16,1.0,16,10,259,264,218,241,218,1.1881,1.1055
grover_c16_i2,buffer,buffer2,1.0,2,10,286,286,238,270,238,1.2017,1.1345
grover_c16_i2,buffer,buffer32,1.0,32,10,259,248,218,225,218,1.1881,1.0321
grover_c16_i2,buffer,buffer4,1.0,4,10,272,276,228,258,228,1.193,1.1316
grover_c16_i2,buffer,buffer8,1.0,8,10,261,272,224,250,224,1.1652,1.1161
grover_c16_i2,buffer,bufferinf,1.0,-1,10,259,238,218,211,211,1.2275,1.0
grover_c16_i2,production_latency,latency1,1.0,32,1,250,239,209,216,209,1.1962,1.0335
grover_c16_i2,production_latency,latency10,1.0,32,10,259,248,218,225,218,1.1881,1.0321
grover_c16_i2,production_latency,latency100,1.0,32,100,349,338,308,315,308,1.1331,1.0227
grover_c16_i2,production_latency,latency40,1.0,32,40,289,278,248,255,248,1.1653,1.0282
mixed_w32_c16_l2,factory_granularity,F10_L10_stag,1.0,32,10,747,448,448,448,448,1.6674,1.0
mixed_w32_c16_l2,factory_granularity,F10_L10_sync,1.0,32,10,742,443,443,443,443,1.6749,1.0
mixed_w32_c16_l2,factory_granularity,F20_L20_stag,1.0,32,20,757,458,458,458,458,1.6528,1.0
mixed_w32_c16_l2,factory_granularity,F20_L20_sync,1.0,32,20,742,453,453,453,453,1.638,1.0
mixed_w32_c16_l2,factory_granularity,F2_L2_stag,1.0,32,2,739,440,440,440,440,1.6795,1.0
mixed_w32_c16_l2,factory_granularity,F2_L2_sync,1.0,32,2,738,439,439,439,439,1.6811,1.0
mixed_w32_c16_l2,factory_granularity,F40_L40_stag,1.0,32,40,777,478,478,478,478,1.6255,1.0
mixed_w32_c16_l2,factory_granularity,F40_L40_sync,1.0,32,40,922,576,576,590,576,1.6007,1.0243
mixed_w32_c16_l2,factory_granularity,F5_L5_stag,1.0,32,5,742,443,443,443,443,1.6749,1.0
mixed_w32_c16_l2,factory_granularity,F5_L5_sync,1.0,32,5,742,441,441,441,441,1.6825,1.0
mixed_w32_c16_l2,buffer,buffer1,1.0,1,10,761,457,455,457,455,1.6725,1.0044
mixed_w32_c16_l2,buffer,buffer128,1.0,128,10,747,448,448,448,448,1.6674,1.0
mixed_w32_c16_l2,buffer,buffer16,1.0,16,10,747,448,448,448,448,1.6674,1.0
mixed_w32_c16_l2,buffer,buffer2,1.0,2,10,758,454,453,454,453,1.6733,1.0022
mixed_w32_c16_l2,buffer,buffer32,1.0,32,10,747,448,448,448,448,1.6674,1.0
mixed_w32_c16_l2,buffer,buffer4,1.0,4,10,754,452,451,452,451,1.6718,1.0022
mixed_w32_c16_l2,buffer,buffer8,1.0,8,10,747,448,448,448,448,1.6674,1.0
mixed_w32_c16_l2,buffer,bufferinf,1.0,-1,10,747,448,448,448,448,1.6674,1.0
mixed_w32_c16_l2,production_latency,latency1,1.0,32,1,738,439,439,439,439,1.6811,1.0
mixed_w32_c16_l2,production_latency,latency10,1.0,32,10,747,448,448,448,448,1.6674,1.0
mixed_w32_c16_l2,production_latency,latency100,1.0,32,100,837,538,538,538,538,1.5558,1.0
mixed_w32_c16_l2,production_latency,latency40,1.0,32,40,777,478,478,478,478,1.6255,1.0
qft_q5_t32,factory_granularity,F10_L10_stag,1.0,32,10,651,371,347,347,347,1.8761,1.0
qft_q5_t32,factory_granularity,F10_L10_sync,1.0,32,10,642,370,346,344,344,1.8663,1.0
qft_q5_t32,factory_granularity,F20_L20_stag,1.0,32,20,661,381,357,357,357,1.8515,1.0
qft_q5_t32,factory_granularity,F20_L20_sync,1.0,32,20,644,380,356,348,348,1.8506,1.0
qft_q5_t32,factory_granularity,F2_L2_stag,1.0,32,2,643,363,339,339,339,1.8968,1.0
qft_q5_t32,factory_granularity,F2_L2_sync,1.0,32,2,642,362,338,338,338,1.8994,1.0
qft_q5_t32,factory_granularity,F40_L40_stag,1.0,32,40,681,401,377,377,377,1.8064,1.0
qft_q5_t32,factory_granularity,F40_L40_sync,1.0,32,40,804,464,444,444,444,1.8108,1.0
qft_q5_t32,factory_granularity,F5_L5_stag,1.0,32,5,646,366,342,342,342,1.8889,1.0
qft_q5_t32,factory_granularity,F5_L5_sync,1.0,32,5,642,365,341,341,341,1.8827,1.0
qft_q5_t32,buffer,buffer1,1.0,1,10,669,377,373,373,373,1.7936,1.0
qft_q5_t32,buffer,buffer128,1.0,128,10,651,371,347,347,347,1.8761,1.0
qft_q5_t32,buffer,buffer16,1.0,16,10,651,371,347,347,347,1.8761,1.0
qft_q5_t32,buffer,buffer2,1.0,2,10,663,375,351,351,351,1.8889,1.0
qft_q5_t32,buffer,buffer32,1.0,32,10,651,371,347,347,347,1.8761,1.0
qft_q5_t32,buffer,buffer4,1.0,4,10,657,373,349,349,349,1.8825,1.0
qft_q5_t32,buffer,buffer8,1.0,8,10,651,371,347,347,347,1.8761,1.0
qft_q5_t32,buffer,bufferinf,1.0,-1,10,651,371,347,347,347,1.8761,1.0
qft_q5_t32,production_latency,latency1,1.0,32,1,642,362,338,338,338,1.8994,1.0
qft_q5_t32,production_latency,latency10,1.0,32,10,651,371,347,347,347,1.8761,1.0
qft_q5_t32,production_latency,latency100,1.0,32,100,741,461,437,437,437,1.6957,1.0
qft_q5_t32,production_latency,latency40,1.0,32,40,681,401,377,377,377,1.8064,1.0
reduction_tree_mult_w32_r8,factory_granularity,F10_L10_stag,1.0,32,10,1720,915,915,915,915,1.8798,1.0
reduction_tree_mult_w32_r8,factory_granularity,F10_L10_sync,1.0,32,10,1713,912,912,912,912,1.8783,1.0
reduction_tree_mult_w32_r8,factory_granularity,F20_L20_stag,1.0,32,20,1730,925,925,925,925,1.8703,1.0
reduction_tree_mult_w32_r8,factory_granularity,F20_L20_sync,1.0,32,20,1723,922,922,922,922,1.8688,1.0
reduction_tree_mult_w32_r8,factory_granularity,F2_L2_stag,1.0,32,2,1712,907,907,907,907,1.8875,1.0
reduction_tree_mult_w32_r8,factory_granularity,F2_L2_sync,1.0,32,2,1711,906,906,906,906,1.8885,1.0
reduction_tree_mult_w32_r8,factory_granularity,F40_L40_stag,1.0,32,40,1750,945,945,945,945,1.8519,1.0
reduction_tree_mult_w32_r8,factory_granularity,F40_L40_sync,1.0,32,40,2165,1125,1125,1125,1125,1.9244,1.0
reduction_tree_mult_w32_r8,factory_granularity,F5_L5_stag,1.0,32,5,1715,910,910,910,910,1.8846,1.0
reduction_tree_mult_w32_r8,factory_granularity,F5_L5_sync,1.0,32,5,1713,909,909,909,909,1.8845,1.0
reduction_tree_mult_w32_r8,buffer,buffer1,1.0,1,10,1732,983,983,983,983,1.762,1.0
reduction_tree_mult_w32_r8,buffer,buffer128,1.0,128,10,1720,915,915,915,915,1.8798,1.0
reduction_tree_mult_w32_r8,buffer,buffer16,1.0,16,10,1720,915,915,915,915,1.8798,1.0
reduction_tree_mult_w32_r8,buffer,buffer2,1.0,2,10,1730,920,920,920,920,1.8804,1.0
reduction_tree_mult_w32_r8,buffer,buffer32,1.0,32,10,1720,915,915,915,915,1.8798,1.0
reduction_tree_mult_w32_r8,buffer,buffer4,1.0,4,10,1726,918,918,918,918,1.8802,1.0
reduction_tree_mult_w32_r8,buffer,buffer8,1.0,8,10,1720,915,915,915,915,1.8798,1.0
reduction_tree_mult_w32_r8,buffer,bufferinf,1.0,-1,10,1720,915,915,915,915,1.8798,1.0
reduction_tree_mult_w32_r8,production_latency,latency1,1.0,32,1,1711,906,906,906,906,1.8885,1.0
reduction_tree_mult_w32_r8,production_latency,latency10,1.0,32,10,1720,915,915,915,915,1.8798,1.0
reduction_tree_mult_w32_r8,production_latency,latency100,1.0,32,100,1810,1005,1005,1005,1005,1.801,1.0
reduction_tree_mult_w32_r8,production_latency,latency40,1.0,32,40,1750,945,945,945,945,1.8519,1.0
toffoli_ladder_n3_l2,factory_granularity,F10_L10_stag,1.0,32,10,54,38,38,38,38,1.4211,1.0
toffoli_ladder_n3_l2,factory_granularity,F10_L10_sync,1.0,32,10,53,34,34,34,33,1.6061,1.0303
toffoli_ladder_n3_l2,factory_granularity,F20_L20_stag,1.0,32,20,64,48,48,48,48,1.3333,1.0
toffoli_ladder_n3_l2,factory_granularity,F20_L20_sync,1.0,32,20,63,43,63,43,43,1.4651,1.0
toffoli_ladder_n3_l2,factory_granularity,F2_L2_stag,1.0,32,2,46,30,30,30,30,1.5333,1.0
toffoli_ladder_n3_l2,factory_granularity,F2_L2_sync,1.0,32,2,45,29,29,29,29,1.5517,1.0
toffoli_ladder_n3_l2,factory_granularity,F40_L40_stag,1.0,32,40,84,68,68,68,68,1.2353,1.0
toffoli_ladder_n3_l2,factory_granularity,F40_L40_sync,1.0,32,40,83,63,83,83,61,1.3607,1.3607
toffoli_ladder_n3_l2,factory_granularity,F5_L5_stag,1.0,32,5,49,33,33,33,33,1.4848,1.0
toffoli_ladder_n3_l2,factory_granularity,F5_L5_sync,1.0,32,5,48,32,32,32,32,1.5,1.0
toffoli_ladder_n3_l2,buffer,buffer1,1.0,1,10,66,48,48,48,48,1.375,1.0
toffoli_ladder_n3_l2,buffer,buffer128,1.0,128,10,54,38,38,38,38,1.4211,1.0
toffoli_ladder_n3_l2,buffer,buffer16,1.0,16,10,54,38,38,38,38,1.4211,1.0
toffoli_ladder_n3_l2,buffer,buffer2,1.0,2,10,64,46,46,46,46,1.3913,1.0
toffoli_ladder_n3_l2,buffer,buffer32,1.0,32,10,54,38,38,38,38,1.4211,1.0
toffoli_ladder_n3_l2,buffer,buffer4,1.0,4,10,60,42,42,42,42,1.4286,1.0
toffoli_ladder_n3_l2,buffer,buffer8,1.0,8,10,54,38,38,38,38,1.4211,1.0
toffoli_ladder_n3_l2,buffer,bufferinf,1.0,-1,10,54,38,38,38,38,1.4211,1.0
toffoli_ladder_n3_l2,production_latency,latency1,1.0,32,1,45,29,29,29,29,1.5517,1.0
toffoli_ladder_n3_l2,production_latency,latency10,1.0,32,10,54,38,38,38,38,1.4211,1.0
toffoli_ladder_n3_l2,production_latency,latency100,1.0,32,100,144,128,128,128,128,1.125,1.0
toffoli_ladder_n3_l2,production_latency,latency40,1.0,32,40,84,68,68,68,68,1.2353,1.0
trotter_t4_l2_b32,factory_granularity,F10_L10_stag,1.0,32,10,523,267,267,267,267,1.9588,1.0
trotter_t4_l2_b32,factory_granularity,F10_L10_sync,1.0,32,10,522,264,264,264,264,1.9773,1.0
trotter_t4_l2_b32,factory_granularity,F20_L20_stag,1.0,32,20,533,277,277,277,277,1.9242,1.0
trotter_t4_l2_b32,factory_granularity,F20_L20_sync,1.0,32,20,522,268,268,268,268,1.9478,1.0
trotter_t4_l2_b32,factory_granularity,F2_L2_stag,1.0,32,2,515,259,259,259,259,1.9884,1.0
trotter_t4_l2_b32,factory_granularity,F2_L2_sync,1.0,32,2,514,258,258,258,258,1.9922,1.0
trotter_t4_l2_b32,factory_granularity,F40_L40_stag,1.0,32,40,553,297,297,297,297,1.862,1.0
trotter_t4_l2_b32,factory_granularity,F40_L40_sync,1.0,32,40,642,336,336,336,336,1.9107,1.0
trotter_t4_l2_b32,factory_granularity,F5_L5_stag,1.0,32,5,518,262,262,262,262,1.9771,1.0
trotter_t4_l2_b32,factory_granularity,F5_L5_sync,1.0,32,5,517,262,262,262,262,1.9733,1.0
trotter_t4_l2_b32,buffer,buffer1,1.0,1,10,528,272,272,272,272,1.9412,1.0
trotter_t4_l2_b32,buffer,buffer128,1.0,128,10,523,267,267,267,267,1.9588,1.0
trotter_t4_l2_b32,buffer,buffer16,1.0,16,10,523,267,267,267,267,1.9588,1.0
trotter_t4_l2_b32,buffer,buffer2,1.0,2,10,527,271,271,271,271,1.9446,1.0
trotter_t4_l2_b32,buffer,buffer32,1.0,32,10,523,267,267,267,267,1.9588,1.0
trotter_t4_l2_b32,buffer,buffer4,1.0,4,10,525,269,269,269,269,1.9517,1.0
trotter_t4_l2_b32,buffer,buffer8,1.0,8,10,523,267,267,267,267,1.9588,1.0
trotter_t4_l2_b32,buffer,bufferinf,1.0,-1,10,523,267,267,267,267,1.9588,1.0
trotter_t4_l2_b32,production_latency,latency1,1.0,32,1,514,258,258,258,258,1.9922,1.0
trotter_t4_l2_b32,production_latency,latency10,1.0,32,10,523,267,267,267,267,1.9588,1.0
trotter_t4_l2_b32,production_latency,latency100,1.0,32,100,613,357,357,357,357,1.7171,1.0
trotter_t4_l2_b32,production_latency,latency40,1.0,32,40,553,297,297,297,297,1.862,1.0
