family,kernel,concurrency,size,decision_sites,assignment_space,symmetric_space,capacity_target,ccz_share,makespan_uniform_oracle,makespan_best_simple,best_simple_baseline,makespan_sim_descent,makespan_global_oracle,oracle_exhaustive,headroom_over_uniform_oracle,headroom_over_best_simple,sim_descent_regret,oracle_heterogeneity,oracle_ccz_share_of_demand,seconds_uniform_oracle,seconds_sim_descent,seconds_global_oracle
multiplier,multiplier_w32_r4,2,32,3,216,126,0.25,0.25,561,471,two_term_descent,471,471,1,0.1604,0.0,1.0,0.3333,0.7222,0.0672,0.8057,0.8353
multiplier,multiplier_w32_r4,2,32,3,216,126,0.25,0.5,561,561,uniform_min_teq,561,561,1,0.0,0.0,1.0,0.0,1.0,0.0789,1.0821,0.8809
multiplier,multiplier_w32_r4,2,32,3,216,126,0.25,0.75,561,561,uniform_min_teq,561,561,1,0.0,0.0,1.0,0.0,1.0,0.0644,0.8723,0.8877
multiplier,multiplier_w32_r4,2,32,3,216,126,0.5,0.25,509,449,two_term_descent,412,412,1,0.1906,0.0824,1.0,0.3333,0.5122,0.0494,0.6503,0.5742
multiplier,multiplier_w32_r4,2,32,3,216,126,0.5,0.5,561,453,two_term_descent,453,453,1,0.1925,0.0,1.0,0.3333,0.5122,0.0508,0.8222,0.6327
multiplier,multiplier_w32_r4,2,32,3,216,126,0.5,0.75,561,561,uniform_min_teq,561,561,1,0.0,0.0,1.0,0.0,1.0,0.0725,0.8797,0.8354
multiplier,multiplier_w32_r4,2,32,3,216,126,1.0,0.25,322,322,uniform_oracle,316,316,1,0.0186,0.0186,1.0,0.6667,0.3381,0.047,0.5606,0.4694
multiplier,multiplier_w32_r4,2,32,3,216,126,1.0,0.5,289,289,uniform_min_teq,246,246,1,0.1488,0.1488,1.0,0.3333,0.7222,0.0447,0.6064,0.5004
multiplier,multiplier_w32_r4,2,32,3,216,126,1.0,0.75,289,289,uniform_min_teq,289,289,1,0.0,0.0,1.0,0.0,1.0,0.0473,0.5448,0.5402
multiplier,multiplier_w32_r8,4,32,7,279936,15876,0.25,0.25,1305,1305,uniform_min_teq,1098,1098,0,0.1586,0.1586,1.0,0.4286,0.6565,0.1366,5.1204,7.9677
multiplier,multiplier_w32_r8,4,32,7,279936,15876,0.25,0.5,1305,1215,two_term_descent,1215,1215,0,0.069,0.0,1.0,0.1429,0.8707,0.1747,6.2305,8.8417
multiplier,multiplier_w32_r8,4,32,7,279936,15876,0.25,0.75,1305,1215,two_term_descent,1215,1215,0,0.069,0.0,1.0,0.1429,0.8707,0.1926,5.1477,7.579
multiplier,multiplier_w32_r8,4,32,7,279936,15876,0.5,0.25,1169,1169,uniform_oracle,880,880,0,0.2472,0.2472,1.0,0.5714,0.4812,0.1257,5.281,8.5207
multiplier,multiplier_w32_r8,4,32,7,279936,15876,0.5,0.5,1305,1287,two_term_descent,970,970,0,0.2567,0.2463,1.0,0.4286,0.5612,0.1542,4.3976,6.6891
multiplier,multiplier_w32_r8,4,32,7,279936,15876,0.5,0.75,1305,1215,two_term_descent,1215,1215,0,0.069,0.0,1.0,0.1429,0.8707,0.1584,5.946,9.0449
multiplier,multiplier_w32_r8,4,32,7,279936,15876,1.0,0.25,706,706,uniform_oracle,688,688,0,0.0255,0.0255,1.0,0.5714,0.3354,0.1285,3.5571,5.9767
multiplier,multiplier_w32_r8,4,32,7,279936,15876,1.0,0.5,661,660,two_term_descent,523,523,0,0.2088,0.2076,1.0,0.2857,0.6502,0.1396,3.5921,6.1108
multiplier,multiplier_w32_r8,4,32,7,279936,15876,1.0,0.75,661,659,two_term_descent,571,571,0,0.1362,0.1335,1.0,0.2857,0.7571,0.1453,4.8855,6.2369
multiplier,multiplier_w32_r16,8,32,15,470184984576,20432412,0.25,0.25,2793,2793,uniform_min_teq,2265,2265,0,0.189,0.189,1.0,0.4,0.6757,0.3778,25.562,35.9877
multiplier,multiplier_w32_r16,8,32,15,470184984576,20432412,0.25,0.5,2793,2793,uniform_min_teq,2517,2517,0,0.0988,0.0988,1.0,0.1333,0.82,0.3898,23.1664,37.7712
multiplier,multiplier_w32_r16,8,32,15,470184984576,20432412,0.25,0.75,2793,2793,uniform_min_teq,2517,2517,0,0.0988,0.0988,1.0,0.1333,0.82,0.4592,25.5323,36.433
multiplier,multiplier_w32_r16,8,32,15,470184984576,20432412,0.5,0.25,2489,2211,two_term_descent,1834,1834,0,0.2632,0.1705,1.0,0.2667,0.4762,0.3144,24.9189,41.0914
multiplier,multiplier_w32_r16,8,32,15,470184984576,20432412,0.5,0.5,2793,2745,two_term_descent,2014,2014,0,0.2789,0.2663,1.0,0.4,0.55,0.3334,24.5808,37.0247
multiplier,multiplier_w32_r16,8,32,15,470184984576,20432412,0.5,0.75,2793,2793,uniform_min_teq,2517,2517,0,0.0988,0.0988,1.0,0.1333,0.82,0.4345,25.1958,34.9824
multiplier,multiplier_w32_r16,8,32,15,470184984576,20432412,1.0,0.25,1474,1391,two_term_descent,1385,1385,0,0.0604,0.0043,1.0,0.0667,0.3173,0.2635,25.3089,37.2128
multiplier,multiplier_w32_r16,8,32,15,470184984576,20432412,1.0,0.5,1405,1401,two_term_descent,1038,1038,0,0.2612,0.2591,1.0,0.3333,0.5816,0.3451,20.5576,31.18
multiplier,multiplier_w32_r16,8,32,15,470184984576,20432412,1.0,0.75,1405,1405,uniform_min_teq,1210,1210,0,0.1388,0.1388,1.0,0.3333,0.7222,0.3158,19.542,31.0726
multiplier_size,multiplier_w16_r8,4,16,7,279936,15876,0.25,0.25,633,590,two_term_descent,516,516,1,0.1848,0.1254,1.0,0.2857,0.6535,0.0691,1.6892,106.3532
multiplier_size,multiplier_w16_r8,4,16,7,279936,15876,0.25,0.5,633,591,two_term_descent,591,591,0,0.0664,0.0,1.0,0.1429,0.875,0.0847,2.4659,3.6831
multiplier_size,multiplier_w16_r8,4,16,7,279936,15876,0.25,0.75,633,591,two_term_descent,591,591,0,0.0664,0.0,1.0,0.1429,0.875,0.0822,2.2231,3.6883
multiplier_size,multiplier_w16_r8,4,16,7,279936,15876,0.5,0.25,553,553,uniform_oracle,432,432,1,0.2188,0.2188,1.0,0.5714,0.4894,0.0644,2.4197,87.1147
multiplier_size,multiplier_w16_r8,4,16,7,279936,15876,0.5,0.5,633,548,two_term_descent,480,473,1,0.2528,0.1369,1.0148,0.4286,0.5789,0.0717,2.2552,96.0284
multiplier_size,multiplier_w16_r8,4,16,7,279936,15876,0.5,0.75,633,591,two_term_descent,591,591,0,0.0664,0.0,1.0,0.1429,0.875,0.0879,2.4433,3.7709
multiplier_size,multiplier_w16_r8,4,16,7,279936,15876,1.0,0.25,354,354,uniform_oracle,336,336,1,0.0508,0.0508,1.0,0.5714,0.3376,0.0492,1.7442,82.0846
multiplier_size,multiplier_w16_r8,4,16,7,279936,15876,1.0,0.5,325,325,uniform_min_teq,262,259,1,0.2031,0.2031,1.0116,0.2857,0.6535,0.0603,1.9804,79.2887
multiplier_size,multiplier_w16_r8,4,16,7,279936,15876,1.0,0.75,325,325,uniform_min_teq,283,283,1,0.1292,0.1292,1.0,0.2857,0.7647,0.0675,2.005,94.8913
multiplier_size,multiplier_w32_r8,4,32,7,279936,15876,0.25,0.25,1305,1305,uniform_min_teq,1098,1098,0,0.1586,0.1586,1.0,0.4286,0.6565,0.1612,5.6932,8.4893
multiplier_size,multiplier_w32_r8,4,32,7,279936,15876,0.25,0.5,1305,1215,two_term_descent,1215,1215,0,0.069,0.0,1.0,0.1429,0.8707,0.1799,5.3209,8.2843
multiplier_size,multiplier_w32_r8,4,32,7,279936,15876,0.25,0.75,1305,1215,two_term_descent,1215,1215,0,0.069,0.0,1.0,0.1429,0.8707,0.1553,4.7609,7.3926
multiplier_size,multiplier_w32_r8,4,32,7,279936,15876,0.5,0.25,1169,1169,uniform_oracle,880,880,0,0.2472,0.2472,1.0,0.5714,0.4812,0.1308,4.1247,7.1731
multiplier_size,multiplier_w32_r8,4,32,7,279936,15876,0.5,0.5,1305,1287,two_term_descent,970,970,0,0.2567,0.2463,1.0,0.4286,0.5612,0.129,3.967,6.5834
multiplier_size,multiplier_w32_r8,4,32,7,279936,15876,0.5,0.75,1305,1215,two_term_descent,1215,1215,0,0.069,0.0,1.0,0.1429,0.8707,0.157,4.823,7.4148
multiplier_size,multiplier_w32_r8,4,32,7,279936,15876,1.0,0.25,706,706,uniform_oracle,688,688,0,0.0255,0.0255,1.0,0.5714,0.3354,0.1141,3.2543,5.7602
multiplier_size,multiplier_w32_r8,4,32,7,279936,15876,1.0,0.5,661,660,two_term_descent,523,523,0,0.2088,0.2076,1.0,0.2857,0.6502,0.1346,3.4962,5.7962
multiplier_size,multiplier_w32_r8,4,32,7,279936,15876,1.0,0.75,661,659,two_term_descent,571,571,0,0.1362,0.1335,1.0,0.2857,0.7571,0.1427,4.2718,6.9772
multiplier_size,multiplier_w64_r8,4,64,7,279936,15876,0.25,0.25,2649,2649,uniform_min_teq,2250,2250,0,0.1506,0.1506,1.0,0.4286,0.6517,0.3527,11.7139,17.062
multiplier_size,multiplier_w64_r8,4,64,7,279936,15876,0.25,0.5,2649,2463,two_term_descent,2463,2463,0,0.0702,0.0,1.0,0.1429,0.8686,0.4045,12.6785,18.4035
multiplier_size,multiplier_w64_r8,4,64,7,279936,15876,0.25,0.75,2649,2463,two_term_descent,2463,2463,0,0.0702,0.0,1.0,0.1429,0.8686,0.4101,12.8355,19.2379
multiplier_size,multiplier_w64_r8,4,64,7,279936,15876,0.5,0.25,2401,2090,two_term_descent,1785,1785,0,0.2566,0.1459,1.0,0.5714,0.4774,0.3202,10.1545,16.5632
multiplier_size,multiplier_w64_r8,4,64,7,279936,15876,0.5,0.5,2649,2649,uniform_min_teq,2055,2055,0,0.2242,0.2242,1.0,0.4286,0.5583,0.3063,8.9117,16.0204
multiplier_size,multiplier_w64_r8,4,64,7,279936,15876,0.5,0.75,2649,2463,two_term_descent,2463,2463,0,0.0702,0.0,1.0,0.1429,0.8686,0.4088,12.6536,19.7346
multiplier_size,multiplier_w64_r8,4,64,7,279936,15876,1.0,0.25,1410,1410,uniform_oracle,1392,1392,0,0.0128,0.0128,1.0,0.5714,0.3343,0.3182,8.2412,11.6713
multiplier_size,multiplier_w64_r8,4,64,7,279936,15876,1.0,0.5,1333,1333,uniform_min_teq,1051,1051,0,0.2116,0.2116,1.0,0.2857,0.6486,0.2635,8.8502,12.8718
multiplier_size,multiplier_w64_r8,4,64,7,279936,15876,1.0,0.75,1333,1333,uniform_min_teq,1211,1211,0,0.0915,0.0915,1.0,0.2857,0.7535,0.3026,9.5575,14.6502
multiplier_size,multiplier_w128_r8,4,128,7,279936,15876,0.25,0.25,5337,5337,uniform_min_teq,4581,4581,0,0.1417,0.1417,1.0,0.2857,0.7517,0.7217,21.4244,38.6434
multiplier_size,multiplier_w128_r8,4,128,7,279936,15876,0.25,0.5,5337,4959,two_term_descent,4959,4959,0,0.0708,0.0,1.0,0.1429,0.8676,0.9021,25.6266,38.7866
multiplier_size,multiplier_w128_r8,4,128,7,279936,15876,0.25,0.75,5337,4959,two_term_descent,4959,4959,0,0.0708,0.0,1.0,0.1429,0.8676,0.8322,26.169,37.6275
multiplier_size,multiplier_w128_r8,4,128,7,279936,15876,0.5,0.25,4865,4298,two_term_descent,3674,3674,0,0.2448,0.1452,1.0,0.5714,0.4755,0.6993,19.4193,31.5593
multiplier_size,multiplier_w128_r8,4,128,7,279936,15876,0.5,0.5,5337,5337,uniform_min_teq,4197,4197,0,0.2136,0.2136,1.0,0.2857,0.6478,0.5946,19.6077,31.2206
multiplier_size,multiplier_w128_r8,4,128,7,279936,15876,0.5,0.75,5337,4959,two_term_descent,4959,4959,0,0.0708,0.0,1.0,0.1429,0.8676,0.8161,23.3525,37.5681
multiplier_size,multiplier_w128_r8,4,128,7,279936,15876,1.0,0.25,2818,2818,uniform_oracle,2800,2800,0,0.0064,0.0064,1.0,0.5714,0.3338,0.6678,16.6421,24.815
multiplier_size,multiplier_w128_r8,4,128,7,279936,15876,1.0,0.5,2677,2677,uniform_min_teq,2107,2107,0,0.2129,0.2129,1.0,0.2857,0.6478,0.6713,18.1439,27.6172
multiplier_size,multiplier_w128_r8,4,128,7,279936,15876,1.0,0.75,2677,2677,uniform_min_teq,2488,2488,0,0.0706,0.0706,1.0,0.1429,0.8676,0.6995,16.6495,27.5415
oracle_bank,oracle_bank_c16_l2,2,16,2,16,10,0.25,0.25,183,183,uniform_min_teq,183,183,1,0.0,0.0,1.0,0.0,1.0,0.0095,0.0609,0.0157
oracle_bank,oracle_bank_c16_l2,2,16,2,16,10,0.25,0.5,183,183,uniform_min_teq,183,183,1,0.0,0.0,1.0,0.0,1.0,0.0109,0.0671,0.0212
oracle_bank,oracle_bank_c16_l2,2,16,2,16,10,0.25,0.75,183,183,uniform_min_teq,183,183,1,0.0,0.0,1.0,0.0,1.0,0.0107,0.0665,0.0204
oracle_bank,oracle_bank_c16_l2,2,16,2,16,10,0.5,0.25,183,176,two_term_descent,176,176,1,0.0383,0.0,1.0,0.5,0.3333,0.0085,0.0663,0.0137
oracle_bank,oracle_bank_c16_l2,2,16,2,16,10,0.5,0.5,183,183,uniform_min_teq,183,183,1,0.0,0.0,1.0,0.0,1.0,0.0082,0.0487,0.0161
oracle_bank,oracle_bank_c16_l2,2,16,2,16,10,0.5,0.75,183,183,uniform_min_teq,183,183,1,0.0,0.0,1.0,0.0,1.0,0.0108,0.0668,0.026
oracle_bank,oracle_bank_c16_l2,2,16,2,16,10,1.0,0.25,177,95,two_term_descent,95,95,1,0.4633,0.0,1.0,0.5,0.3333,0.0087,0.0691,0.0134
oracle_bank,oracle_bank_c16_l2,2,16,2,16,10,1.0,0.5,96,96,uniform_min_teq,96,96,1,0.0,0.0,1.0,0.0,1.0,0.0078,0.0457,0.0132
oracle_bank,oracle_bank_c16_l2,2,16,2,16,10,1.0,0.75,96,96,uniform_min_teq,96,96,1,0.0,0.0,1.0,0.0,1.0,0.009,0.0497,0.0143
oracle_bank,oracle_bank_c16_l4,4,16,4,256,35,0.25,0.25,363,338,two_term_descent,338,338,1,0.0689,0.0,1.0,0.25,0.6,0.0196,0.2623,0.0835
oracle_bank,oracle_bank_c16_l4,4,16,4,256,35,0.25,0.5,363,363,uniform_min_teq,363,363,1,0.0,0.0,1.0,0.0,1.0,0.018,0.1928,0.1163
oracle_bank,oracle_bank_c16_l4,4,16,4,256,35,0.25,0.75,363,363,uniform_min_teq,363,363,1,0.0,0.0,1.0,0.0,1.0,0.019,0.1874,0.1778
oracle_bank,oracle_bank_c16_l4,4,16,4,256,35,0.5,0.25,363,273,two_term_descent,273,273,1,0.2479,0.0,1.0,0.25,0.6,0.0145,0.1936,0.0763
oracle_bank,oracle_bank_c16_l4,4,16,4,256,35,0.5,0.5,363,273,two_term_descent,273,273,1,0.2479,0.0,1.0,0.25,0.6,0.0175,0.187,0.0821
oracle_bank,oracle_bank_c16_l4,4,16,4,256,35,0.5,0.75,363,363,uniform_min_teq,363,363,1,0.0,0.0,1.0,0.0,1.0,0.019,0.1817,0.1188
oracle_bank,oracle_bank_c16_l4,4,16,4,256,35,1.0,0.25,342,183,two_term_descent,183,183,1,0.4649,0.0,1.0,0.5,0.3333,0.0148,0.1812,0.0658
oracle_bank,oracle_bank_c16_l4,4,16,4,256,35,1.0,0.5,186,141,two_term_descent,141,141,1,0.2419,0.0,1.0,0.25,0.6,0.0121,0.1569,0.0634
oracle_bank,oracle_bank_c16_l4,4,16,4,256,35,1.0,0.75,186,186,uniform_min_teq,186,186,1,0.0,0.0,1.0,0.0,1.0,0.0128,0.1177,0.074
oracle_bank,oracle_bank_c16_l8,8,16,8,65536,165,0.25,0.25,723,633,two_term_descent,633,633,1,0.1245,0.0,1.0,0.125,0.7778,0.0288,0.7481,0.9745
oracle_bank,oracle_bank_c16_l8,8,16,8,65536,165,0.25,0.5,723,663,two_term_descent,663,663,1,0.083,0.0,1.0,0.125,0.7778,0.0435,1.0758,1.2919
oracle_bank,oracle_bank_c16_l8,8,16,8,65536,165,0.25,0.75,723,663,two_term_descent,663,663,1,0.083,0.0,1.0,0.125,0.7778,0.0586,1.0481,1.2185
oracle_bank,oracle_bank_c16_l8,8,16,8,65536,165,0.5,0.25,723,506,two_term_descent,506,506,1,0.3001,0.0,1.0,0.375,0.4545,0.0279,0.8193,0.7111
oracle_bank,oracle_bank_c16_l8,8,16,8,65536,165,0.5,0.5,723,543,two_term_descent,543,543,1,0.249,0.0,1.0,0.25,0.6,0.0363,0.7273,0.8091
oracle_bank,oracle_bank_c16_l8,8,16,8,65536,165,0.5,0.75,723,663,two_term_descent,663,663,1,0.083,0.0,1.0,0.125,0.7778,0.0389,0.9728,1.1539
oracle_bank,oracle_bank_c16_l8,8,16,8,65536,165,1.0,0.25,672,363,two_term_descent,363,363,1,0.4598,0.0,1.0,0.5,0.3333,0.0269,0.7721,0.7451
oracle_bank,oracle_bank_c16_l8,8,16,8,65536,165,1.0,0.5,366,276,two_term_descent,276,276,1,0.2459,0.0,1.0,0.25,0.6,0.0248,0.716,0.746
oracle_bank,oracle_bank_c16_l8,8,16,8,65536,165,1.0,0.75,366,321,two_term_descent,321,321,1,0.123,0.0,1.0,0.125,0.7778,0.0304,0.6559,0.7708
oracle_bank,oracle_bank_c16_l16,16,16,16,4294967296,969,0.25,0.25,1443,1173,two_term_descent,1173,1173,1,0.1871,0.0,1.0,0.1875,0.6842,0.0755,3.1998,11.0352
oracle_bank,oracle_bank_c16_l16,16,16,16,4294967296,969,0.25,0.5,1443,1323,two_term_descent,1323,1323,1,0.0832,0.0,1.0,0.125,0.7778,0.1017,4.0631,15.0811
oracle_bank,oracle_bank_c16_l16,16,16,16,4294967296,969,0.25,0.75,1443,1323,two_term_descent,1323,1323,1,0.0832,0.0,1.0,0.125,0.7778,0.0873,3.8456,15.1048
oracle_bank,oracle_bank_c16_l16,16,16,16,4294967296,969,0.5,0.25,1443,993,two_term_descent,993,993,1,0.3119,0.0,1.0,0.3125,0.5238,0.0642,3.3478,9.3445
oracle_bank,oracle_bank_c16_l16,16,16,16,4294967296,969,0.5,0.5,1443,1083,two_term_descent,1083,1083,1,0.2495,0.0,1.0,0.25,0.6,0.067,3.116,9.9418
oracle_bank,oracle_bank_c16_l16,16,16,16,4294967296,969,0.5,0.75,1443,1323,two_term_descent,1323,1323,1,0.0832,0.0,1.0,0.125,0.7778,0.0901,3.848,15.1582
oracle_bank,oracle_bank_c16_l16,16,16,16,4294967296,969,1.0,0.25,1332,723,two_term_descent,723,723,1,0.4572,0.0,1.0,0.5,0.3333,0.0706,3.2934,8.7929
oracle_bank,oracle_bank_c16_l16,16,16,16,4294967296,969,1.0,0.5,726,546,two_term_descent,546,546,1,0.2479,0.0,1.0,0.25,0.6,0.066,2.9152,8.746
oracle_bank,oracle_bank_c16_l16,16,16,16,4294967296,969,1.0,0.75,726,636,two_term_descent,636,636,1,0.124,0.0,1.0,0.125,0.7778,0.0643,2.828,10.1625
trotter,trotter_t1_l1_b10,1,10,1,5,5,0.25,0.25,123,123,uniform_min_teq,123,123,1,0.0,0.0,1.0,0.0,1.0,0.0162,0.0675,0.0096
trotter,trotter_t1_l1_b10,1,10,1,5,5,0.25,0.5,123,123,uniform_min_teq,123,123,1,0.0,0.0,1.0,0.0,1.0,0.0178,0.0901,0.0123
trotter,trotter_t1_l1_b10,1,10,1,5,5,0.25,0.75,123,123,uniform_min_teq,123,123,1,0.0,0.0,1.0,0.0,1.0,0.0175,0.0915,0.0121
trotter,trotter_t1_l1_b10,1,10,1,5,5,0.5,0.25,120,120,min_weighted_count,120,120,1,0.0,0.0,1.0,0.0,0.0,0.0144,0.0575,0.0084
trotter,trotter_t1_l1_b10,1,10,1,5,5,0.5,0.5,123,123,uniform_min_teq,123,123,1,0.0,0.0,1.0,0.0,1.0,0.011,0.0606,0.0089
trotter,trotter_t1_l1_b10,1,10,1,5,5,0.5,0.75,123,123,uniform_min_teq,123,123,1,0.0,0.0,1.0,0.0,1.0,0.0133,0.095,0.0129
trotter,trotter_t1_l1_b10,1,10,1,5,5,1.0,0.25,91,91,min_weighted_count,91,91,1,0.0,0.0,1.0,0.0,0.0,0.0137,0.0544,0.0079
trotter,trotter_t1_l1_b10,1,10,1,5,5,1.0,0.5,66,66,uniform_min_teq,66,66,1,0.0,0.0,1.0,0.0,1.0,0.0095,0.0541,0.0081
trotter,trotter_t1_l1_b10,1,10,1,5,5,1.0,0.75,66,66,uniform_min_teq,66,66,1,0.0,0.0,1.0,0.0,1.0,0.0104,0.058,0.0081
trotter,trotter_t2_l1_b10,2,10,2,25,15,0.25,0.25,243,227,two_term_descent,227,227,1,0.0658,0.0,1.0,0.5,0.5,0.0277,0.2468,0.0469
trotter,trotter_t2_l1_b10,2,10,2,25,15,0.25,0.5,243,243,uniform_min_teq,243,243,1,0.0,0.0,1.0,0.0,1.0,0.0319,0.3007,0.0609
trotter,trotter_t2_l1_b10,2,10,2,25,15,0.25,0.75,243,243,uniform_min_teq,243,243,1,0.0,0.0,1.0,0.0,1.0,0.0307,0.3075,0.0671
trotter,trotter_t2_l1_b10,2,10,2,25,15,0.5,0.25,230,123,two_term_descent,123,123,1,0.4652,0.0,1.0,0.5,0.5,0.0251,0.1928,0.0366
trotter,trotter_t2_l1_b10,2,10,2,25,15,0.5,0.5,243,156,two_term_descent,156,156,1,0.358,0.0,1.0,0.5,0.5,0.0205,0.2267,0.0457
trotter,trotter_t2_l1_b10,2,10,2,25,15,0.5,0.75,243,243,uniform_min_teq,243,243,1,0.0,0.0,1.0,0.0,1.0,0.0275,0.2854,0.0546
trotter,trotter_t2_l1_b10,2,10,2,25,15,1.0,0.25,121,121,min_weighted_count,121,121,1,0.0,0.0,1.0,0.0,0.0,0.0233,0.15,0.0318
trotter,trotter_t2_l1_b10,2,10,2,25,15,1.0,0.5,126,91,two_term_descent,91,91,1,0.2778,0.0,1.0,0.5,0.5,0.017,0.1879,0.0382
trotter,trotter_t2_l1_b10,2,10,2,25,15,1.0,0.75,126,126,uniform_min_teq,126,126,1,0.0,0.0,1.0,0.0,1.0,0.0275,0.1622,0.0351
trotter,trotter_t3_l1_b10,3,10,3,125,35,0.25,0.25,363,243,two_term_descent,243,243,1,0.3306,0.0,1.0,0.3333,0.6667,0.0384,0.5074,0.1398
trotter,trotter_t3_l1_b10,3,10,3,125,35,0.25,0.5,363,363,uniform_min_teq,363,363,1,0.0,0.0,1.0,0.0,1.0,0.0424,0.5477,0.1619
trotter,trotter_t3_l1_b10,3,10,3,125,35,0.25,0.75,363,363,uniform_min_teq,363,363,1,0.0,0.0,1.0,0.0,1.0,0.0366,0.4804,0.1673
trotter,trotter_t3_l1_b10,3,10,3,125,35,0.5,0.25,340,230,two_term_descent,230,230,1,0.3235,0.0,1.0,0.3333,0.3333,0.0243,0.3319,0.1025
trotter,trotter_t3_l1_b10,3,10,3,125,35,0.5,0.5,363,243,two_term_descent,243,243,1,0.3306,0.0,1.0,0.3333,0.6667,0.0271,0.485,0.1294
trotter,trotter_t3_l1_b10,3,10,3,125,35,0.5,0.75,363,363,uniform_min_teq,363,363,1,0.0,0.0,1.0,0.0,1.0,0.0436,0.5702,0.192
trotter,trotter_t3_l1_b10,3,10,3,125,35,1.0,0.25,176,123,two_term_descent,123,123,1,0.3011,0.0,1.0,0.3333,0.3333,0.025,0.3002,0.0939
trotter,trotter_t3_l1_b10,3,10,3,125,35,1.0,0.5,186,126,two_term_descent,126,126,1,0.3226,0.0,1.0,0.3333,0.6667,0.021,0.3111,0.0944
trotter,trotter_t3_l1_b10,3,10,3,125,35,1.0,0.75,186,156,two_term_descent,156,156,1,0.1613,0.0,1.0,0.3333,0.6667,0.0254,0.4078,0.1131
trotter,trotter_t4_l1_b10,4,10,4,625,70,0.25,0.25,483,363,two_term_descent,363,363,1,0.2484,0.0,1.0,0.25,0.75,0.0414,0.7323,0.3768
trotter,trotter_t4_l1_b10,4,10,4,625,70,0.25,0.5,483,442,two_term_descent,442,442,1,0.0849,0.0,1.0,0.25,0.75,0.0588,0.9919,0.4523
trotter,trotter_t4_l1_b10,4,10,4,625,70,0.25,0.75,483,442,two_term_descent,442,442,1,0.0849,0.0,1.0,0.25,0.75,0.0502,1.0535,0.5302
trotter,trotter_t4_l1_b10,4,10,4,625,70,0.5,0.25,450,243,two_term_descent,243,243,1,0.46,0.0,1.0,0.5,0.5,0.0457,0.7189,0.3252
trotter,trotter_t4_l1_b10,4,10,4,625,70,0.5,0.5,483,302,two_term_descent,302,302,1,0.3747,0.0,1.0,0.5,0.5,0.0457,0.7984,0.3628
trotter,trotter_t4_l1_b10,4,10,4,625,70,0.5,0.75,483,442,two_term_descent,442,442,1,0.0849,0.0,1.0,0.25,0.75,0.0516,1.0245,0.5048
trotter,trotter_t4_l1_b10,4,10,4,625,70,1.0,0.25,231,176,two_term_descent,176,176,1,0.2381,0.0,1.0,0.25,0.25,0.0334,0.6926,0.3109
trotter,trotter_t4_l1_b10,4,10,4,625,70,1.0,0.5,246,157,two_term_descent,157,157,1,0.3618,0.0,1.0,0.5,0.5,0.0365,0.7216,0.3045
trotter,trotter_t4_l1_b10,4,10,4,625,70,1.0,0.75,246,186,two_term_descent,186,186,1,0.2439,0.0,1.0,0.25,0.75,0.0451,0.8444,0.3734
trotter,trotter_t6_l1_b10,6,10,6,15625,210,0.25,0.25,723,483,two_term_descent,483,483,1,0.332,0.0,1.0,0.3333,0.6667,0.0696,2.2021,1.7155
trotter,trotter_t6_l1_b10,6,10,6,15625,210,0.25,0.5,723,603,two_term_descent,603,603,1,0.166,0.0,1.0,0.1667,0.8333,0.0806,2.1584,2.3965
trotter,trotter_t6_l1_b10,6,10,6,15625,210,0.25,0.75,723,603,two_term_descent,603,603,1,0.166,0.0,1.0,0.1667,0.8333,0.0906,2.3549,2.4363
trotter,trotter_t6_l1_b10,6,10,6,15625,210,0.5,0.25,670,363,two_term_descent,363,363,1,0.4582,0.0,1.0,0.5,0.5,0.0658,1.7914,1.51
trotter,trotter_t6_l1_b10,6,10,6,15625,210,0.5,0.5,723,449,two_term_descent,449,449,1,0.379,0.0,1.0,0.5,0.5,0.0704,1.9097,1.5343
trotter,trotter_t6_l1_b10,6,10,6,15625,210,0.5,0.75,723,603,two_term_descent,603,603,1,0.166,0.0,1.0,0.1667,0.8333,0.078,1.8614,1.9226
trotter,trotter_t6_l1_b10,6,10,6,15625,210,1.0,0.25,341,243,two_term_descent,243,243,1,0.2874,0.0,1.0,0.3333,0.3333,0.0553,1.2479,1.2238
trotter,trotter_t6_l1_b10,6,10,6,15625,210,1.0,0.5,366,231,two_term_descent,231,231,1,0.3689,0.0,1.0,0.5,0.5,0.054,1.4033,1.2042
trotter,trotter_t6_l1_b10,6,10,6,15625,210,1.0,0.75,366,302,two_term_descent,302,302,1,0.1749,0.0,1.0,0.3333,0.6667,0.0628,1.6367,1.5704
trotter,trotter_t8_l1_b10,8,10,8,390625,495,0.25,0.25,963,667,two_term_descent,667,667,1,0.3074,0.0,1.0,0.375,0.625,0.0934,3.2846,5.2073
trotter,trotter_t8_l1_b10,8,10,8,390625,495,0.25,0.5,963,843,two_term_descent,843,843,1,0.1246,0.0,1.0,0.125,0.875,0.1203,3.6584,7.3273
trotter,trotter_t8_l1_b10,8,10,8,390625,495,0.25,0.75,963,843,two_term_descent,843,843,1,0.1246,0.0,1.0,0.125,0.875,0.1216,3.7882,6.9626
trotter,trotter_t8_l1_b10,8,10,8,390625,495,0.5,0.25,890,483,two_term_descent,483,483,1,0.4573,0.0,1.0,0.5,0.5,0.076,2.5499,3.7928
trotter,trotter_t8_l1_b10,8,10,8,390625,495,0.5,0.5,963,596,two_term_descent,596,596,1,0.3811,0.0,1.0,0.5,0.5,0.0757,2.8222,4.8742
trotter,trotter_t8_l1_b10,8,10,8,390625,495,0.5,0.75,963,843,two_term_descent,843,843,1,0.1246,0.0,1.0,0.125,0.875,0.1152,3.9779,7.6331
trotter,trotter_t8_l1_b10,8,10,8,390625,495,1.0,0.25,451,341,two_term_descent,341,341,1,0.2439,0.0,1.0,0.25,0.25,0.0822,2.9307,4.1024
trotter,trotter_t8_l1_b10,8,10,8,390625,495,1.0,0.5,486,304,two_term_descent,304,304,1,0.3745,0.0,1.0,0.5,0.5,0.0746,2.7528,3.8288
trotter,trotter_t8_l1_b10,8,10,8,390625,495,1.0,0.75,486,366,two_term_descent,366,366,1,0.2469,0.0,1.0,0.25,0.75,0.0778,2.5541,4.8268
trotter,trotter_t12_l1_b10,12,10,12,244140625,1820,0.25,0.25,1443,963,two_term_descent,963,963,1,0.3326,0.0,1.0,0.3333,0.6667,0.1389,9.0202,31.9591
trotter,trotter_t12_l1_b10,12,10,12,244140625,1820,0.25,0.5,1443,1203,two_term_descent,1203,1203,1,0.1663,0.0,1.0,0.1667,0.8333,0.1785,10.1346,41.0006
trotter,trotter_t12_l1_b10,12,10,12,244140625,1820,0.25,0.75,1443,1203,two_term_descent,1203,1203,1,0.1663,0.0,1.0,0.1667,0.8333,0.1481,8.2122,37.2537
trotter,trotter_t12_l1_b10,12,10,12,244140625,1820,0.5,0.25,1330,723,two_term_descent,723,723,1,0.4564,0.0,1.0,0.5,0.5,0.1114,8.1837,26.6839
trotter,trotter_t12_l1_b10,12,10,12,244140625,1820,0.5,0.5,1443,843,two_term_descent,843,843,1,0.4158,0.0,1.0,0.4167,0.5833,0.1314,8.7506,24.628
trotter,trotter_t12_l1_b10,12,10,12,244140625,1820,0.5,0.75,1443,1203,two_term_descent,1203,1203,1,0.1663,0.0,1.0,0.1667,0.8333,0.1675,9.6428,41.3423
trotter,trotter_t12_l1_b10,12,10,12,244140625,1820,1.0,0.25,671,483,two_term_descent,483,483,1,0.2802,0.0,1.0,0.3333,0.3333,0.1217,7.0213,22.8295
trotter,trotter_t12_l1_b10,12,10,12,244140625,1820,1.0,0.5,726,426,two_term_descent,426,426,1,0.4132,0.0,1.0,0.4167,0.5833,0.107,7.6848,22.1967
trotter,trotter_t12_l1_b10,12,10,12,244140625,1820,1.0,0.75,726,546,two_term_descent,546,546,1,0.2479,0.0,1.0,0.25,0.75,0.1271,6.787,26.8783
trotter,trotter_t16_l1_b10,16,10,16,152587890625,4845,0.25,0.25,1923,1323,two_term_descent,1323,1323,0,0.312,0.0,1.0,0.3125,0.6875,0.2289,16.4453,20.8667
trotter,trotter_t16_l1_b10,16,10,16,152587890625,4845,0.25,0.5,1923,1563,two_term_descent,1563,1563,0,0.1872,0.0,1.0,0.1875,0.8125,0.2294,16.4729,24.3502
trotter,trotter_t16_l1_b10,16,10,16,152587890625,4845,0.25,0.75,1923,1563,two_term_descent,1563,1563,0,0.1872,0.0,1.0,0.1875,0.8125,0.2713,16.8984,20.4041
trotter,trotter_t16_l1_b10,16,10,16,152587890625,4845,0.5,0.25,1770,963,two_term_descent,963,963,0,0.4559,0.0,1.0,0.5,0.5,0.1451,16.1388,25.3901
trotter,trotter_t16_l1_b10,16,10,16,152587890625,4845,0.5,0.5,1923,1083,two_term_descent,1083,1083,0,0.4368,0.0,1.0,0.4375,0.5625,0.1557,17.0035,23.1963
trotter,trotter_t16_l1_b10,16,10,16,152587890625,4845,0.5,0.75,1923,1563,two_term_descent,1563,1563,0,0.1872,0.0,1.0,0.1875,0.8125,0.2408,16.4527,22.1533
trotter,trotter_t16_l1_b10,16,10,16,152587890625,4845,1.0,0.25,891,616,two_term_descent,616,616,1,0.3086,0.0,1.0,0.3125,0.3125,0.1728,14.123,89.0995
trotter,trotter_t16_l1_b10,16,10,16,152587890625,4845,1.0,0.5,966,546,two_term_descent,546,546,1,0.4348,0.0,1.0,0.4375,0.5625,0.1392,15.3927,89.1421
trotter,trotter_t16_l1_b10,16,10,16,152587890625,4845,1.0,0.75,966,726,two_term_descent,726,726,0,0.2484,0.0,1.0,0.25,0.75,0.2009,15.3869,20.1915
trotter_size,trotter_t4_l1_b4,4,4,4,625,70,0.25,0.25,195,147,two_term_descent,147,147,1,0.2462,0.0,1.0,0.25,0.75,0.0248,0.3615,0.1636
trotter_size,trotter_t4_l1_b4,4,4,4,625,70,0.25,0.5,195,178,two_term_descent,178,178,1,0.0872,0.0,1.0,0.25,0.75,0.0236,0.437,0.2192
trotter_size,trotter_t4_l1_b4,4,4,4,625,70,0.25,0.75,195,178,two_term_descent,178,178,1,0.0872,0.0,1.0,0.25,0.75,0.0229,0.4214,0.224
trotter_size,trotter_t4_l1_b4,4,4,4,625,70,0.5,0.25,186,99,two_term_descent,99,99,1,0.4677,0.0,1.0,0.5,0.5,0.0177,0.3148,0.1421
trotter_size,trotter_t4_l1_b4,4,4,4,625,70,0.5,0.5,195,126,two_term_descent,126,126,1,0.3538,0.0,1.0,0.5,0.5,0.0183,0.3261,0.1626
trotter_size,trotter_t4_l1_b4,4,4,4,625,70,0.5,0.75,195,178,two_term_descent,178,178,1,0.0872,0.0,1.0,0.25,0.75,0.0244,0.4456,0.2287
trotter_size,trotter_t4_l1_b4,4,4,4,625,70,1.0,0.25,99,77,two_term_descent,77,77,1,0.2222,0.0,1.0,0.25,0.25,0.0211,0.2337,0.1093
trotter_size,trotter_t4_l1_b4,4,4,4,625,70,1.0,0.5,102,69,two_term_descent,69,69,1,0.3235,0.0,1.0,0.5,0.5,0.0161,0.2839,0.1365
trotter_size,trotter_t4_l1_b4,4,4,4,625,70,1.0,0.75,102,78,two_term_descent,78,78,1,0.2353,0.0,1.0,0.25,0.75,0.0183,0.3845,0.1523
trotter_size,trotter_t4_l1_b8,4,8,4,625,70,0.25,0.25,387,291,two_term_descent,291,291,1,0.2481,0.0,1.0,0.25,0.75,0.0406,0.6602,0.3316
trotter_size,trotter_t4_l1_b8,4,8,4,625,70,0.25,0.5,387,354,two_term_descent,354,354,1,0.0853,0.0,1.0,0.25,0.75,0.0437,0.8532,0.4026
trotter_size,trotter_t4_l1_b8,4,8,4,625,70,0.25,0.75,387,354,two_term_descent,354,354,1,0.0853,0.0,1.0,0.25,0.75,0.0362,0.7447,0.4369
trotter_size,trotter_t4_l1_b8,4,8,4,625,70,0.5,0.25,362,195,two_term_descent,195,195,1,0.4613,0.0,1.0,0.5,0.5,0.0386,0.5599,0.2543
trotter_size,trotter_t4_l1_b8,4,8,4,625,70,0.5,0.5,387,244,two_term_descent,244,244,1,0.3695,0.0,1.0,0.5,0.5,0.0344,0.6285,0.2764
trotter_size,trotter_t4_l1_b8,4,8,4,625,70,0.5,0.75,387,354,two_term_descent,354,354,1,0.0853,0.0,1.0,0.25,0.75,0.0456,0.7821,0.3956
trotter_size,trotter_t4_l1_b8,4,8,4,625,70,1.0,0.25,187,143,two_term_descent,143,143,1,0.2353,0.0,1.0,0.25,0.25,0.0304,0.4932,0.2291
trotter_size,trotter_t4_l1_b8,4,8,4,625,70,1.0,0.5,198,128,two_term_descent,128,128,1,0.3535,0.0,1.0,0.5,0.5,0.0276,0.5418,0.2356
trotter_size,trotter_t4_l1_b8,4,8,4,625,70,1.0,0.75,198,150,two_term_descent,150,150,1,0.2424,0.0,1.0,0.25,0.75,0.0322,0.5955,0.2681
trotter_size,trotter_t4_l1_b16,4,16,4,625,70,0.25,0.25,771,579,two_term_descent,579,579,1,0.249,0.0,1.0,0.25,0.75,0.0815,1.2454,0.643
trotter_size,trotter_t4_l1_b16,4,16,4,625,70,0.25,0.5,771,706,two_term_descent,706,706,1,0.0843,0.0,1.0,0.25,0.75,0.0941,1.4223,0.7221
trotter_size,trotter_t4_l1_b16,4,16,4,625,70,0.25,0.75,771,706,two_term_descent,706,706,1,0.0843,0.0,1.0,0.25,0.75,0.0836,1.3092,0.7634
trotter_size,trotter_t4_l1_b16,4,16,4,625,70,0.5,0.25,714,387,two_term_descent,387,387,1,0.458,0.0,1.0,0.5,0.5,0.065,1.0913,0.4977
trotter_size,trotter_t4_l1_b16,4,16,4,625,70,0.5,0.5,771,478,two_term_descent,478,478,1,0.38,0.0,1.0,0.5,0.5,0.0518,0.9989,0.4499
trotter_size,trotter_t4_l1_b16,4,16,4,625,70,0.5,0.75,771,706,two_term_descent,706,706,1,0.0843,0.0,1.0,0.25,0.75,0.0743,1.2864,0.6599
trotter_size,trotter_t4_l1_b16,4,16,4,625,70,1.0,0.25,363,275,two_term_descent,275,275,1,0.2424,0.0,1.0,0.25,0.25,0.0529,0.8273,0.365
trotter_size,trotter_t4_l1_b16,4,16,4,625,70,1.0,0.5,390,245,two_term_descent,245,245,1,0.3718,0.0,1.0,0.5,0.5,0.0494,0.8798,0.3723
trotter_size,trotter_t4_l1_b16,4,16,4,625,70,1.0,0.75,390,294,two_term_descent,294,294,1,0.2462,0.0,1.0,0.25,0.75,0.0544,1.0384,0.4764
trotter_size,trotter_t4_l1_b32,4,32,4,625,70,0.25,0.25,1539,1155,two_term_descent,1155,1155,1,0.2495,0.0,1.0,0.25,0.75,0.1393,2.3981,1.1904
trotter_size,trotter_t4_l1_b32,4,32,4,625,70,0.25,0.5,1539,1410,two_term_descent,1410,1410,1,0.0838,0.0,1.0,0.25,0.75,0.1729,3.1559,1.7663
trotter_size,trotter_t4_l1_b32,4,32,4,625,70,0.25,0.75,1539,1410,two_term_descent,1410,1410,1,0.0838,0.0,1.0,0.25,0.75,0.191,3.2154,1.6456
trotter_size,trotter_t4_l1_b32,4,32,4,625,70,0.5,0.25,1418,771,two_term_descent,771,771,1,0.4563,0.0,1.0,0.5,0.5,0.1395,2.4208,1.0376
trotter_size,trotter_t4_l1_b32,4,32,4,625,70,0.5,0.5,1539,948,two_term_descent,948,948,1,0.384,0.0,1.0,0.5,0.5,0.1377,2.8508,1.1933
trotter_size,trotter_t4_l1_b32,4,32,4,625,70,0.5,0.75,1539,1410,two_term_descent,1410,1410,1,0.0838,0.0,1.0,0.25,0.75,0.1797,3.2749,1.5944
trotter_size,trotter_t4_l1_b32,4,32,4,625,70,1.0,0.25,715,539,two_term_descent,539,539,1,0.2462,0.0,1.0,0.25,0.25,0.1206,1.9446,0.8623
trotter_size,trotter_t4_l1_b32,4,32,4,625,70,1.0,0.5,774,480,two_term_descent,480,480,1,0.3798,0.0,1.0,0.5,0.5,0.1262,2.5195,1.0147
trotter_size,trotter_t4_l1_b32,4,32,4,625,70,1.0,0.75,774,582,two_term_descent,582,582,1,0.2481,0.0,1.0,0.25,0.75,0.15,2.5738,1.1225
