toffoli_scale,lanes,capacity_target,ccz_share,cheaper_route,makespan_uniform_oracle,makespan_best_simple,best_simple_baseline,makespan_global_oracle,oracle_exhaustive,headroom_over_uniform_oracle,headroom_over_best_simple,oracle_heterogeneity,oracle_ccz_share_of_demand
0.5,2,0.25,0.25,ccz,243,227,two_term_descent,227,1,0.0658,0.0,0.25,0.6
0.5,2,0.25,0.5,ccz,243,243,uniform_min_teq,243,1,0.0,0.0,0.0,1.0
0.5,2,0.25,0.75,ccz,243,243,uniform_min_teq,243,1,0.0,0.0,0.0,1.0
0.5,2,0.5,0.25,ccz,243,183,two_term_descent,183,1,0.2469,0.0,0.25,0.6
0.5,2,0.5,0.5,ccz,243,207,two_term_descent,183,1,0.2469,0.1159,0.25,0.6
0.5,2,0.5,0.75,ccz,243,243,uniform_min_teq,243,1,0.0,0.0,0.0,1.0
0.5,2,1.0,0.25,ccz,231,155,two_term_descent,123,1,0.4675,0.2065,0.5,0.3333
0.5,2,1.0,0.5,ccz,126,120,two_term_descent,119,1,0.0556,0.0083,0.25,0.6
0.5,2,1.0,0.75,ccz,126,126,uniform_min_teq,126,1,0.0,0.0,0.0,1.0
0.5,3,0.25,0.25,ccz,363,303,two_term_descent,303,1,0.1653,0.0,0.1667,0.7143
0.5,3,0.25,0.5,ccz,363,363,uniform_min_teq,363,1,0.0,0.0,0.0,1.0
0.5,3,0.25,0.75,ccz,363,363,uniform_min_teq,363,1,0.0,0.0,0.0,1.0
0.5,3,0.5,0.25,ccz,363,321,two_term_descent,243,1,0.3306,0.243,0.3333,0.5
0.5,3,0.5,0.5,ccz,363,302,proportional_split,302,1,0.168,0.0,0.3333,0.5
0.5,3,0.5,0.75,ccz,363,363,uniform_min_teq,363,1,0.0,0.0,0.0,1.0
0.5,3,1.0,0.25,ccz,341,210,two_term_descent,183,1,0.4633,0.1286,0.5,0.3333
0.5,3,1.0,0.5,ccz,186,156,two_term_descent,156,1,0.1613,0.0,0.1667,0.7143
0.5,3,1.0,0.75,ccz,186,180,two_term_descent,157,1,0.1559,0.1278,0.1667,0.7143
0.5,4,0.25,0.25,ccz,483,423,two_term_descent,423,1,0.1242,0.0,0.125,0.7778
0.5,4,0.25,0.5,ccz,483,483,uniform_min_teq,442,1,0.0849,0.0849,0.125,0.7778
0.5,4,0.25,0.75,ccz,483,483,uniform_min_teq,442,1,0.0849,0.0849,0.125,0.7778
0.5,4,0.5,0.25,ccz,483,393,two_term_descent,340,1,0.2961,0.1349,0.375,0.4545
0.5,4,0.5,0.5,ccz,483,363,two_term_descent,363,1,0.2484,0.0,0.25,0.6
0.5,4,0.5,0.75,ccz,483,483,uniform_min_teq,442,1,0.0849,0.0849,0.125,0.7778
0.5,4,1.0,0.25,ccz,451,285,two_term_descent,243,1,0.4612,0.1474,0.5,0.3333
0.5,4,1.0,0.5,ccz,246,191,two_term_descent,186,1,0.2439,0.0262,0.25,0.6
0.5,4,1.0,0.75,ccz,246,216,two_term_descent,216,1,0.122,0.0,0.125,0.7778
0.75,2,0.25,0.25,ccz,363,276,two_term_descent,273,1,0.2479,0.0109,0.25,0.6923
0.75,2,0.25,0.5,ccz,363,363,uniform_min_teq,363,1,0.0,0.0,0.0,1.0
0.75,2,0.25,0.75,ccz,363,363,uniform_min_teq,363,1,0.0,0.0,0.0,1.0
0.75,2,0.5,0.25,ccz,363,230,proportional_split,230,1,0.3664,0.0,0.5,0.4286
0.75,2,0.5,0.5,ccz,363,273,two_term_descent,273,1,0.2479,0.0,0.25,0.6923
0.75,2,0.5,0.75,ccz,363,363,uniform_min_teq,363,1,0.0,0.0,0.0,1.0
0.75,2,1.0,0.25,ccz,231,177,two_term_descent,177,1,0.2338,0.0,0.25,0.2
0.75,2,1.0,0.5,ccz,186,141,two_term_descent,141,1,0.2419,0.0,0.25,0.6923
0.75,2,1.0,0.75,ccz,186,180,two_term_descent,180,1,0.0323,0.0,0.25,0.6923
0.75,3,0.25,0.25,ccz,543,447,two_term_descent,447,1,0.1768,0.0,0.3333,0.6
0.75,3,0.25,0.5,ccz,543,525,two_term_descent,453,1,0.1657,0.1371,0.1667,0.7895
0.75,3,0.25,0.75,ccz,543,525,two_term_descent,453,1,0.1657,0.1371,0.1667,0.7895
0.75,3,0.5,0.25,ccz,543,340,two_term_descent,340,1,0.3738,0.0,0.5,0.4286
0.75,3,0.5,0.5,ccz,543,363,proportional_split,363,1,0.3315,0.0,0.3333,0.6
0.75,3,0.5,0.75,ccz,543,525,two_term_descent,453,1,0.1657,0.1371,0.1667,0.7895
0.75,3,1.0,0.25,ccz,341,231,proportional_split,231,1,0.3226,0.0,0.3333,0.2727
0.75,3,1.0,0.5,ccz,276,186,proportional_split,186,1,0.3261,0.0,0.3333,0.6
0.75,3,1.0,0.75,ccz,276,231,two_term_descent,231,1,0.163,0.0,0.1667,0.7895
0.75,4,0.25,0.25,ccz,723,543,two_term_descent,543,1,0.249,0.0,0.25,0.6923
0.75,4,0.25,0.5,ccz,723,633,two_term_descent,633,1,0.1245,0.0,0.125,0.84
0.75,4,0.25,0.75,ccz,723,633,two_term_descent,633,1,0.1245,0.0,0.125,0.84
0.75,4,0.5,0.25,ccz,723,450,proportional_split,450,1,0.3776,0.0,0.5,0.4286
0.75,4,0.5,0.5,ccz,723,596,proportional_split,453,1,0.3734,0.2399,0.375,0.5556
0.75,4,0.5,0.75,ccz,723,633,two_term_descent,633,1,0.1245,0.0,0.125,0.84
0.75,4,1.0,0.25,ccz,451,315,two_term_descent,286,1,0.3659,0.0921,0.375,0.3103
0.75,4,1.0,0.5,ccz,366,304,proportional_split,234,1,0.3607,0.2303,0.375,0.5556
0.75,4,1.0,0.75,ccz,366,302,proportional_split,302,1,0.1749,0.0,0.25,0.6923
1.0,2,0.25,0.25,equal,483,363,two_term_descent,363,1,0.2484,0.0,0.25,0.75
1.0,2,0.25,0.5,equal,483,442,two_term_descent,442,1,0.0849,0.0,0.25,0.75
1.0,2,0.25,0.75,equal,483,442,two_term_descent,442,1,0.0849,0.0,0.25,0.75
1.0,2,0.5,0.25,equal,450,243,proportional_split,243,1,0.46,0.0,0.5,0.5
1.0,2,0.5,0.5,equal,483,302,proportional_split,302,1,0.3747,0.0,0.5,0.5
1.0,2,0.5,0.75,equal,483,442,two_term_descent,442,1,0.0849,0.0,0.25,0.75
1.0,2,1.0,0.25,equal,231,207,two_term_descent,205,1,0.1126,0.0097,0.25,0.25
1.0,2,1.0,0.5,equal,246,175,proportional_split,175,1,0.2886,0.0,0.5,0.5
1.0,2,1.0,0.75,equal,246,220,two_term_descent,210,1,0.1463,0.0455,0.25,0.75
1.0,3,0.25,0.25,equal,723,483,proportional_split,483,1,0.332,0.0,0.3333,0.6667
1.0,3,0.25,0.5,equal,723,615,two_term_descent,603,1,0.166,0.0195,0.1667,0.8333
1.0,3,0.25,0.75,equal,723,615,two_term_descent,603,1,0.166,0.0195,0.1667,0.8333
1.0,3,0.5,0.25,equal,670,450,proportional_split,363,1,0.4582,0.1933,0.5,0.5
1.0,3,0.5,0.5,equal,723,483,proportional_split,449,1,0.379,0.0704,0.5,0.5
1.0,3,0.5,0.75,equal,723,615,two_term_descent,603,1,0.166,0.0195,0.1667,0.8333
1.0,3,1.0,0.25,equal,341,243,proportional_split,243,1,0.2874,0.0,0.3333,0.3333
1.0,3,1.0,0.5,equal,366,246,proportional_split,231,1,0.3689,0.061,0.5,0.5
1.0,3,1.0,0.75,equal,366,302,two_term_descent,302,1,0.1749,0.0,0.3333,0.6667
1.0,4,0.25,0.25,equal,963,723,proportional_split,667,1,0.3074,0.0775,0.375,0.625
1.0,4,0.25,0.5,equal,963,843,two_term_descent,843,1,0.1246,0.0,0.125,0.875
1.0,4,0.25,0.75,equal,963,843,two_term_descent,843,1,0.1246,0.0,0.125,0.875
1.0,4,0.5,0.25,equal,890,483,proportional_split,483,1,0.4573,0.0,0.5,0.5
1.0,4,0.5,0.5,equal,963,596,proportional_split,596,1,0.3811,0.0,0.5,0.5
1.0,4,0.5,0.75,equal,963,843,two_term_descent,843,1,0.1246,0.0,0.125,0.875
1.0,4,1.0,0.25,equal,451,341,two_term_descent,341,1,0.2439,0.0,0.25,0.25
1.0,4,1.0,0.5,equal,486,304,proportional_split,304,1,0.3745,0.0,0.5,0.5
1.0,4,1.0,0.75,equal,486,366,proportional_split,366,1,0.2469,0.0,0.25,0.75
1.25,2,0.25,0.25,t,603,447,proportional_split,447,1,0.2587,0.0,0.5,0.5556
1.25,2,0.25,0.5,t,603,453,two_term_descent,453,1,0.2488,0.0,0.25,0.7895
1.25,2,0.25,0.75,t,603,453,two_term_descent,453,1,0.2488,0.0,0.25,0.7895
1.25,2,0.5,0.25,t,450,303,proportional_split,303,1,0.3267,0.0,0.5,0.5556
1.25,2,0.5,0.5,t,596,303,two_term_descent,303,1,0.4916,0.0,0.5,0.5556
1.25,2,0.5,0.75,t,603,453,two_term_descent,453,1,0.2488,0.0,0.25,0.7895
1.25,2,1.0,0.25,t,231,231,uniform_min_teq,205,1,0.1126,0.1126,0.25,0.2941
1.25,2,1.0,0.5,t,304,175,proportional_split,175,1,0.4243,0.0,0.5,0.5556
1.25,2,1.0,0.75,t,306,235,two_term_descent,235,1,0.232,0.0,0.25,0.7895
1.25,3,0.25,0.25,t,903,603,proportional_split,603,1,0.3322,0.0,0.3333,0.7143
1.25,3,0.25,0.5,t,903,753,two_term_descent,753,1,0.1661,0.0,0.1667,0.8621
1.25,3,0.25,0.75,t,903,753,two_term_descent,753,1,0.1661,0.0,0.1667,0.8621
1.25,3,0.5,0.25,t,670,450,proportional_split,450,1,0.3284,0.0,0.3333,0.3846
1.25,3,0.5,0.5,t,889,603,proportional_split,453,1,0.4904,0.2488,0.5,0.5556
1.25,3,0.5,0.75,t,903,753,two_term_descent,753,1,0.1661,0.0,0.1667,0.8621
1.25,3,1.0,0.25,t,341,286,two_term_descent,286,1,0.1613,0.0,0.1667,0.2
1.25,3,1.0,0.5,t,451,306,proportional_split,241,1,0.4656,0.2124,0.5,0.5556
1.25,3,1.0,0.75,t,456,306,proportional_split,306,1,0.3289,0.0,0.3333,0.7143
1.25,4,0.25,0.25,t,1203,903,proportional_split,753,1,0.3741,0.1661,0.375,0.6757
1.25,4,0.25,0.5,t,1203,903,proportional_split,903,1,0.2494,0.0,0.25,0.7895
1.25,4,0.25,0.75,t,1203,903,proportional_split,903,1,0.2494,0.0,0.25,0.7895
1.25,4,0.5,0.25,t,890,603,proportional_split,560,1,0.3708,0.0713,0.375,0.4286
1.25,4,0.5,0.5,t,1182,603,proportional_split,603,1,0.4898,0.0,0.5,0.5556
1.25,4,0.5,0.75,t,1203,903,proportional_split,903,1,0.2494,0.0,0.25,0.7895
1.25,4,1.0,0.25,t,451,341,proportional_split,341,1,0.2439,0.0,0.25,0.2941
1.25,4,1.0,0.5,t,597,306,proportional_split,306,1,0.4874,0.0,0.5,0.5556
1.25,4,1.0,0.75,t,606,456,proportional_split,449,1,0.2591,0.0154,0.375,0.6757
1.5,2,0.25,0.25,t,723,447,proportional_split,447,1,0.3817,0.0,0.5,0.6
1.5,2,0.25,0.5,t,723,615,two_term_descent,543,1,0.249,0.1171,0.25,0.8182
1.5,2,0.25,0.75,t,723,615,two_term_descent,543,1,0.249,0.1171,0.25,0.8182
1.5,2,0.5,0.25,t,450,340,two_term_descent,340,1,0.2444,0.0,0.25,0.3333
1.5,2,0.5,0.5,t,596,363,two_term_descent,363,1,0.3909,0.0,0.5,0.6
1.5,2,0.5,0.75,t,723,615,two_term_descent,543,1,0.249,0.1171,0.25,0.8182
1.5,2,1.0,0.25,t,231,231,uniform_min_teq,215,1,0.0693,0.0693,0.25,0.3333
1.5,2,1.0,0.5,t,304,190,proportional_split,190,1,0.375,0.0,0.5,0.6
1.5,2,1.0,0.75,t,366,276,two_term_descent,276,1,0.2459,0.0,0.25,0.8182
1.5,3,0.25,0.25,t,1083,723,proportional_split,667,1,0.3841,0.0775,0.5,0.6
1.5,3,0.25,0.5,t,1083,882,proportional_split,882,1,0.1856,0.0,0.3333,0.75
1.5,3,0.25,0.75,t,1083,882,proportional_split,882,1,0.1856,0.0,0.3333,0.75
1.5,3,0.5,0.25,t,670,450,proportional_split,450,1,0.3284,0.0,0.3333,0.4286
1.5,3,0.5,0.5,t,889,723,proportional_split,543,1,0.3892,0.249,0.5,0.6
1.5,3,0.5,0.75,t,1083,882,proportional_split,882,1,0.1856,0.0,0.3333,0.75
1.5,3,1.0,0.25,t,341,310,two_term_descent,286,1,0.1613,0.0774,0.1667,0.2308
1.5,3,1.0,0.5,t,451,366,proportional_split,276,1,0.388,0.2459,0.5,0.6
1.5,3,1.0,0.75,t,546,366,proportional_split,366,1,0.3297,0.0,0.3333,0.75
1.5,4,0.25,0.25,t,1443,1083,proportional_split,887,1,0.3853,0.181,0.5,0.6
1.5,4,0.25,0.5,t,1443,1083,proportional_split,1083,1,0.2495,0.0,0.25,0.8182
1.5,4,0.25,0.75,t,1443,1083,proportional_split,1083,1,0.2495,0.0,0.25,0.8182
1.5,4,0.5,0.25,t,890,723,proportional_split,560,1,0.3708,0.2254,0.375,0.4737
1.5,4,0.5,0.5,t,1182,723,proportional_split,723,1,0.3883,0.0,0.5,0.6
1.5,4,0.5,0.75,t,1443,1083,proportional_split,1083,1,0.2495,0.0,0.25,0.8182
1.5,4,1.0,0.25,t,451,363,proportional_split,363,1,0.1951,0.0,0.25,0.3333
1.5,4,1.0,0.5,t,597,366,proportional_split,366,1,0.3869,0.0,0.5,0.6
1.5,4,1.0,0.75,t,726,546,proportional_split,456,1,0.3719,0.1648,0.375,0.7143
2.0,2,0.25,0.25,t,887,483,proportional_split,483,1,0.4555,0.0,0.5,0.6667
2.0,2,0.25,0.5,t,963,735,two_term_descent,723,1,0.2492,0.0163,0.25,0.8571
2.0,2,0.25,0.75,t,963,735,two_term_descent,723,1,0.2492,0.0163,0.25,0.8571
2.0,2,0.5,0.25,t,450,381,two_term_descent,354,1,0.2133,0.0709,0.25,0.4
2.0,2,0.5,0.5,t,596,449,two_term_descent,449,1,0.2466,0.0,0.25,0.4
2.0,2,0.5,0.75,t,963,735,two_term_descent,723,1,0.2492,0.0163,0.25,0.8571
2.0,2,1.0,0.25,t,231,231,uniform_min_teq,231,1,0.0,0.0,0.0,0.0
2.0,2,1.0,0.5,t,304,231,two_term_descent,231,1,0.2401,0.0,0.25,0.4
2.0,2,1.0,0.75,t,486,302,proportional_split,302,1,0.3786,0.0,0.5,0.6667
2.0,3,0.25,0.25,t,1327,963,proportional_split,741,1,0.4416,0.2305,0.5,0.6667
2.0,3,0.25,0.5,t,1443,963,proportional_split,963,1,0.3326,0.0,0.3333,0.8
2.0,3,0.25,0.75,t,1443,963,proportional_split,963,1,0.3326,0.0,0.3333,0.8
2.0,3,0.5,0.25,t,670,483,two_term_descent,483,1,0.2791,0.0,0.3333,0.5
2.0,3,0.5,0.5,t,889,741,two_term_descent,596,1,0.3296,0.1957,0.3333,0.5
2.0,3,0.5,0.75,t,1443,963,proportional_split,963,1,0.3326,0.0,0.3333,0.8
2.0,3,1.0,0.25,t,341,341,uniform_min_teq,300,1,0.1202,0.1202,0.1667,0.2857
2.0,3,1.0,0.5,t,451,381,two_term_descent,304,1,0.3259,0.2021,0.3333,0.5
2.0,3,1.0,0.75,t,726,453,two_term_descent,449,1,0.3815,0.0088,0.5,0.6667
2.0,4,0.25,0.25,t,1767,1443,proportional_split,963,1,0.455,0.3326,0.5,0.6667
2.0,4,0.25,0.5,t,1923,1443,proportional_split,1322,1,0.3125,0.0839,0.375,0.7692
2.0,4,0.25,0.75,t,1923,1443,proportional_split,1322,1,0.3125,0.0839,0.375,0.7692
2.0,4,0.5,0.25,t,890,741,two_term_descent,670,1,0.2472,0.0958,0.25,0.4
2.0,4,0.5,0.5,t,1182,963,proportional_split,742,1,0.3723,0.2295,0.375,0.5455
2.0,4,0.5,0.75,t,1923,1443,proportional_split,1322,1,0.3125,0.0839,0.375,0.7692
2.0,4,1.0,0.25,t,451,425,two_term_descent,396,1,0.122,0.0682,0.125,0.2222
2.0,4,1.0,0.5,t,597,486,proportional_split,381,1,0.3618,0.216,0.375,0.5455
2.0,4,1.0,0.75,t,966,726,proportional_split,596,1,0.383,0.1791,0.5,0.6667
