kernel,role,model,tiles,ccz_share,raw_setting,raw_period,raw_scale,raw_tiles,factory_tiles,t_rate,ccz_rate,raw_rate,capacity_teq,t_units,ccz_units,makespan_uniform_min_teq,makespan_min_weighted_count,makespan_uniform_oracle,makespan_two_term_descent,makespan_local_sim_greedy,makespan_share_aware_greedy,makespan_proportional_split,makespan_sim_descent,makespan_global_oracle,oracle_exhaustive,best_simple_baseline,makespan_best_simple,headroom_over_uniform_oracle,headroom_over_best_simple,oracle_heterogeneity,oracle_ccz_share_of_demand,regret_sim_descent
and_ladder_s2_l3,decisive,A,200,0.25,,,,,226,1.2727,0.1667,0.0,1.6061,14,1,39,32,32,29,39,39,28,25,25,1,proportional_split,28,0.2188,0.1071,0.5,0.3333,1.0
and_ladder_s2_l3,decisive,A,200,0.5,,,,,171,0.8182,0.1667,0.0,1.1515,9,1,39,42,39,29,39,39,32,29,27,1,two_term_descent,29,0.3077,0.069,0.3333,0.5,1.0741
and_ladder_s2_l3,decisive,A,200,0.75,,,,,199,0.4545,0.3333,0.0,1.1212,5,2,24,24,24,27,24,24,29,24,24,1,uniform_min_teq,24,0.0,0.0,0.0,1.0,1.0
and_ladder_s2_l3,decisive,A,400,0.25,,,,,369,2.4545,0.1667,0.0,2.7879,27,1,39,27,27,25,39,39,27,23,23,1,two_term_descent,25,0.1481,0.08,0.5,0.25,1.0
and_ladder_s2_l3,decisive,A,400,0.5,,,,,414,1.6364,0.5,0.0,2.6364,18,3,20,20,20,24,20,20,27,20,20,1,uniform_min_teq,20,0.0,0.0,0.0,1.0,1.0
and_ladder_s2_l3,decisive,A,400,0.75,,,,,387,0.8182,0.6667,0.0,2.1515,9,4,19,19,19,19,19,19,26,19,19,1,uniform_min_teq,19,0.0,0.0,0.0,1.0,1.0
and_ladder_s2_l3,decisive,A,800,0.25,,,,,821,5.0,0.5,0.0,6.0,55,3,20,26,20,22,20,20,26,20,20,1,uniform_min_teq,20,0.0,0.0,0.0,1.0,1.0
and_ladder_s2_l3,decisive,A,800,0.5,,,,,828,3.2727,1.0,0.0,5.2727,36,6,18,18,18,18,18,18,25,18,18,1,uniform_min_teq,18,0.0,0.0,0.0,1.0,1.0
and_ladder_s2_l3,decisive,A,800,0.75,,,,,774,1.6364,1.3333,0.0,4.303,18,8,17,17,17,17,17,17,25,17,17,1,uniform_min_teq,17,0.0,0.0,0.0,1.0,1.0
and_ladder_s2_l3,decisive,B,200,0.25,default,2,1.0,2,242,0.9091,0.1667,15.0,1.2424,10,1,42,42,42,36,42,42,34,29,29,1,proportional_split,34,0.3095,0.1471,0.5,0.3333,1.0
and_ladder_s2_l3,decisive,B,200,0.5,default,2,1.0,2,193,0.6364,0.1667,11.0,0.9697,7,1,41,41,41,42,41,41,41,31,31,1,uniform_min_teq,41,0.2439,0.2439,0.3333,0.5,1.0
and_ladder_s2_l3,decisive,B,200,0.75,default,2,1.0,2,222,0.3636,0.3333,8.5,1.0303,4,2,24,24,24,33,24,24,37,24,24,1,uniform_min_teq,24,0.0,0.0,0.0,1.0,1.0
and_ladder_s2_l3,decisive,B,400,0.25,cheap,1,1.0,2,391,2.0909,0.1667,33.0,2.4242,23,1,40,29,29,29,40,40,29,25,25,1,min_weighted_count,29,0.1379,0.1379,0.5,0.25,1.0
and_ladder_s2_l3,decisive,B,400,0.25,default,2,1.0,2,408,1.8182,0.1667,29.0,2.1515,20,1,42,31,31,31,42,42,31,26,26,1,min_weighted_count,31,0.1613,0.1613,0.5,0.25,1.0
and_ladder_s2_l3,decisive,B,400,0.25,expensive,4,1.0,2,413,1.3636,0.1667,22.0,1.697,15,1,44,35,35,35,44,44,32,30,30,1,proportional_split,32,0.1429,0.0625,0.5,0.3333,1.0
and_ladder_s2_l3,decisive,B,400,0.25,free_area,2,1.0,0,369,2.4545,0.1667,38.5,2.7879,27,1,42,29,29,29,42,42,29,25,25,1,min_weighted_count,29,0.1379,0.1379,0.5,0.25,1.0
and_ladder_s2_l3,decisive,B,400,0.25,free_scarce,2,0.5,0,369,1.2546,0.0852,19.5,1.4249,27,1,42,36,36,35,42,42,36,28,28,1,two_term_descent,35,0.2222,0.2,0.5,0.3333,1.0
and_ladder_s2_l3,decisive,B,400,0.25,scarce,2,0.5,2,391,1.0551,0.0841,16.5,1.2234,23,1,42,39,39,36,42,42,39,29,29,1,two_term_descent,36,0.2564,0.1944,0.5,0.3333,1.0
and_ladder_s2_l3,decisive,B,400,0.5,cheap,1,1.0,2,370,1.4545,0.3333,25.0,2.1212,16,2,23,32,23,27,23,23,29,23,23,1,uniform_min_teq,23,0.0,0.0,0.0,1.0,1.0
and_ladder_s2_l3,decisive,B,400,0.5,default,2,1.0,2,386,1.2727,0.3333,22.0,1.9394,14,2,25,25,25,29,25,25,31,25,25,1,uniform_min_teq,25,0.0,0.0,0.0,1.0,1.0
and_ladder_s2_l3,decisive,B,400,0.5,expensive,4,1.0,2,430,1.0909,0.3333,19.25,1.7576,12,2,27,27,27,32,27,27,34,27,27,1,uniform_min_teq,27,0.0,0.0,0.0,1.0,1.0
and_ladder_s2_l3,decisive,B,400,0.5,free_area,2,1.0,0,414,1.6364,0.5,29.0,2.6364,18,3,19,19,19,27,19,19,29,19,19,1,uniform_min_teq,19,0.0,0.0,0.0,1.0,1.0
and_ladder_s2_l3,decisive,B,400,0.5,free_scarce,2,0.5,0,414,0.8312,0.254,14.5,1.3392,18,3,21,21,21,34,21,21,38,21,21,1,uniform_min_teq,21,0.0,0.0,0.0,1.0,1.0
and_ladder_s2_l3,decisive,B,400,0.5,scarce,2,0.5,2,370,0.7426,0.1702,12.5,1.0829,16,2,24,52,24,41,24,24,40,24,24,1,uniform_min_teq,24,0.0,0.0,0.0,1.0,1.0
and_ladder_s2_l3,decisive,B,400,0.75,cheap,1,1.0,2,410,0.7273,0.6667,17.0,2.0606,8,4,19,19,19,19,19,19,29,19,19,1,uniform_min_teq,19,0.0,0.0,0.0,1.0,1.0
and_ladder_s2_l3,decisive,B,400,0.75,default,2,1.0,2,442,0.7273,0.6667,16.5,2.0606,8,4,21,21,21,21,21,21,30,21,21,1,uniform_min_teq,21,0.0,0.0,0.0,1.0,1.0
and_ladder_s2_l3,decisive,B,400,0.75,expensive,4,1.0,2,403,0.6364,0.5,13.75,1.6364,7,3,21,21,21,31,21,21,33,21,21,1,uniform_min_teq,21,0.0,0.0,0.0,1.0,1.0
and_ladder_s2_l3,decisive,B,400,0.75,free_area,2,1.0,0,387,0.8182,0.6667,18.0,2.1515,9,4,20,20,20,20,20,20,30,20,20,1,uniform_min_teq,20,0.0,0.0,0.0,1.0,1.0
and_ladder_s2_l3,decisive,B,400,0.75,free_scarce,2,0.5,0,387,0.4182,0.3408,9.0,1.0998,9,4,20,20,20,37,20,20,46,20,20,1,uniform_min_teq,20,0.0,0.0,0.0,1.0,1.0
and_ladder_s2_l3,decisive,B,400,0.75,scarce,2,0.5,2,410,0.3806,0.3489,8.5,1.0784,8,4,20,20,20,41,20,20,50,20,20,1,uniform_min_teq,20,0.0,0.0,0.0,1.0,1.0
and_ladder_s2_l3,decisive,B,800,0.25,default,2,1.0,2,797,3.5455,0.3333,56.0,4.2121,39,2,24,28,24,26,24,24,28,24,24,1,uniform_min_teq,24,0.0,0.0,0.0,1.0,1.0
and_ladder_s2_l3,decisive,B,800,0.5,default,2,1.0,2,772,2.5455,0.6667,44.0,3.8788,28,4,19,19,19,26,19,19,29,19,19,1,uniform_min_teq,19,0.0,0.0,0.0,1.0,1.0
and_ladder_s2_l3,decisive,B,800,0.75,default,2,1.0,2,789,1.3636,1.1667,30.0,3.697,15,7,19,19,19,19,19,19,27,19,19,1,uniform_min_teq,19,0.0,0.0,0.0,1.0,1.0
and_ladder_s2_l3,decisive,C,200,0.25,default,2,1.0,2,246,0.9091,0.1667,15.0,1.2424,10,1,43,38,38,35,43,43,34,29,29,1,proportional_split,34,0.2368,0.1471,0.5,0.3333,1.0
and_ladder_s2_l3,decisive,C,200,0.5,default,2,1.0,2,197,0.6364,0.1667,11.0,0.9697,7,1,41,41,40,41,41,41,35,31,31,1,proportional_split,35,0.225,0.1143,0.3333,0.5,1.0
and_ladder_s2_l3,decisive,C,200,0.75,default,2,1.0,2,230,0.3636,0.3333,8.5,1.0303,4,2,24,24,24,29,24,24,30,24,24,1,uniform_min_teq,24,0.0,0.0,0.0,1.0,1.0
and_ladder_s2_l3,decisive,C,400,0.25,cheap,1,1.0,2,395,2.0909,0.1667,33.0,2.4242,23,1,40,28,28,28,40,40,28,25,25,1,min_weighted_count,28,0.1071,0.1071,0.5,0.25,1.0
and_ladder_s2_l3,decisive,C,400,0.25,default,2,1.0,2,412,1.8182,0.1667,29.0,2.1515,20,1,42,30,30,30,42,42,30,26,26,1,min_weighted_count,30,0.1333,0.1333,0.5,0.25,1.0
and_ladder_s2_l3,decisive,C,400,0.25,expensive,4,1.0,2,438,1.4545,0.1667,23.25,1.7879,16,1,43,34,34,34,43,43,32,30,30,1,proportional_split,32,0.1176,0.0625,0.5,0.3333,1.0
and_ladder_s2_l3,decisive,C,400,0.25,free_area,2,1.0,0,373,2.4545,0.1667,38.5,2.7879,27,1,43,29,29,27,43,43,29,26,26,1,two_term_descent,27,0.1034,0.037,0.5,0.25,1.0
and_ladder_s2_l3,decisive,C,400,0.25,free_scarce,2,0.5,0,373,1.2546,0.0852,19.5,1.4249,27,1,43,34,34,33,43,43,34,28,28,1,two_term_descent,33,0.1765,0.1515,0.5,0.3333,1.0
and_ladder_s2_l3,decisive,C,400,0.25,scarce,2,0.5,2,395,1.0551,0.0841,16.5,1.2234,23,1,43,35,35,35,43,43,35,31,29,1,min_weighted_count,35,0.1714,0.1714,0.5,0.3333,1.069
and_ladder_s2_l3,decisive,C,400,0.5,cheap,1,1.0,2,378,1.4545,0.3333,25.0,2.1212,16,2,23,29,23,27,23,23,28,23,23,1,uniform_min_teq,23,0.0,0.0,0.0,1.0,1.0
and_ladder_s2_l3,decisive,C,400,0.5,default,2,1.0,2,394,1.2727,0.3333,22.0,1.9394,14,2,25,25,25,29,25,25,29,25,25,1,uniform_min_teq,25,0.0,0.0,0.0,1.0,1.0
and_ladder_s2_l3,decisive,C,400,0.5,expensive,4,1.0,2,415,1.0,0.3333,17.75,1.6667,11,2,26,26,26,33,26,26,32,26,26,1,uniform_min_teq,26,0.0,0.0,0.0,1.0,1.0
and_ladder_s2_l3,decisive,C,400,0.5,free_area,2,1.0,0,426,1.6364,0.5,29.0,2.6364,18,3,20,20,20,25,20,20,27,20,20,1,uniform_min_teq,20,0.0,0.0,0.0,1.0,1.0
and_ladder_s2_l3,decisive,C,400,0.5,free_scarce,2,0.5,0,426,0.8312,0.254,14.5,1.3392,18,3,22,22,22,30,22,22,32,22,22,1,uniform_min_teq,22,0.0,0.0,0.0,1.0,1.0
and_ladder_s2_l3,decisive,C,400,0.5,scarce,2,0.5,2,378,0.7426,0.1702,12.5,1.0829,16,2,25,35,25,32,25,25,34,25,25,1,uniform_min_teq,25,0.0,0.0,0.0,1.0,1.0
and_ladder_s2_l3,decisive,C,400,0.75,cheap,1,1.0,2,426,0.7273,0.6667,17.0,2.0606,8,4,20,20,20,26,20,20,26,20,20,1,uniform_min_teq,20,0.0,0.0,0.0,1.0,1.0
and_ladder_s2_l3,decisive,C,400,0.75,default,2,1.0,2,376,0.7273,0.5,15.0,1.7273,8,3,23,23,23,29,23,23,29,23,23,1,uniform_min_teq,23,0.0,0.0,0.0,1.0,1.0
and_ladder_s2_l3,decisive,C,400,0.75,expensive,4,1.0,2,415,0.6364,0.5,13.75,1.6364,7,3,23,23,23,30,23,23,29,23,23,1,uniform_min_teq,23,0.0,0.0,0.0,1.0,1.0
and_ladder_s2_l3,decisive,C,400,0.75,free_area,2,1.0,0,403,0.8182,0.6667,18.0,2.1515,9,4,20,20,20,27,20,20,26,20,20,1,uniform_min_teq,20,0.0,0.0,0.0,1.0,1.0
and_ladder_s2_l3,decisive,C,400,0.75,free_scarce,2,0.5,0,403,0.4182,0.3408,9.0,1.0998,9,4,20,20,20,24,20,20,28,20,20,1,uniform_min_teq,20,0.0,0.0,0.0,1.0,1.0
and_ladder_s2_l3,decisive,C,400,0.75,scarce,2,0.5,2,426,0.3806,0.3489,8.5,1.0784,8,4,20,20,20,24,20,20,28,20,20,1,uniform_min_teq,20,0.0,0.0,0.0,1.0,1.0
and_ladder_s2_l3,decisive,C,800,0.25,default,2,1.0,2,805,3.5455,0.3333,56.0,4.2121,39,2,24,27,24,28,24,24,27,24,24,1,uniform_min_teq,24,0.0,0.0,0.0,1.0,1.0
and_ladder_s2_l3,decisive,C,800,0.5,default,2,1.0,2,788,2.5455,0.6667,44.0,3.8788,28,4,20,20,20,26,20,20,26,20,20,1,uniform_min_teq,20,0.0,0.0,0.0,1.0,1.0
and_ladder_s2_l3,decisive,C,800,0.75,default,2,1.0,2,817,1.3636,1.1667,30.0,3.697,15,7,20,20,20,20,20,20,26,20,20,1,uniform_min_teq,20,0.0,0.0,0.0,1.0,1.0
grover_c16_i2,decisive,A,200,0.25,,,,,226,1.2727,0.1667,0.0,1.6061,14,1,423,264,243,324,264,264,333,231,231,1,uniform_oracle,243,0.0494,0.0494,0.5,0.4118,1.0
grover_c16_i2,decisive,A,200,0.5,,,,,171,0.8182,0.1667,0.0,1.1515,9,1,423,298,258,278,334,334,334,255,255,1,uniform_oracle,258,0.0116,0.0116,0.5,0.4118,1.0
grover_c16_i2,decisive,A,200,0.75,,,,,199,0.4545,0.3333,0.0,1.1212,5,2,221,221,221,241,228,228,228,219,219,1,uniform_min_teq,221,0.009,0.009,0.5,0.7143,1.0
grover_c16_i2,decisive,A,400,0.25,,,,,369,2.4545,0.1667,0.0,2.7879,27,1,423,241,225,265,241,241,333,213,213,1,uniform_oracle,225,0.0533,0.0533,0.5,0.4118,1.0
grover_c16_i2,decisive,A,400,0.5,,,,,414,1.6364,0.5,0.0,2.6364,18,3,187,227,187,195,187,187,333,187,185,1,uniform_min_teq,187,0.0107,0.0107,0.5,0.7297,1.0108
grover_c16_i2,decisive,A,400,0.75,,,,,387,0.8182,0.6667,0.0,2.1515,9,4,181,181,181,189,181,181,228,169,169,1,uniform_min_teq,181,0.0663,0.0663,0.25,1.0,1.0
grover_c16_i2,decisive,A,800,0.25,,,,,821,5.0,0.5,0.0,6.0,55,3,187,234,187,237,194,194,333,174,174,1,uniform_min_teq,187,0.0695,0.0695,0.5,0.7297,1.0
grover_c16_i2,decisive,A,800,0.5,,,,,828,3.2727,1.0,0.0,5.2727,36,6,176,216,152,152,152,152,333,152,152,1,uniform_oracle,152,0.0,0.0,0.0,1.0,1.0
grover_c16_i2,decisive,A,800,0.75,,,,,774,1.6364,1.3333,0.0,4.303,18,8,174,174,150,150,150,150,228,150,150,1,uniform_oracle,150,0.0,0.0,0.0,1.0,1.0
grover_c16_i2,decisive,B,200,0.25,default,2,1.0,2,242,0.9091,0.1667,15.0,1.2424,10,1,426,299,260,280,299,299,337,251,251,1,uniform_oracle,260,0.0346,0.0346,0.5,0.4118,1.0
grover_c16_i2,decisive,B,200,0.5,default,2,1.0,2,193,0.6364,0.1667,11.0,0.9697,7,1,425,283,283,283,312,312,357,283,278,1,min_weighted_count,283,0.0177,0.0177,0.5,0.4118,1.018
grover_c16_i2,decisive,B,200,0.75,default,2,1.0,2,222,0.3636,0.3333,8.5,1.0303,4,2,223,223,223,243,230,230,230,221,221,1,uniform_min_teq,223,0.009,0.009,0.5,0.7143,1.0
grover_c16_i2,decisive,B,400,0.25,cheap,1,1.0,2,391,2.0909,0.1667,33.0,2.4242,23,1,424,256,244,302,256,256,335,218,218,1,uniform_oracle,244,0.1066,0.1066,0.5,0.4118,1.0
grover_c16_i2,decisive,B,400,0.25,default,2,1.0,2,408,1.8182,0.1667,29.0,2.1515,20,1,426,261,246,269,261,261,336,222,222,1,uniform_oracle,246,0.0976,0.0976,0.5,0.4118,1.0
grover_c16_i2,decisive,B,400,0.25,expensive,4,1.0,2,413,1.3636,0.1667,22.0,1.697,15,1,428,276,248,332,276,276,338,233,233,1,uniform_oracle,248,0.0605,0.0605,0.5,0.4118,1.0
grover_c16_i2,decisive,B,400,0.25,free_area,2,1.0,0,369,2.4545,0.1667,38.5,2.7879,27,1,426,252,246,290,252,252,335,216,216,1,uniform_oracle,246,0.122,0.122,0.5,0.4118,1.0
grover_c16_i2,decisive,B,400,0.25,free_scarce,2,0.5,0,369,1.2546,0.0852,19.5,1.4249,27,1,426,279,246,256,279,279,336,236,236,1,uniform_oracle,246,0.0407,0.0407,0.5,0.4118,1.0
grover_c16_i2,decisive,B,400,0.25,scarce,2,0.5,2,391,1.0551,0.0841,16.5,1.2234,23,1,426,291,251,265,291,291,337,245,245,1,uniform_oracle,251,0.0239,0.0239,0.5,0.4118,1.0
grover_c16_i2,decisive,B,400,0.5,cheap,1,1.0,2,370,1.4545,0.3333,25.0,2.1212,16,2,222,267,222,281,229,229,335,220,207,1,uniform_min_teq,222,0.0676,0.0676,0.25,0.6471,1.0628
grover_c16_i2,decisive,B,400,0.5,default,2,1.0,2,386,1.2727,0.3333,22.0,1.9394,14,2,224,242,224,297,231,231,337,213,213,1,uniform_min_teq,224,0.0491,0.0491,0.25,0.6471,1.0
grover_c16_i2,decisive,B,400,0.5,expensive,4,1.0,2,430,1.0909,0.3333,19.25,1.7576,12,2,226,244,226,318,233,233,339,223,223,1,uniform_min_teq,226,0.0133,0.0133,0.25,0.6471,1.0
grover_c16_i2,decisive,B,400,0.5,free_area,2,1.0,0,414,1.6364,0.5,29.0,2.6364,18,3,188,228,188,275,188,188,336,188,188,1,uniform_min_teq,188,0.0,0.0,0.0,1.0,1.0
grover_c16_i2,decisive,B,400,0.5,free_scarce,2,0.5,0,414,0.8312,0.254,14.5,1.3392,18,3,190,230,190,244,190,190,345,190,190,1,uniform_min_teq,190,0.0,0.0,0.0,1.0,1.0
grover_c16_i2,decisive,B,400,0.5,scarce,2,0.5,2,370,0.7426,0.1702,12.5,1.0829,16,2,224,325,224,242,231,231,354,222,222,1,uniform_min_teq,224,0.0089,0.0089,0.5,0.7143,1.0
grover_c16_i2,decisive,B,400,0.75,cheap,1,1.0,2,410,0.7273,0.6667,17.0,2.0606,8,4,180,180,180,190,180,180,229,168,168,1,uniform_min_teq,180,0.0667,0.0667,0.25,1.0,1.0
grover_c16_i2,decisive,B,400,0.75,default,2,1.0,2,442,0.7273,0.6667,16.5,2.0606,8,4,182,182,182,192,182,182,231,170,170,1,uniform_min_teq,182,0.0659,0.0659,0.25,1.0,1.0
grover_c16_i2,decisive,B,400,0.75,expensive,4,1.0,2,403,0.6364,0.5,13.75,1.6364,7,3,190,190,190,249,190,190,232,190,190,1,uniform_min_teq,190,0.0,0.0,0.0,1.0,1.0
grover_c16_i2,decisive,B,400,0.75,free_area,2,1.0,0,387,0.8182,0.6667,18.0,2.1515,9,4,182,182,182,192,182,182,231,170,170,1,uniform_min_teq,182,0.0659,0.0659,0.25,1.0,1.0
grover_c16_i2,decisive,B,400,0.75,free_scarce,2,0.5,0,387,0.4182,0.3408,9.0,1.0998,9,4,184,184,184,292,184,184,230,172,172,1,uniform_min_teq,184,0.0652,0.0652,0.25,1.0,1.0
grover_c16_i2,decisive,B,400,0.75,scarce,2,0.5,2,410,0.3806,0.3489,8.5,1.0784,8,4,184,184,184,299,184,184,230,172,172,1,uniform_min_teq,184,0.0652,0.0652,0.25,1.0,1.0
grover_c16_i2,decisive,B,800,0.25,default,2,1.0,2,797,3.5455,0.3333,56.0,4.2121,39,2,223,248,208,242,208,208,335,192,192,1,uniform_oracle,208,0.0769,0.0769,0.25,0.6471,1.0
grover_c16_i2,decisive,B,800,0.5,default,2,1.0,2,772,2.5455,0.6667,44.0,3.8788,28,4,182,222,182,192,182,182,335,170,170,1,uniform_min_teq,182,0.0659,0.0659,0.25,1.0,1.0
grover_c16_i2,decisive,B,800,0.75,default,2,1.0,2,789,1.3636,1.1667,30.0,3.697,15,7,178,178,154,154,154,154,231,154,154,1,uniform_oracle,154,0.0,0.0,0.0,1.0,1.0
grover_c16_i2,decisive,C,200,0.25,default,2,1.0,2,246,0.9091,0.1667,15.0,1.2424,10,1,427,285,285,283,285,285,334,247,247,1,two_term_descent,283,0.1333,0.1272,0.5,0.4118,1.0
grover_c16_i2,decisive,C,200,0.5,default,2,1.0,2,197,0.6364,0.1667,11.0,0.9697,7,1,425,283,283,283,304,304,347,268,268,1,min_weighted_count,283,0.053,0.053,0.5,0.4118,1.0
grover_c16_i2,decisive,C,200,0.75,default,2,1.0,2,230,0.3636,0.3333,8.5,1.0303,4,2,223,223,223,243,230,230,230,220,220,1,uniform_min_teq,223,0.0135,0.0135,0.25,0.6471,1.0
grover_c16_i2,decisive,C,400,0.25,cheap,1,1.0,2,395,2.0909,0.1667,33.0,2.4242,23,1,424,252,252,298,252,252,333,220,220,1,min_weighted_count,252,0.127,0.127,0.5,0.4118,1.0
grover_c16_i2,decisive,C,400,0.25,default,2,1.0,2,412,1.8182,0.1667,29.0,2.1515,20,1,426,257,257,272,257,257,334,222,222,1,min_weighted_count,257,0.1362,0.1362,0.5,0.4118,1.0
grover_c16_i2,decisive,C,400,0.25,expensive,4,1.0,2,438,1.4545,0.1667,23.25,1.7879,16,1,427,267,265,324,267,267,336,229,229,1,uniform_oracle,265,0.1358,0.1358,0.5,0.4118,1.0
grover_c16_i2,decisive,C,400,0.25,free_area,2,1.0,0,373,2.4545,0.1667,38.5,2.7879,27,1,427,250,250,291,250,250,333,223,223,1,min_weighted_count,250,0.108,0.108,0.5,0.4118,1.0
grover_c16_i2,decisive,C,400,0.25,free_scarce,2,0.5,0,373,1.2546,0.0852,19.5,1.4249,27,1,427,272,271,252,272,272,334,232,232,1,two_term_descent,252,0.1439,0.0794,0.5,0.4118,1.0
grover_c16_i2,decisive,C,400,0.25,scarce,2,0.5,2,395,1.0551,0.0841,16.5,1.2234,23,1,427,281,277,259,281,281,334,239,239,1,two_term_descent,259,0.1372,0.0772,0.5,0.4118,1.0
grover_c16_i2,decisive,C,400,0.5,cheap,1,1.0,2,378,1.4545,0.3333,25.0,2.1212,16,2,222,255,215,281,229,229,331,200,200,1,uniform_oracle,215,0.0698,0.0698,0.25,0.6471,1.0
grover_c16_i2,decisive,C,400,0.5,default,2,1.0,2,394,1.2727,0.3333,22.0,1.9394,14,2,224,242,224,281,231,231,333,219,210,1,uniform_min_teq,224,0.0625,0.0625,0.25,0.6471,1.0429
grover_c16_i2,decisive,C,400,0.5,expensive,4,1.0,2,415,1.0,0.3333,17.75,1.6667,11,2,225,243,225,245,232,232,334,220,220,1,uniform_min_teq,225,0.0222,0.0222,0.25,0.6471,1.0
grover_c16_i2,decisive,C,400,0.5,free_area,2,1.0,0,426,1.6364,0.5,29.0,2.6364,18,3,189,229,189,260,189,189,334,189,189,1,uniform_min_teq,189,0.0,0.0,0.0,1.0,1.0
grover_c16_i2,decisive,C,400,0.5,free_scarce,2,0.5,0,426,0.8312,0.254,14.5,1.3392,18,3,190,230,190,225,190,190,338,190,190,1,uniform_min_teq,190,0.0,0.0,0.0,1.0,1.0
grover_c16_i2,decisive,C,400,0.5,scarce,2,0.5,2,378,0.7426,0.1702,12.5,1.0829,16,2,225,277,225,243,232,232,348,222,222,1,uniform_min_teq,225,0.0133,0.0133,0.25,0.6471,1.0
grover_c16_i2,decisive,C,400,0.75,cheap,1,1.0,2,426,0.7273,0.6667,17.0,2.0606,8,4,181,181,181,190,181,181,229,169,169,1,uniform_min_teq,181,0.0663,0.0663,0.25,1.0,1.0
grover_c16_i2,decisive,C,400,0.75,default,2,1.0,2,376,0.7273,0.5,15.0,1.7273,8,3,192,192,192,232,192,192,232,192,192,1,uniform_min_teq,192,0.0,0.0,0.0,1.0,1.0
grover_c16_i2,decisive,C,400,0.75,expensive,4,1.0,2,415,0.6364,0.5,13.75,1.6364,7,3,192,192,192,232,192,192,232,192,192,1,uniform_min_teq,192,0.0,0.0,0.0,1.0,1.0
grover_c16_i2,decisive,C,400,0.75,free_area,2,1.0,0,403,0.8182,0.6667,18.0,2.1515,9,4,184,184,184,193,184,184,232,172,172,1,uniform_min_teq,184,0.0652,0.0652,0.25,1.0,1.0
grover_c16_i2,decisive,C,400,0.75,free_scarce,2,0.5,0,403,0.4182,0.3408,9.0,1.0998,9,4,185,185,185,209,185,185,230,173,173,1,uniform_min_teq,185,0.0649,0.0649,0.25,1.0,1.0
grover_c16_i2,decisive,C,400,0.75,scarce,2,0.5,2,426,0.3806,0.3489,8.5,1.0784,8,4,183,183,183,208,183,183,230,171,171,1,uniform_min_teq,183,0.0656,0.0656,0.25,1.0,1.0
grover_c16_i2,decisive,C,800,0.25,default,2,1.0,2,805,3.5455,0.3333,56.0,4.2121,39,2,223,245,204,241,204,204,332,191,191,1,uniform_oracle,204,0.0637,0.0637,0.25,0.6471,1.0
grover_c16_i2,decisive,C,800,0.5,default,2,1.0,2,788,2.5455,0.6667,44.0,3.8788,28,4,183,223,181,193,183,183,333,171,171,1,uniform_oracle,181,0.0552,0.0552,0.25,1.0,1.0
grover_c16_i2,decisive,C,800,0.75,default,2,1.0,2,817,1.3636,1.1667,30.0,3.697,15,7,179,179,155,155,155,155,232,155,155,1,uniform_oracle,155,0.0,0.0,0.0,1.0,1.0
mixed_w32_c16_l2,decisive,A,200,0.25,,,,,226,1.2727,0.1667,0.0,1.6061,14,1,795,386,312,312,356,459,386,291,291,1,uniform_oracle,312,0.0673,0.0673,0.3333,0.1606,1.0
mixed_w32_c16_l2,decisive,A,200,0.5,,,,,171,0.8182,0.1667,0.0,1.1515,9,1,795,559,406,498,406,459,399,363,363,1,proportional_split,399,0.1059,0.0902,0.3333,0.2584,1.0
mixed_w32_c16_l2,decisive,A,200,0.75,,,,,199,0.4545,0.3333,0.0,1.1212,5,2,402,402,393,393,402,402,503,321,321,1,uniform_oracle,393,0.1832,0.1832,0.3333,0.6599,1.0
mixed_w32_c16_l2,decisive,A,400,0.25,,,,,369,2.4545,0.1667,0.0,2.7879,27,1,795,298,271,320,348,326,330,270,265,1,uniform_oracle,271,0.0221,0.0221,0.3333,0.1059,1.0189
mixed_w32_c16_l2,decisive,A,400,0.5,,,,,414,1.6364,0.5,0.0,2.6364,18,3,271,275,217,275,271,271,329,237,217,1,uniform_oracle,217,0.0,0.0,0.0,0.6296,1.0922
mixed_w32_c16_l2,decisive,A,400,0.75,,,,,387,0.8182,0.6667,0.0,2.1515,9,4,210,210,210,230,210,213,330,230,207,1,uniform_min_teq,210,0.0143,0.0143,0.1667,0.7959,1.1111
mixed_w32_c16_l2,decisive,A,800,0.25,,,,,821,5.0,0.5,0.0,6.0,55,3,271,284,195,215,209,229,329,198,179,1,uniform_oracle,195,0.0821,0.0821,0.3333,0.2886,1.1061
mixed_w32_c16_l2,decisive,A,800,0.5,,,,,828,3.2727,1.0,0.0,5.2727,36,6,184,204,171,254,192,171,329,192,171,1,uniform_oracle,171,0.0,0.0,0.1667,0.5683,1.1228
mixed_w32_c16_l2,decisive,A,800,0.75,,,,,774,1.6364,1.3333,0.0,4.303,18,8,183,183,175,246,192,183,329,190,169,1,uniform_oracle,175,0.0343,0.0343,0.1667,0.781,1.1243
mixed_w32_c16_l2,decisive,B,200,0.25,default,2,1.0,2,242,0.9091,0.1667,15.0,1.2424,10,1,798,508,393,489,399,462,402,366,366,1,uniform_oracle,393,0.0687,0.0687,0.3333,0.2584,1.0
mixed_w32_c16_l2,decisive,B,200,0.5,default,2,1.0,2,193,0.6364,0.1667,11.0,0.9697,7,1,797,645,457,459,465,797,401,401,401,0,proportional_split,401,0.1225,0.0,0.5,0.3708,1.0
mixed_w32_c16_l2,decisive,B,200,0.75,default,2,1.0,2,222,0.3636,0.3333,8.5,1.0303,4,2,402,402,402,423,402,402,630,323,323,0,uniform_min_teq,402,0.1965,0.1965,0.3333,0.6599,1.0
mixed_w32_c16_l2,decisive,B,400,0.25,cheap,1,1.0,2,391,2.0909,0.1667,33.0,2.4242,23,1,796,316,273,337,395,343,332,273,273,0,uniform_oracle,273,0.0,0.0,0.0,0.1546,1.0
mixed_w32_c16_l2,decisive,B,400,0.25,default,2,1.0,2,408,1.8182,0.1667,29.0,2.1515,20,1,798,322,274,344,350,350,333,274,274,1,uniform_oracle,274,0.0,0.0,0.0,0.1546,1.0
mixed_w32_c16_l2,decisive,B,400,0.25,expensive,4,1.0,2,413,1.3636,0.1667,22.0,1.697,15,1,800,371,303,303,366,464,371,298,298,1,uniform_oracle,303,0.0165,0.0165,0.3333,0.1606,1.0
mixed_w32_c16_l2,decisive,B,400,0.25,free_area,2,1.0,0,369,2.4545,0.1667,38.5,2.7879,27,1,798,311,273,334,355,340,332,272,272,1,uniform_oracle,273,0.0037,0.0037,0.1667,0.1181,1.0
mixed_w32_c16_l2,decisive,B,400,0.25,free_scarce,2,0.5,0,369,1.2546,0.0852,19.5,1.4249,27,1,798,396,323,351,372,462,396,304,304,1,uniform_oracle,323,0.0588,0.0588,0.3333,0.1606,1.0
mixed_w32_c16_l2,decisive,B,400,0.25,scarce,2,0.5,2,391,1.0551,0.0841,16.5,1.2234,23,1,798,450,360,389,386,462,450,343,343,1,uniform_oracle,360,0.0472,0.0472,0.3333,0.1606,1.0
mixed_w32_c16_l2,decisive,B,400,0.5,cheap,1,1.0,2,370,1.4545,0.3333,25.0,2.1212,16,2,400,352,274,353,400,274,331,259,259,1,uniform_oracle,274,0.0547,0.0547,0.1667,0.2655,1.0
mixed_w32_c16_l2,decisive,B,400,0.5,default,2,1.0,2,386,1.2727,0.3333,22.0,1.9394,14,2,402,366,276,363,402,276,333,264,264,1,uniform_oracle,276,0.0435,0.0435,0.1667,0.2655,1.0
mixed_w32_c16_l2,decisive,B,400,0.5,expensive,4,1.0,2,430,1.0909,0.3333,19.25,1.7576,12,2,404,368,278,376,404,278,335,269,269,0,uniform_oracle,278,0.0324,0.0324,0.1667,0.2655,1.0
mixed_w32_c16_l2,decisive,B,400,0.5,free_area,2,1.0,0,414,1.6364,0.5,29.0,2.6364,18,3,272,276,222,276,272,272,332,239,222,0,uniform_oracle,222,0.0,0.0,0.0,0.6296,1.0766
mixed_w32_c16_l2,decisive,B,400,0.5,free_scarce,2,0.5,0,414,0.8312,0.254,14.5,1.3392,18,3,274,278,266,339,274,274,349,248,244,1,uniform_oracle,266,0.0827,0.0827,0.1667,0.7959,1.0164
mixed_w32_c16_l2,decisive,B,400,0.5,scarce,2,0.5,2,370,0.7426,0.1702,12.5,1.0829,16,2,402,573,315,383,402,402,371,291,291,1,uniform_oracle,315,0.0762,0.0762,0.5,0.5062,1.0
mixed_w32_c16_l2,decisive,B,400,0.75,cheap,1,1.0,2,410,0.7273,0.6667,17.0,2.0606,8,4,210,210,210,230,210,213,352,230,210,1,uniform_min_teq,210,0.0,0.0,0.0,1.0,1.0952
mixed_w32_c16_l2,decisive,B,400,0.75,default,2,1.0,2,442,0.7273,0.6667,16.5,2.0606,8,4,212,212,212,232,212,215,353,232,212,0,uniform_min_teq,212,0.0,0.0,0.0,1.0,1.0943
mixed_w32_c16_l2,decisive,B,400,0.75,expensive,4,1.0,2,403,0.6364,0.5,13.75,1.6364,7,3,274,274,274,282,274,274,392,244,244,1,uniform_min_teq,274,0.1095,0.1095,0.1667,0.7959,1.0
mixed_w32_c16_l2,decisive,B,400,0.75,free_area,2,1.0,0,387,0.8182,0.6667,18.0,2.1515,9,4,212,212,212,232,212,215,334,232,212,1,uniform_min_teq,212,0.0,0.0,0.0,1.0,1.0943
mixed_w32_c16_l2,decisive,B,400,0.75,free_scarce,2,0.5,0,387,0.4182,0.3408,9.0,1.0998,9,4,222,222,222,270,222,223,477,242,222,1,uniform_min_teq,222,0.0,0.0,0.0,1.0,1.0901
mixed_w32_c16_l2,decisive,B,400,0.75,scarce,2,0.5,2,410,0.3806,0.3489,8.5,1.0784,8,4,218,218,218,272,218,220,503,238,218,0,uniform_min_teq,218,0.0,0.0,0.0,1.0,1.0917
mixed_w32_c16_l2,decisive,B,800,0.25,default,2,1.0,2,797,3.5455,0.3333,56.0,4.2121,39,2,402,307,252,302,312,272,332,232,223,0,uniform_oracle,252,0.1151,0.1151,0.1667,0.2806,1.0404
mixed_w32_c16_l2,decisive,B,800,0.5,default,2,1.0,2,772,2.5455,0.6667,44.0,3.8788,28,4,212,232,212,285,212,215,331,217,197,0,uniform_min_teq,212,0.0708,0.0708,0.1667,0.4529,1.1015
mixed_w32_c16_l2,decisive,B,800,0.75,default,2,1.0,2,789,1.3636,1.1667,30.0,3.697,15,7,186,186,186,226,220,186,331,206,186,0,uniform_min_teq,186,0.0,0.0,0.1667,1.0,1.1075
mixed_w32_c16_l2,decisive,C,200,0.25,default,2,1.0,2,246,0.9091,0.1667,15.0,1.2424,10,1,799,439,374,464,374,463,403,349,349,0,uniform_oracle,374,0.0668,0.0668,0.3333,0.1606,1.0
mixed_w32_c16_l2,decisive,C,200,0.5,default,2,1.0,2,197,0.6364,0.1667,11.0,0.9697,7,1,797,643,428,463,428,475,407,395,395,1,proportional_split,407,0.0771,0.0295,0.1667,0.2655,1.0
mixed_w32_c16_l2,decisive,C,200,0.75,default,2,1.0,2,230,0.3636,0.3333,8.5,1.0303,4,2,402,402,374,375,402,375,413,336,336,1,uniform_oracle,374,0.1016,0.1016,0.3333,0.6599,1.0
mixed_w32_c16_l2,decisive,C,400,0.25,cheap,1,1.0,2,395,2.0909,0.1667,33.0,2.4242,23,1,796,311,274,333,390,339,331,274,274,1,uniform_oracle,274,0.0,0.0,0.0,0.1546,1.0
mixed_w32_c16_l2,decisive,C,400,0.25,default,2,1.0,2,412,1.8182,0.1667,29.0,2.1515,20,1,798,315,276,338,344,344,332,276,276,1,uniform_oracle,276,0.0,0.0,0.0,0.1546,1.0
mixed_w32_c16_l2,decisive,C,400,0.25,expensive,4,1.0,2,438,1.4545,0.1667,23.25,1.7879,16,1,799,354,291,291,354,354,353,291,291,1,uniform_oracle,291,0.0,0.0,0.0,0.1546,1.0
mixed_w32_c16_l2,decisive,C,400,0.25,free_area,2,1.0,0,373,2.4545,0.1667,38.5,2.7879,27,1,799,307,277,332,353,338,331,277,277,1,uniform_oracle,277,0.0,0.0,0.0,0.1546,1.0
mixed_w32_c16_l2,decisive,C,400,0.25,free_scarce,2,0.5,0,373,1.2546,0.0852,19.5,1.4249,27,1,799,389,316,343,364,364,389,303,303,1,uniform_oracle,316,0.0411,0.0411,0.3333,0.1606,1.0
mixed_w32_c16_l2,decisive,C,400,0.25,scarce,2,0.5,2,395,1.0551,0.0841,16.5,1.2234,23,1,799,439,349,378,375,375,439,333,333,1,uniform_oracle,349,0.0458,0.0458,0.3333,0.1606,1.0
mixed_w32_c16_l2,decisive,C,400,0.5,cheap,1,1.0,2,378,1.4545,0.3333,25.0,2.1212,16,2,400,338,274,336,400,276,329,254,254,1,uniform_oracle,274,0.073,0.073,0.1667,0.2655,1.0
mixed_w32_c16_l2,decisive,C,400,0.5,default,2,1.0,2,394,1.2727,0.3333,22.0,1.9394,14,2,403,367,277,339,403,280,330,259,259,1,uniform_oracle,277,0.065,0.065,0.1667,0.2655,1.0
mixed_w32_c16_l2,decisive,C,400,0.5,expensive,4,1.0,2,415,1.0,0.3333,17.75,1.6667,11,2,403,367,283,347,403,338,333,277,277,1,uniform_oracle,283,0.0212,0.0212,0.1667,0.3742,1.0
mixed_w32_c16_l2,decisive,C,400,0.5,free_area,2,1.0,0,426,1.6364,0.5,29.0,2.6364,18,3,272,277,221,327,272,272,330,238,221,1,uniform_oracle,221,0.0,0.0,0.0,0.6296,1.0769
mixed_w32_c16_l2,decisive,C,400,0.5,free_scarce,2,0.5,0,426,0.8312,0.254,14.5,1.3392,18,3,274,278,247,285,274,274,344,251,235,1,uniform_oracle,247,0.0486,0.0486,0.3333,0.6296,1.0681
mixed_w32_c16_l2,decisive,C,400,0.5,scarce,2,0.5,2,378,0.7426,0.1702,12.5,1.0829,16,2,403,402,330,319,403,330,364,286,286,1,two_term_descent,319,0.1333,0.1034,0.5,0.5062,1.0
mixed_w32_c16_l2,decisive,C,400,0.75,cheap,1,1.0,2,426,0.7273,0.6667,17.0,2.0606,8,4,210,210,210,230,210,213,346,230,208,1,uniform_min_teq,210,0.0095,0.0095,0.1667,0.7959,1.1058
mixed_w32_c16_l2,decisive,C,400,0.75,default,2,1.0,2,376,0.7273,0.5,15.0,1.7273,8,3,274,274,244,280,274,274,352,250,234,1,uniform_oracle,244,0.041,0.041,0.3333,0.6296,1.0684
mixed_w32_c16_l2,decisive,C,400,0.75,expensive,4,1.0,2,415,0.6364,0.5,13.75,1.6364,7,3,274,274,250,282,274,274,353,242,242,1,uniform_oracle,250,0.032,0.032,0.3333,0.6296,1.0
mixed_w32_c16_l2,decisive,C,400,0.75,free_area,2,1.0,0,403,0.8182,0.6667,18.0,2.1515,9,4,213,213,213,233,293,216,330,230,210,1,uniform_min_teq,213,0.0141,0.0141,0.1667,0.7959,1.0952
mixed_w32_c16_l2,decisive,C,400,0.75,free_scarce,2,0.5,0,403,0.4182,0.3408,9.0,1.0998,9,4,225,225,225,252,225,228,364,245,225,1,uniform_min_teq,225,0.0,0.0,0.0,1.0,1.0889
mixed_w32_c16_l2,decisive,C,400,0.75,scarce,2,0.5,2,426,0.3806,0.3489,8.5,1.0784,8,4,222,222,222,247,222,222,369,242,222,1,uniform_min_teq,222,0.0,0.0,0.0,1.0,1.0901
mixed_w32_c16_l2,decisive,C,800,0.25,default,2,1.0,2,805,3.5455,0.3333,56.0,4.2121,39,2,402,299,259,281,291,265,330,257,251,1,uniform_oracle,259,0.0309,0.0309,0.3333,0.2691,1.0239
mixed_w32_c16_l2,decisive,C,800,0.5,default,2,1.0,2,788,2.5455,0.6667,44.0,3.8788,28,4,213,233,211,275,213,216,330,215,195,1,uniform_oracle,211,0.0758,0.0758,0.1667,0.4529,1.1026
mixed_w32_c16_l2,decisive,C,800,0.75,default,2,1.0,2,817,1.3636,1.1667,30.0,3.697,15,7,187,187,187,228,221,187,330,207,187,1,uniform_min_teq,187,0.0,0.0,0.1667,1.0,1.107
modexp_w16_s2,decisive,A,200,0.25,,,,,226,1.2727,0.1667,0.0,1.6061,14,1,363,323,256,347,256,256,323,231,229,1,uniform_oracle,256,0.1055,0.1055,0.5,0.2055,1.0087
modexp_w16_s2,decisive,A,200,0.5,,,,,171,0.8182,0.1667,0.0,1.1515,9,1,363,324,257,325,257,257,324,235,233,1,uniform_oracle,257,0.0934,0.0934,0.75,0.3455,1.0086
modexp_w16_s2,decisive,A,200,0.75,,,,,199,0.4545,0.3333,0.0,1.1212,5,2,198,198,198,282,198,198,198,198,198,1,uniform_min_teq,198,0.0,0.0,0.0,1.0,1.0
modexp_w16_s2,decisive,A,400,0.25,,,,,369,2.4545,0.1667,0.0,2.7879,27,1,363,323,202,229,202,202,323,180,180,1,uniform_oracle,202,0.1089,0.1089,0.25,0.1429,1.0
modexp_w16_s2,decisive,A,400,0.5,,,,,414,1.6364,0.5,0.0,2.6364,18,3,198,198,154,210,154,154,323,148,148,1,uniform_oracle,154,0.039,0.039,0.25,0.4167,1.0
modexp_w16_s2,decisive,A,400,0.75,,,,,387,0.8182,0.6667,0.0,2.1515,9,4,198,198,181,179,198,198,198,141,140,1,two_term_descent,179,0.2265,0.2179,0.5,0.7586,1.0071
modexp_w16_s2,decisive,A,800,0.25,,,,,821,5.0,0.5,0.0,6.0,55,3,198,323,139,171,139,139,323,133,132,1,uniform_oracle,139,0.0504,0.0504,0.5,0.3333,1.0076
modexp_w16_s2,decisive,A,800,0.5,,,,,828,3.2727,1.0,0.0,5.2727,36,6,198,198,124,126,124,124,323,114,114,1,uniform_oracle,124,0.0806,0.0806,0.25,0.7846,1.0
modexp_w16_s2,decisive,A,800,0.75,,,,,774,1.6364,1.3333,0.0,4.303,18,8,198,198,107,107,107,107,198,107,107,1,uniform_oracle,107,0.0,0.0,0.0,1.0,1.0
modexp_w16_s2,decisive,B,200,0.25,default,2,1.0,2,242,0.9091,0.1667,15.0,1.2424,10,1,366,327,260,318,260,260,327,243,240,1,uniform_oracle,260,0.0769,0.0769,0.75,0.3455,1.0125
modexp_w16_s2,decisive,B,200,0.5,default,2,1.0,2,193,0.6364,0.1667,11.0,0.9697,7,1,365,365,262,291,262,262,393,248,248,1,uniform_oracle,262,0.0534,0.0534,0.25,0.4815,1.0
modexp_w16_s2,decisive,B,200,0.75,default,2,1.0,2,222,0.3636,0.3333,8.5,1.0303,4,2,200,200,200,316,200,200,200,200,200,1,uniform_min_teq,200,0.0,0.0,0.0,1.0,1.0
modexp_w16_s2,decisive,B,400,0.25,cheap,1,1.0,2,391,2.0909,0.1667,33.0,2.4242,23,1,364,325,243,220,258,258,325,194,194,1,two_term_descent,220,0.2016,0.1182,0.5,0.1485,1.0
modexp_w16_s2,decisive,B,400,0.25,default,2,1.0,2,408,1.8182,0.1667,29.0,2.1515,20,1,366,326,259,387,259,259,326,213,213,1,uniform_oracle,259,0.1776,0.1776,0.5,0.1485,1.0
modexp_w16_s2,decisive,B,400,0.25,expensive,4,1.0,2,413,1.3636,0.1667,22.0,1.697,15,1,368,328,261,351,261,261,328,236,236,1,uniform_oracle,261,0.0958,0.0958,0.5,0.2754,1.0
modexp_w16_s2,decisive,B,400,0.25,free_area,2,1.0,0,369,2.4545,0.1667,38.5,2.7879,27,1,366,325,219,252,219,219,325,186,186,1,uniform_oracle,219,0.1507,0.1507,0.5,0.1485,1.0
modexp_w16_s2,decisive,B,400,0.25,free_scarce,2,0.5,0,369,1.2546,0.0852,19.5,1.4249,27,1,366,326,259,300,259,259,326,234,234,1,uniform_oracle,259,0.0965,0.0965,0.5,0.2754,1.0
modexp_w16_s2,decisive,B,400,0.25,scarce,2,0.5,2,391,1.0551,0.0841,16.5,1.2234,23,1,366,327,260,316,260,260,327,241,234,1,uniform_oracle,260,0.1,0.1,0.5,0.2754,1.0299
modexp_w16_s2,decisive,B,400,0.5,cheap,1,1.0,2,370,1.4545,0.3333,25.0,2.1212,16,2,199,325,189,274,199,199,325,183,183,1,uniform_oracle,189,0.0317,0.0317,0.25,0.351,1.0
modexp_w16_s2,decisive,B,400,0.5,default,2,1.0,2,386,1.2727,0.3333,22.0,1.9394,14,2,201,201,192,249,201,201,327,191,190,1,uniform_oracle,192,0.0104,0.0104,0.5,0.4309,1.0053
modexp_w16_s2,decisive,B,400,0.5,expensive,4,1.0,2,430,1.0909,0.3333,19.25,1.7576,12,2,203,203,203,273,203,203,329,194,194,1,uniform_min_teq,203,0.0443,0.0443,0.25,0.6818,1.0
modexp_w16_s2,decisive,B,400,0.5,free_area,2,1.0,0,414,1.6364,0.5,29.0,2.6364,18,3,200,200,160,223,160,160,326,156,156,1,uniform_oracle,160,0.025,0.025,0.5,0.5692,1.0
modexp_w16_s2,decisive,B,400,0.5,free_scarce,2,0.5,0,414,0.8312,0.254,14.5,1.3392,18,3,201,201,201,300,201,201,335,172,172,1,uniform_min_teq,201,0.1443,0.1443,0.5,0.6585,1.0
modexp_w16_s2,decisive,B,400,0.5,scarce,2,0.5,2,370,0.7426,0.1702,12.5,1.0829,16,2,201,344,201,271,201,201,344,201,201,1,uniform_min_teq,201,0.0,0.0,0.0,1.0,1.0
modexp_w16_s2,decisive,B,400,0.75,cheap,1,1.0,2,410,0.7273,0.6667,17.0,2.0606,8,4,199,199,180,191,199,199,199,152,151,1,uniform_oracle,180,0.1611,0.1611,0.5,0.7586,1.0066
modexp_w16_s2,decisive,B,400,0.75,default,2,1.0,2,442,0.7273,0.6667,16.5,2.0606,8,4,201,201,182,193,201,201,201,154,153,1,uniform_oracle,182,0.1593,0.1593,0.5,0.7586,1.0065
modexp_w16_s2,decisive,B,400,0.75,expensive,4,1.0,2,403,0.6364,0.5,13.75,1.6364,7,3,202,202,202,218,202,202,202,174,174,1,uniform_min_teq,202,0.1386,0.1386,0.5,0.8526,1.0
modexp_w16_s2,decisive,B,400,0.75,free_area,2,1.0,0,387,0.8182,0.6667,18.0,2.1515,9,4,201,201,182,190,201,201,201,151,149,1,uniform_oracle,182,0.1813,0.1813,0.5,0.7586,1.0134
modexp_w16_s2,decisive,B,400,0.75,free_scarce,2,0.5,0,387,0.4182,0.3408,9.0,1.0998,9,4,200,200,192,298,200,200,200,154,154,1,uniform_oracle,192,0.1979,0.1979,0.5,1.0,1.0
modexp_w16_s2,decisive,B,400,0.75,scarce,2,0.5,2,410,0.3806,0.3489,8.5,1.0784,8,4,200,200,190,305,200,200,200,156,154,1,uniform_oracle,190,0.1895,0.1895,0.5,1.0,1.013
modexp_w16_s2,decisive,B,800,0.25,default,2,1.0,2,797,3.5455,0.3333,56.0,4.2121,39,2,200,325,191,170,200,200,325,150,150,1,two_term_descent,170,0.2147,0.1176,0.25,0.2406,1.0
modexp_w16_s2,decisive,B,800,0.5,default,2,1.0,2,772,2.5455,0.6667,44.0,3.8788,28,4,200,200,134,180,134,134,325,128,128,1,uniform_oracle,134,0.0448,0.0448,0.25,0.4684,1.0
modexp_w16_s2,decisive,B,800,0.75,default,2,1.0,2,789,1.3636,1.1667,30.0,3.697,15,7,201,201,116,125,116,116,201,116,116,1,uniform_oracle,116,0.0,0.0,0.0,1.0,1.0
modexp_w16_s2,decisive,C,200,0.25,default,2,1.0,2,246,0.9091,0.1667,15.0,1.2424,10,1,367,324,260,296,260,260,324,241,241,1,uniform_oracle,260,0.0731,0.0731,0.25,0.3578,1.0
modexp_w16_s2,decisive,C,200,0.5,default,2,1.0,2,197,0.6364,0.1667,11.0,0.9697,7,1,365,365,261,299,261,261,364,247,247,1,uniform_oracle,261,0.0536,0.0536,0.25,0.4815,1.0
modexp_w16_s2,decisive,C,200,0.75,default,2,1.0,2,230,0.3636,0.3333,8.5,1.0303,4,2,200,200,200,245,200,200,200,200,200,1,uniform_min_teq,200,0.0,0.0,0.0,1.0,1.0
modexp_w16_s2,decisive,C,400,0.25,cheap,1,1.0,2,395,2.0909,0.1667,33.0,2.4242,23,1,364,323,231,231,258,258,323,212,211,1,uniform_oracle,231,0.0866,0.0866,0.25,0.0691,1.0047
modexp_w16_s2,decisive,C,400,0.25,default,2,1.0,2,412,1.8182,0.1667,29.0,2.1515,20,1,366,324,259,235,259,259,324,210,210,1,two_term_descent,235,0.1892,0.1064,0.5,0.1485,1.0
modexp_w16_s2,decisive,C,400,0.25,expensive,4,1.0,2,438,1.4545,0.1667,23.25,1.7879,16,1,367,326,261,296,261,261,326,236,232,1,uniform_oracle,261,0.1111,0.1111,0.5,0.2055,1.0172
modexp_w16_s2,decisive,C,400,0.25,free_area,2,1.0,0,373,2.4545,0.1667,38.5,2.7879,27,1,367,323,212,247,212,212,323,195,195,1,uniform_oracle,212,0.0802,0.0802,0.25,0.0691,1.0
modexp_w16_s2,decisive,C,400,0.25,free_scarce,2,0.5,0,373,1.2546,0.0852,19.5,1.4249,27,1,367,324,259,321,259,259,324,241,231,1,uniform_oracle,259,0.1081,0.1081,0.5,0.2055,1.0433
modexp_w16_s2,decisive,C,400,0.25,scarce,2,0.5,2,395,1.0551,0.0841,16.5,1.2234,23,1,367,324,260,305,260,260,324,238,238,1,uniform_oracle,260,0.0846,0.0846,0.75,0.3455,1.0
modexp_w16_s2,decisive,C,400,0.5,cheap,1,1.0,2,378,1.4545,0.3333,25.0,2.1212,16,2,199,321,190,207,199,199,321,184,184,1,uniform_oracle,190,0.0316,0.0316,0.25,0.351,1.0
modexp_w16_s2,decisive,C,400,0.5,default,2,1.0,2,394,1.2727,0.3333,22.0,1.9394,14,2,201,201,192,262,201,201,323,191,191,1,uniform_oracle,192,0.0052,0.0052,0.5,0.5172,1.0
modexp_w16_s2,decisive,C,400,0.5,expensive,4,1.0,2,415,1.0,0.3333,17.75,1.6667,11,2,202,202,202,272,202,202,324,193,193,1,uniform_min_teq,202,0.0446,0.0446,0.5,0.5172,1.0
modexp_w16_s2,decisive,C,400,0.5,free_area,2,1.0,0,426,1.6364,0.5,29.0,2.6364,18,3,200,200,155,155,155,155,324,155,155,1,uniform_oracle,155,0.0,0.0,0.25,0.4167,1.0
modexp_w16_s2,decisive,C,400,0.5,free_scarce,2,0.5,0,426,0.8312,0.254,14.5,1.3392,18,3,201,201,201,233,201,201,328,168,168,1,uniform_min_teq,201,0.1642,0.1642,0.5,0.5172,1.0
modexp_w16_s2,decisive,C,400,0.5,scarce,2,0.5,2,378,0.7426,0.1702,12.5,1.0829,16,2,202,338,202,250,202,202,338,199,199,1,uniform_min_teq,202,0.0149,0.0149,0.75,0.5043,1.0
modexp_w16_s2,decisive,C,400,0.75,cheap,1,1.0,2,426,0.7273,0.6667,17.0,2.0606,8,4,199,199,179,181,199,199,199,148,148,1,uniform_oracle,179,0.1732,0.1732,0.5,0.5692,1.0
modexp_w16_s2,decisive,C,400,0.75,default,2,1.0,2,376,0.7273,0.5,15.0,1.7273,8,3,202,202,202,211,202,202,202,168,168,1,uniform_min_teq,202,0.1683,0.1683,0.5,0.5172,1.0
modexp_w16_s2,decisive,C,400,0.75,expensive,4,1.0,2,415,0.6364,0.5,13.75,1.6364,7,3,202,202,202,211,202,202,202,170,170,1,uniform_min_teq,202,0.1584,0.1584,0.5,0.5172,1.0
modexp_w16_s2,decisive,C,400,0.75,free_area,2,1.0,0,403,0.8182,0.6667,18.0,2.1515,9,4,202,202,179,182,179,179,202,147,147,1,uniform_oracle,179,0.1788,0.1788,0.5,0.5692,1.0
modexp_w16_s2,decisive,C,400,0.75,free_scarce,2,0.5,0,403,0.4182,0.3408,9.0,1.0998,9,4,200,200,196,219,200,200,200,155,155,1,uniform_oracle,196,0.2092,0.2092,0.5,1.0,1.0
modexp_w16_s2,decisive,C,400,0.75,scarce,2,0.5,2,426,0.3806,0.3489,8.5,1.0784,8,4,200,200,192,220,200,200,200,154,154,1,uniform_oracle,192,0.1979,0.1979,0.5,1.0,1.0
modexp_w16_s2,decisive,C,800,0.25,default,2,1.0,2,805,3.5455,0.3333,56.0,4.2121,39,2,200,322,188,176,200,200,322,169,167,1,two_term_descent,176,0.1117,0.0511,0.5,0.1485,1.012
modexp_w16_s2,decisive,C,800,0.5,default,2,1.0,2,788,2.5455,0.6667,44.0,3.8788,28,4,200,200,134,173,134,134,323,134,134,1,uniform_oracle,134,0.0,0.0,0.0,0.3488,1.0
modexp_w16_s2,decisive,C,800,0.75,default,2,1.0,2,817,1.3636,1.1667,30.0,3.697,15,7,202,202,117,122,117,117,202,117,117,1,uniform_oracle,117,0.0,0.0,0.0,1.0,1.0
modexp_w32_s2,decisive,A,200,0.25,,,,,226,1.2727,0.1667,0.0,1.6061,14,1,747,643,512,553,512,512,643,477,471,1,uniform_oracle,512,0.0801,0.0801,0.75,0.3391,1.0127
modexp_w32_s2,decisive,A,200,0.5,,,,,171,0.8182,0.1667,0.0,1.1515,9,1,747,644,513,656,513,513,644,483,483,1,uniform_oracle,513,0.0585,0.0585,0.25,0.4675,1.0
modexp_w32_s2,decisive,A,200,0.75,,,,,199,0.4545,0.3333,0.0,1.1212,5,2,390,390,390,566,390,390,390,390,390,1,uniform_min_teq,390,0.0,0.0,0.0,1.0,1.0
modexp_w32_s2,decisive,A,400,0.25,,,,,369,2.4545,0.1667,0.0,2.7879,27,1,747,643,411,376,411,411,643,360,360,1,two_term_descent,376,0.1241,0.0426,0.25,0.0678,1.0
modexp_w32_s2,decisive,A,400,0.5,,,,,414,1.6364,0.5,0.0,2.6364,18,3,390,390,306,436,306,306,643,306,306,1,uniform_oracle,306,0.0,0.0,0.0,0.3407,1.0
modexp_w32_s2,decisive,A,400,0.75,,,,,387,0.8182,0.6667,0.0,2.1515,9,4,390,390,373,431,390,390,390,297,297,1,uniform_oracle,373,0.2038,0.2038,0.5,1.0,1.0
modexp_w32_s2,decisive,A,800,0.25,,,,,821,5.0,0.5,0.0,6.0,55,3,390,643,239,292,239,239,643,206,206,1,uniform_oracle,239,0.1381,0.1381,0.25,0.2354,1.0
modexp_w32_s2,decisive,A,800,0.5,,,,,828,3.2727,1.0,0.0,5.2727,36,6,390,390,195,249,195,195,643,188,188,1,uniform_oracle,195,0.0359,0.0359,0.25,0.4611,1.0
modexp_w32_s2,decisive,A,800,0.75,,,,,774,1.6364,1.3333,0.0,4.303,18,8,390,390,191,206,191,191,390,191,191,1,uniform_oracle,191,0.0,0.0,0.0,1.0,1.0
modexp_w32_s2,decisive,B,200,0.25,default,2,1.0,2,242,0.9091,0.1667,15.0,1.2424,10,1,750,647,516,635,516,516,647,486,486,1,uniform_oracle,516,0.0581,0.0581,0.25,0.4675,1.0
modexp_w32_s2,decisive,B,200,0.5,default,2,1.0,2,193,0.6364,0.1667,11.0,0.9697,7,1,749,749,518,532,518,518,795,488,488,1,uniform_oracle,518,0.0579,0.0579,0.25,0.4675,1.0
modexp_w32_s2,decisive,B,200,0.75,default,2,1.0,2,222,0.3636,0.3333,8.5,1.0303,4,2,392,392,392,636,392,392,392,392,392,1,uniform_min_teq,392,0.0,0.0,0.0,1.0,1.0
modexp_w32_s2,decisive,B,400,0.25,cheap,1,1.0,2,391,2.0909,0.1667,33.0,2.4242,23,1,748,645,488,431,488,488,645,376,376,1,two_term_descent,431,0.2295,0.1276,0.5,0.1455,1.0
modexp_w32_s2,decisive,B,400,0.25,default,2,1.0,2,408,1.8182,0.1667,29.0,2.1515,20,1,750,646,515,499,515,515,646,470,416,1,two_term_descent,499,0.1922,0.1663,0.5,0.1455,1.1298
modexp_w32_s2,decisive,B,400,0.25,expensive,4,1.0,2,413,1.3636,0.1667,22.0,1.697,15,1,752,648,517,532,517,517,648,482,476,1,uniform_oracle,517,0.0793,0.0793,0.75,0.3391,1.0126
modexp_w32_s2,decisive,B,400,0.25,free_area,2,1.0,0,369,2.4545,0.1667,38.5,2.7879,27,1,750,645,427,396,427,427,645,378,378,1,two_term_descent,396,0.1148,0.0455,0.5,0.1694,1.0
modexp_w32_s2,decisive,B,400,0.25,free_scarce,2,0.5,0,369,1.2546,0.0852,19.5,1.4249,27,1,750,646,515,604,515,515,646,480,474,1,uniform_oracle,515,0.0796,0.0796,0.5,0.269,1.0127
modexp_w32_s2,decisive,B,400,0.25,scarce,2,0.5,2,391,1.0551,0.0841,16.5,1.2234,23,1,750,647,516,634,516,516,647,486,486,0,uniform_oracle,516,0.0581,0.0581,0.25,0.4675,1.0
modexp_w32_s2,decisive,B,400,0.5,cheap,1,1.0,2,370,1.4545,0.3333,25.0,2.1212,16,2,391,645,381,459,391,391,645,375,375,1,uniform_oracle,381,0.0157,0.0157,0.25,0.3417,1.0
modexp_w32_s2,decisive,B,400,0.5,default,2,1.0,2,386,1.2727,0.3333,22.0,1.9394,14,2,393,393,393,495,393,393,647,383,383,1,uniform_min_teq,393,0.0254,0.0254,0.25,0.6739,1.0
modexp_w32_s2,decisive,B,400,0.5,expensive,4,1.0,2,430,1.0909,0.3333,19.25,1.7576,12,2,395,395,395,621,395,395,649,395,395,1,uniform_min_teq,395,0.0,0.0,0.0,1.0,1.0
modexp_w32_s2,decisive,B,400,0.5,free_area,2,1.0,0,414,1.6364,0.5,29.0,2.6364,18,3,392,392,309,448,309,309,646,309,309,1,uniform_oracle,309,0.0,0.0,0.0,0.3407,1.0
modexp_w32_s2,decisive,B,400,0.5,free_scarce,2,0.5,0,414,0.8312,0.254,14.5,1.3392,18,3,393,393,393,577,393,393,655,364,364,1,uniform_min_teq,393,0.0738,0.0738,0.25,1.0,1.0
modexp_w32_s2,decisive,B,400,0.5,scarce,2,0.5,2,370,0.7426,0.1702,12.5,1.0829,16,2,393,665,393,552,393,393,665,393,393,0,uniform_min_teq,393,0.0,0.0,0.0,1.0,1.0
modexp_w32_s2,decisive,B,400,0.75,cheap,1,1.0,2,410,0.7273,0.6667,17.0,2.0606,8,4,391,391,372,453,391,391,391,309,309,1,uniform_oracle,372,0.1694,0.1694,0.5,1.0,1.0
modexp_w32_s2,decisive,B,400,0.75,default,2,1.0,2,442,0.7273,0.6667,16.5,2.0606,8,4,393,393,374,455,393,393,393,311,311,1,uniform_oracle,374,0.1684,0.1684,0.5,1.0,1.0
modexp_w32_s2,decisive,B,400,0.75,expensive,4,1.0,2,403,0.6364,0.5,13.75,1.6364,7,3,394,394,394,510,394,394,394,365,365,1,uniform_min_teq,394,0.0736,0.0736,0.25,1.0,1.0
modexp_w32_s2,decisive,B,400,0.75,free_area,2,1.0,0,387,0.8182,0.6667,18.0,2.1515,9,4,393,393,374,442,393,393,393,311,311,1,uniform_oracle,374,0.1684,0.1684,0.5,1.0,1.0
modexp_w32_s2,decisive,B,400,0.75,free_scarce,2,0.5,0,387,0.4182,0.3408,9.0,1.0998,9,4,392,392,384,562,392,392,392,311,311,1,uniform_oracle,384,0.1901,0.1901,0.5,1.0,1.0
modexp_w32_s2,decisive,B,400,0.75,scarce,2,0.5,2,410,0.3806,0.3489,8.5,1.0784,8,4,392,392,382,577,392,392,392,311,311,1,uniform_oracle,382,0.1859,0.1859,0.5,1.0,1.0
modexp_w32_s2,decisive,B,800,0.25,default,2,1.0,2,797,3.5455,0.3333,56.0,4.2121,39,2,392,645,383,307,392,392,645,300,300,1,two_term_descent,307,0.2167,0.0228,0.25,0.2354,1.0
modexp_w32_s2,decisive,B,800,0.5,default,2,1.0,2,772,2.5455,0.6667,44.0,3.8788,28,4,392,392,229,229,229,229,645,229,229,1,uniform_oracle,229,0.0,0.0,0.0,0.3407,1.0
modexp_w32_s2,decisive,B,800,0.75,default,2,1.0,2,789,1.3636,1.1667,30.0,3.697,15,7,393,393,220,278,220,220,393,220,220,1,uniform_oracle,220,0.0,0.0,0.0,1.0,1.0
modexp_w32_s2,decisive,C,200,0.25,default,2,1.0,2,246,0.9091,0.1667,15.0,1.2424,10,1,751,644,516,589,516,516,644,486,486,1,uniform_oracle,516,0.0581,0.0581,0.25,0.4675,1.0
modexp_w32_s2,decisive,C,200,0.5,default,2,1.0,2,197,0.6364,0.1667,11.0,0.9697,7,1,749,749,517,521,517,517,716,487,487,1,uniform_oracle,517,0.058,0.058,0.25,0.4675,1.0
modexp_w32_s2,decisive,C,200,0.75,default,2,1.0,2,230,0.3636,0.3333,8.5,1.0303,4,2,392,392,392,481,392,392,392,392,392,1,uniform_min_teq,392,0.0,0.0,0.0,1.0,1.0
modexp_w32_s2,decisive,C,400,0.25,cheap,1,1.0,2,395,2.0909,0.1667,33.0,2.4242,23,1,748,643,460,418,460,460,643,408,407,1,two_term_descent,418,0.1152,0.0263,0.25,0.0678,1.0025
modexp_w32_s2,decisive,C,400,0.25,default,2,1.0,2,412,1.8182,0.1667,29.0,2.1515,20,1,750,644,515,475,515,515,644,445,443,1,two_term_descent,475,0.1398,0.0674,0.5,0.1694,1.0045
modexp_w32_s2,decisive,C,400,0.25,expensive,4,1.0,2,438,1.4545,0.1667,23.25,1.7879,16,1,751,646,517,536,517,517,646,490,467,1,uniform_oracle,517,0.0967,0.0967,0.5,0.2026,1.0493
modexp_w32_s2,decisive,C,400,0.25,free_area,2,1.0,0,373,2.4545,0.1667,38.5,2.7879,27,1,751,643,421,390,421,421,643,371,371,1,two_term_descent,390,0.1188,0.0487,0.25,0.0678,1.0
modexp_w32_s2,decisive,C,400,0.25,free_scarce,2,0.5,0,373,1.2546,0.0852,19.5,1.4249,27,1,751,644,515,596,515,515,644,485,485,1,uniform_oracle,515,0.0583,0.0583,0.25,0.4675,1.0
modexp_w32_s2,decisive,C,400,0.25,scarce,2,0.5,2,395,1.0551,0.0841,16.5,1.2234,23,1,751,644,516,624,516,516,644,486,486,1,uniform_oracle,516,0.0581,0.0581,0.25,0.4675,1.0
modexp_w32_s2,decisive,C,400,0.5,cheap,1,1.0,2,378,1.4545,0.3333,25.0,2.1212,16,2,391,641,387,410,391,391,641,375,375,1,uniform_oracle,387,0.031,0.031,0.25,0.3417,1.0
modexp_w32_s2,decisive,C,400,0.5,default,2,1.0,2,394,1.2727,0.3333,22.0,1.9394,14,2,393,393,393,492,393,393,643,383,383,1,uniform_min_teq,393,0.0254,0.0254,0.5,0.5082,1.0
modexp_w32_s2,decisive,C,400,0.5,expensive,4,1.0,2,415,1.0,0.3333,17.75,1.6667,11,2,394,394,394,566,394,394,644,393,393,1,uniform_min_teq,394,0.0025,0.0025,0.25,0.6739,1.0
modexp_w32_s2,decisive,C,400,0.5,free_area,2,1.0,0,426,1.6364,0.5,29.0,2.6364,18,3,392,392,309,395,309,309,644,298,298,1,uniform_oracle,309,0.0356,0.0356,0.25,0.4079,1.0
modexp_w32_s2,decisive,C,400,0.5,free_scarce,2,0.5,0,426,0.8312,0.254,14.5,1.3392,18,3,393,393,393,449,393,393,648,353,353,1,uniform_min_teq,393,0.1018,0.1018,0.5,0.5082,1.0
modexp_w32_s2,decisive,C,400,0.5,scarce,2,0.5,2,378,0.7426,0.1702,12.5,1.0829,16,2,394,661,394,487,394,394,661,394,394,1,uniform_min_teq,394,0.0,0.0,0.0,1.0,1.0
modexp_w32_s2,decisive,C,400,0.75,cheap,1,1.0,2,426,0.7273,0.6667,17.0,2.0606,8,4,391,391,366,399,391,391,391,309,309,1,uniform_oracle,366,0.1557,0.1557,0.5,1.0,1.0
modexp_w32_s2,decisive,C,400,0.75,default,2,1.0,2,376,0.7273,0.5,15.0,1.7273,8,3,394,394,394,453,394,394,394,353,353,1,uniform_min_teq,394,0.1041,0.1041,0.5,0.5082,1.0
modexp_w32_s2,decisive,C,400,0.75,expensive,4,1.0,2,415,0.6364,0.5,13.75,1.6364,7,3,394,394,394,457,394,394,394,360,360,1,uniform_min_teq,394,0.0863,0.0863,0.5,0.5082,1.0
modexp_w32_s2,decisive,C,400,0.75,free_area,2,1.0,0,403,0.8182,0.6667,18.0,2.1515,9,4,394,394,356,399,356,356,394,311,311,1,uniform_oracle,356,0.1264,0.1264,0.5,0.7196,1.0
modexp_w32_s2,decisive,C,400,0.75,free_scarce,2,0.5,0,403,0.4182,0.3408,9.0,1.0998,9,4,392,392,388,429,392,392,392,313,313,1,uniform_oracle,388,0.1933,0.1933,0.5,1.0,1.0
modexp_w32_s2,decisive,C,400,0.75,scarce,2,0.5,2,426,0.3806,0.3489,8.5,1.0784,8,4,392,392,384,426,392,392,392,311,311,1,uniform_oracle,384,0.1901,0.1901,0.5,1.0,1.0
modexp_w32_s2,decisive,C,800,0.25,default,2,1.0,2,805,3.5455,0.3333,56.0,4.2121,39,2,392,642,353,319,353,353,642,309,309,1,two_term_descent,319,0.1246,0.0313,0.5,0.1455,1.0
modexp_w32_s2,decisive,C,800,0.5,default,2,1.0,2,788,2.5455,0.6667,44.0,3.8788,28,4,392,392,224,224,224,224,643,224,224,1,uniform_oracle,224,0.0,0.0,0.0,0.3407,1.0
modexp_w32_s2,decisive,C,800,0.75,default,2,1.0,2,817,1.3636,1.1667,30.0,3.697,15,7,394,394,220,261,220,220,394,213,213,1,uniform_oracle,220,0.0318,0.0318,0.25,0.781,1.0
multiplier_w32_r4,decisive,A,200,0.25,,,,,226,1.2727,0.1667,0.0,1.6061,14,1,561,367,322,305,322,322,367,285,285,1,two_term_descent,305,0.1149,0.0656,0.6667,0.3381,1.0
multiplier_w32_r4,decisive,A,200,0.5,,,,,171,0.8182,0.1667,0.0,1.1515,9,1,561,474,322,334,322,322,348,316,316,1,uniform_oracle,322,0.0186,0.0186,0.6667,0.3381,1.0
multiplier_w32_r4,decisive,A,200,0.75,,,,,199,0.4545,0.3333,0.0,1.1212,5,2,289,289,289,246,289,289,381,246,246,1,two_term_descent,246,0.1488,0.0,0.3333,0.7222,1.0
multiplier_w32_r4,decisive,A,400,0.25,,,,,369,2.4545,0.1667,0.0,2.7879,27,1,561,326,311,218,311,289,326,218,218,1,two_term_descent,218,0.299,0.0,0.3333,0.1442,1.0
multiplier_w32_r4,decisive,A,400,0.5,,,,,414,1.6364,0.5,0.0,2.6364,18,3,228,228,228,268,233,196,325,192,192,1,share_aware_greedy,196,0.1579,0.0204,0.6667,0.4643,1.0
multiplier_w32_r4,decisive,A,400,0.75,,,,,387,0.8182,0.6667,0.0,2.1515,9,4,197,197,197,214,197,197,264,183,183,1,uniform_min_teq,197,0.0711,0.0711,0.6667,0.7826,1.0
multiplier_w32_r4,decisive,A,800,0.25,,,,,821,5.0,0.5,0.0,6.0,55,3,228,325,169,175,169,189,325,139,139,1,uniform_oracle,169,0.1775,0.1775,0.3333,0.2039,1.0
multiplier_w32_r4,decisive,A,800,0.5,,,,,828,3.2727,1.0,0.0,5.2727,36,6,197,197,135,135,135,135,325,130,130,1,uniform_oracle,135,0.037,0.037,0.3333,0.5,1.0
multiplier_w32_r4,decisive,A,800,0.75,,,,,774,1.6364,1.3333,0.0,4.303,18,8,196,196,145,125,145,136,263,125,125,1,two_term_descent,125,0.1379,0.0,0.3333,0.7183,1.0
multiplier_w32_r4,decisive,B,200,0.25,default,2,1.0,2,242,0.9091,0.1667,15.0,1.2424,10,1,564,448,325,386,325,325,351,315,315,1,uniform_oracle,325,0.0308,0.0308,0.6667,0.3381,1.0
multiplier_w32_r4,decisive,B,200,0.5,default,2,1.0,2,193,0.6364,0.1667,11.0,0.9697,7,1,563,563,335,335,335,504,405,335,335,1,uniform_oracle,335,0.0,0.0,0.0,0.3478,1.0
multiplier_w32_r4,decisive,B,200,0.75,default,2,1.0,2,222,0.3636,0.3333,8.5,1.0303,4,2,289,289,289,280,289,289,453,280,280,1,two_term_descent,280,0.0311,0.0,0.3333,0.7222,1.0
multiplier_w32_r4,decisive,B,400,0.25,cheap,1,1.0,2,391,2.0909,0.1667,33.0,2.4242,23,1,562,328,323,229,367,315,328,229,229,1,two_term_descent,229,0.291,0.0,0.3333,0.1442,1.0
multiplier_w32_r4,decisive,B,400,0.25,default,2,1.0,2,408,1.8182,0.1667,29.0,2.1515,20,1,564,329,325,236,325,325,329,236,236,1,two_term_descent,236,0.2738,0.0,0.3333,0.1442,1.0
multiplier_w32_r4,decisive,B,400,0.25,expensive,4,1.0,2,413,1.3636,0.1667,22.0,1.697,15,1,566,358,327,296,327,327,358,287,287,1,two_term_descent,296,0.1223,0.0304,0.3333,0.1442,1.0
multiplier_w32_r4,decisive,B,400,0.25,free_area,2,1.0,0,369,2.4545,0.1667,38.5,2.7879,27,1,564,328,318,224,318,302,328,223,223,1,two_term_descent,224,0.2987,0.0045,0.6667,0.1127,1.0
multiplier_w32_r4,decisive,B,400,0.25,free_scarce,2,0.5,0,369,1.2546,0.0852,19.5,1.4249,27,1,564,378,325,346,325,325,378,288,288,1,uniform_oracle,325,0.1138,0.1138,0.6667,0.3381,1.0
multiplier_w32_r4,decisive,B,400,0.25,scarce,2,0.5,2,391,1.0551,0.0841,16.5,1.2234,23,1,564,415,325,383,325,325,415,297,297,1,uniform_oracle,325,0.0862,0.0862,0.6667,0.3381,1.0
multiplier_w32_r4,decisive,B,400,0.5,cheap,1,1.0,2,370,1.4545,0.3333,25.0,2.1212,16,2,287,344,262,353,287,232,327,212,212,1,share_aware_greedy,232,0.1908,0.0862,0.3333,0.3443,1.0
multiplier_w32_r4,decisive,B,400,0.5,default,2,1.0,2,386,1.2727,0.3333,22.0,1.9394,14,2,289,289,264,223,289,234,329,223,223,1,two_term_descent,223,0.1553,0.0,0.3333,0.3443,1.0
multiplier_w32_r4,decisive,B,400,0.5,expensive,4,1.0,2,430,1.0909,0.3333,19.25,1.7576,12,2,291,291,267,237,291,237,331,237,237,1,two_term_descent,237,0.1124,0.0,0.3333,0.5122,1.0
multiplier_w32_r4,decisive,B,400,0.5,free_area,2,1.0,0,414,1.6364,0.5,29.0,2.6364,18,3,229,229,229,279,235,203,328,203,203,1,share_aware_greedy,203,0.1135,0.0,0.3333,0.6078,1.0
multiplier_w32_r4,decisive,B,400,0.5,free_scarce,2,0.5,0,414,0.8312,0.254,14.5,1.3392,18,3,231,231,231,303,231,231,345,226,226,1,uniform_min_teq,231,0.0216,0.0216,0.6667,0.7826,1.0
multiplier_w32_r4,decisive,B,400,0.5,scarce,2,0.5,2,370,0.7426,0.1702,12.5,1.0829,16,2,289,493,289,363,289,289,364,247,247,1,uniform_min_teq,289,0.1453,0.1453,0.3333,0.7222,1.0
multiplier_w32_r4,decisive,B,400,0.75,cheap,1,1.0,2,410,0.7273,0.6667,17.0,2.0606,8,4,197,197,197,236,197,197,282,191,191,1,uniform_min_teq,197,0.0305,0.0305,0.6667,0.7826,1.0
multiplier_w32_r4,decisive,B,400,0.75,default,2,1.0,2,442,0.7273,0.6667,16.5,2.0606,8,4,199,199,199,238,199,199,283,192,192,1,uniform_min_teq,199,0.0352,0.0352,0.6667,0.7826,1.0
multiplier_w32_r4,decisive,B,400,0.75,expensive,4,1.0,2,403,0.6364,0.5,13.75,1.6364,7,3,231,231,231,231,231,231,311,231,224,1,uniform_min_teq,231,0.0303,0.0303,0.6667,0.7826,1.0312
multiplier_w32_r4,decisive,B,400,0.75,free_area,2,1.0,0,387,0.8182,0.6667,18.0,2.1515,9,4,199,199,199,225,199,199,268,192,192,1,uniform_min_teq,199,0.0352,0.0352,0.6667,0.7826,1.0
multiplier_w32_r4,decisive,B,400,0.75,free_scarce,2,0.5,0,387,0.4182,0.3408,9.0,1.0998,9,4,207,207,207,287,207,207,375,203,203,1,uniform_min_teq,207,0.0193,0.0193,0.3333,1.0,1.0
multiplier_w32_r4,decisive,B,400,0.75,scarce,2,0.5,2,410,0.3806,0.3489,8.5,1.0784,8,4,204,204,204,294,204,204,391,200,200,1,uniform_min_teq,204,0.0196,0.0196,0.3333,1.0,1.0
multiplier_w32_r4,decisive,B,800,0.25,default,2,1.0,2,797,3.5455,0.3333,56.0,4.2121,39,2,289,328,261,295,289,231,328,197,197,1,share_aware_greedy,231,0.2452,0.1472,0.6667,0.2541,1.0
multiplier_w32_r4,decisive,B,800,0.5,default,2,1.0,2,772,2.5455,0.6667,44.0,3.8788,28,4,199,199,167,169,167,156,327,156,156,1,share_aware_greedy,156,0.0659,0.0,0.3333,0.6078,1.0
multiplier_w32_r4,decisive,B,800,0.75,default,2,1.0,2,789,1.3636,1.1667,30.0,3.697,15,7,199,199,170,142,170,142,265,142,142,1,two_term_descent,142,0.1647,0.0,0.3333,1.0,1.0
multiplier_w32_r4,decisive,C,200,0.25,default,2,1.0,2,246,0.9091,0.1667,15.0,1.2424,10,1,565,401,326,339,326,326,352,320,320,1,uniform_oracle,326,0.0184,0.0184,0.6667,0.3381,1.0
multiplier_w32_r4,decisive,C,200,0.5,default,2,1.0,2,197,0.6364,0.1667,11.0,0.9697,7,1,563,563,336,419,336,336,386,336,336,1,uniform_oracle,336,0.0,0.0,0.0,0.3478,1.0
multiplier_w32_r4,decisive,C,200,0.75,default,2,1.0,2,230,0.3636,0.3333,8.5,1.0303,4,2,289,289,289,259,289,289,327,259,259,1,two_term_descent,259,0.1038,0.0,0.3333,0.7222,1.0
multiplier_w32_r4,decisive,C,400,0.25,cheap,1,1.0,2,395,2.0909,0.1667,33.0,2.4242,23,1,562,327,323,225,357,305,327,225,225,1,two_term_descent,225,0.3034,0.0,0.3333,0.1442,1.0
multiplier_w32_r4,decisive,C,400,0.25,default,2,1.0,2,412,1.8182,0.1667,29.0,2.1515,20,1,564,328,325,230,325,325,328,230,230,1,two_term_descent,230,0.2923,0.0,0.3333,0.1442,1.0
multiplier_w32_r4,decisive,C,400,0.25,expensive,4,1.0,2,438,1.4545,0.1667,23.25,1.7879,16,1,565,346,326,284,326,326,346,269,269,1,two_term_descent,284,0.1748,0.0528,0.3333,0.1442,1.0
multiplier_w32_r4,decisive,C,400,0.25,free_area,2,1.0,0,373,2.4545,0.1667,38.5,2.7879,27,1,565,327,315,310,315,301,327,218,218,1,share_aware_greedy,301,0.3079,0.2757,0.6667,0.1127,1.0
multiplier_w32_r4,decisive,C,400,0.25,free_scarce,2,0.5,0,373,1.2546,0.0852,19.5,1.4249,27,1,565,371,326,339,326,326,371,295,295,1,uniform_oracle,326,0.0951,0.0951,0.6667,0.3381,1.0
multiplier_w32_r4,decisive,C,400,0.25,scarce,2,0.5,2,395,1.0551,0.0841,16.5,1.2234,23,1,565,404,326,372,326,326,404,307,307,1,uniform_oracle,326,0.0583,0.0583,0.6667,0.3381,1.0
multiplier_w32_r4,decisive,C,400,0.5,cheap,1,1.0,2,378,1.4545,0.3333,25.0,2.1212,16,2,287,342,262,317,287,232,325,213,213,1,share_aware_greedy,232,0.187,0.0819,0.3333,0.3443,1.0
multiplier_w32_r4,decisive,C,400,0.5,default,2,1.0,2,394,1.2727,0.3333,22.0,1.9394,14,2,290,290,264,303,290,234,326,217,217,1,share_aware_greedy,234,0.178,0.0726,0.3333,0.3443,1.0
multiplier_w32_r4,decisive,C,400,0.5,expensive,4,1.0,2,415,1.0,0.3333,17.75,1.6667,11,2,290,290,268,238,290,238,329,238,238,1,two_term_descent,238,0.1119,0.0,0.3333,0.5122,1.0
multiplier_w32_r4,decisive,C,400,0.5,free_area,2,1.0,0,426,1.6364,0.5,29.0,2.6364,18,3,230,230,230,227,235,204,326,186,186,1,share_aware_greedy,204,0.1913,0.0882,0.3333,0.3443,1.0
multiplier_w32_r4,decisive,C,400,0.5,free_scarce,2,0.5,0,426,0.8312,0.254,14.5,1.3392,18,3,230,230,230,277,230,230,340,215,215,1,uniform_min_teq,230,0.0652,0.0652,0.6667,0.4643,1.0
multiplier_w32_r4,decisive,C,400,0.5,scarce,2,0.5,2,378,0.7426,0.1702,12.5,1.0829,16,2,290,395,282,295,290,252,353,248,248,1,share_aware_greedy,252,0.1206,0.0159,0.3333,0.7222,1.0
multiplier_w32_r4,decisive,C,400,0.75,cheap,1,1.0,2,426,0.7273,0.6667,17.0,2.0606,8,4,197,197,197,182,197,197,276,182,182,1,two_term_descent,182,0.0761,0.0,0.3333,0.6078,1.0
multiplier_w32_r4,decisive,C,400,0.75,default,2,1.0,2,376,0.7273,0.5,15.0,1.7273,8,3,233,233,233,233,233,233,282,213,213,1,uniform_min_teq,233,0.0858,0.0858,0.6667,0.4643,1.0
multiplier_w32_r4,decisive,C,400,0.75,expensive,4,1.0,2,415,0.6364,0.5,13.75,1.6364,7,3,233,233,233,233,233,233,281,222,222,1,uniform_min_teq,233,0.0472,0.0472,0.6667,0.4643,1.0
multiplier_w32_r4,decisive,C,400,0.75,free_area,2,1.0,0,403,0.8182,0.6667,18.0,2.1515,9,4,200,200,200,182,268,182,264,182,182,1,two_term_descent,182,0.09,0.0,0.3333,0.6078,1.0
multiplier_w32_r4,decisive,C,400,0.75,free_scarce,2,0.5,0,403,0.4182,0.3408,9.0,1.0998,9,4,212,212,212,239,212,212,289,207,207,1,uniform_min_teq,212,0.0236,0.0236,0.3333,1.0,1.0
multiplier_w32_r4,decisive,C,400,0.75,scarce,2,0.5,2,426,0.3806,0.3489,8.5,1.0784,8,4,206,206,206,243,206,206,292,203,203,1,uniform_min_teq,206,0.0146,0.0146,0.3333,1.0,1.0
multiplier_w32_r4,decisive,C,800,0.25,default,2,1.0,2,805,3.5455,0.3333,56.0,4.2121,39,2,289,326,261,274,263,218,326,209,209,1,share_aware_greedy,218,0.1992,0.0413,0.3333,0.1127,1.0
multiplier_w32_r4,decisive,C,800,0.5,default,2,1.0,2,788,2.5455,0.6667,44.0,3.8788,28,4,200,200,164,167,164,161,326,161,161,1,share_aware_greedy,161,0.0183,0.0,0.3333,0.6078,1.0
multiplier_w32_r4,decisive,C,800,0.75,default,2,1.0,2,817,1.3636,1.1667,30.0,3.697,15,7,200,200,169,143,169,143,264,143,143,1,two_term_descent,143,0.1538,0.0,0.3333,1.0,1.0
phase_est_w32_r1,decisive,A,200,0.25,,,,,226,1.2727,0.1667,0.0,1.6061,14,1,615,292,272,279,279,279,292,254,254,1,uniform_oracle,272,0.0662,0.0662,0.25,0.1081,1.0
phase_est_w32_r1,decisive,A,200,0.5,,,,,171,0.8182,0.1667,0.0,1.1515,9,1,615,412,279,273,279,279,309,273,273,1,two_term_descent,273,0.0215,0.0,0.25,0.2331,1.0
phase_est_w32_r1,decisive,A,200,0.75,,,,,199,0.4545,0.3333,0.0,1.1212,5,2,312,312,303,303,312,312,371,233,233,1,uniform_oracle,303,0.231,0.231,0.5,0.5726,1.0
phase_est_w32_r1,decisive,A,400,0.25,,,,,369,2.4545,0.1667,0.0,2.7879,27,1,615,251,243,273,296,279,251,219,219,1,uniform_oracle,243,0.0988,0.0988,0.5,0.1286,1.0
phase_est_w32_r1,decisive,A,400,0.5,,,,,414,1.6364,0.5,0.0,2.6364,18,3,211,215,197,226,224,211,250,195,195,1,uniform_oracle,197,0.0102,0.0102,0.25,0.7436,1.0
phase_est_w32_r1,decisive,A,400,0.75,,,,,387,0.8182,0.6667,0.0,2.1515,9,4,164,164,164,164,164,164,251,164,164,1,uniform_min_teq,164,0.0,0.0,0.0,1.0,1.0
phase_est_w32_r1,decisive,A,800,0.25,,,,,821,5.0,0.5,0.0,6.0,55,3,211,250,175,175,175,211,250,150,150,1,uniform_oracle,175,0.1429,0.1429,0.25,0.2806,1.0
phase_est_w32_r1,decisive,A,800,0.5,,,,,828,3.2727,1.0,0.0,5.2727,36,6,164,184,151,152,162,151,250,151,151,1,uniform_oracle,151,0.0,0.0,0.25,0.5161,1.0
phase_est_w32_r1,decisive,A,800,0.75,,,,,774,1.6364,1.3333,0.0,4.303,18,8,163,163,153,150,169,163,250,147,147,1,two_term_descent,150,0.0392,0.02,0.25,0.7541,1.0
phase_est_w32_r1,decisive,B,200,0.25,default,2,1.0,2,242,0.9091,0.1667,15.0,1.2424,10,1,618,376,282,276,282,282,312,276,276,1,two_term_descent,276,0.0213,0.0,0.25,0.2331,1.0
phase_est_w32_r1,decisive,B,200,0.5,default,2,1.0,2,193,0.6364,0.1667,11.0,0.9697,7,1,617,465,329,375,329,617,311,311,311,1,proportional_split,311,0.0547,0.0,0.5,0.3835,1.0
phase_est_w32_r1,decisive,B,200,0.75,default,2,1.0,2,222,0.3636,0.3333,8.5,1.0303,4,2,312,312,312,333,312,312,465,269,269,1,uniform_min_teq,312,0.1378,0.1378,0.25,0.7436,1.0
phase_est_w32_r1,decisive,B,400,0.25,cheap,1,1.0,2,391,2.0909,0.1667,33.0,2.4242,23,1,616,253,244,274,332,280,253,244,244,1,uniform_oracle,244,0.0,0.0,0.0,0.2439,1.0
phase_est_w32_r1,decisive,B,400,0.25,default,2,1.0,2,408,1.8182,0.1667,29.0,2.1515,20,1,618,254,246,276,282,282,254,246,246,1,uniform_oracle,246,0.0,0.0,0.0,0.2439,1.0
phase_est_w32_r1,decisive,B,400,0.25,expensive,4,1.0,2,413,1.3636,0.1667,22.0,1.697,15,1,620,283,263,284,284,284,283,255,255,1,uniform_oracle,263,0.0304,0.0304,0.25,0.1081,1.0
phase_est_w32_r1,decisive,B,400,0.25,free_area,2,1.0,0,369,2.4545,0.1667,38.5,2.7879,27,1,618,253,246,276,298,282,253,223,223,1,uniform_oracle,246,0.0935,0.0935,0.25,0.0769,1.0
phase_est_w32_r1,decisive,B,400,0.25,free_scarce,2,0.5,0,369,1.2546,0.0852,19.5,1.4249,27,1,618,303,282,261,282,282,303,261,261,1,two_term_descent,261,0.0745,0.0,0.25,0.1081,1.0
phase_est_w32_r1,decisive,B,400,0.25,scarce,2,0.5,2,391,1.0551,0.0841,16.5,1.2234,23,1,618,340,282,284,282,282,340,276,276,1,uniform_oracle,282,0.0213,0.0213,0.25,0.2331,1.0
phase_est_w32_r1,decisive,B,400,0.5,cheap,1,1.0,2,370,1.4545,0.3333,25.0,2.1212,16,2,310,269,219,274,310,219,252,219,219,1,uniform_oracle,219,0.0,0.0,0.0,0.2424,1.0
phase_est_w32_r1,decisive,B,400,0.5,default,2,1.0,2,386,1.2727,0.3333,22.0,1.9394,14,2,312,276,221,276,312,221,254,221,221,1,uniform_oracle,221,0.0,0.0,0.0,0.2424,1.0
phase_est_w32_r1,decisive,B,400,0.5,expensive,4,1.0,2,430,1.0909,0.3333,19.25,1.7576,12,2,314,278,224,278,314,224,256,224,224,1,uniform_oracle,224,0.0,0.0,0.0,0.2424,1.0
phase_est_w32_r1,decisive,B,400,0.5,free_area,2,1.0,0,414,1.6364,0.5,29.0,2.6364,18,3,212,216,199,228,226,212,253,198,198,1,uniform_oracle,199,0.005,0.005,0.25,0.7436,1.0
phase_est_w32_r1,decisive,B,400,0.5,free_scarce,2,0.5,0,414,0.8312,0.254,14.5,1.3392,18,3,214,218,214,220,214,214,270,200,200,1,uniform_min_teq,214,0.0654,0.0654,0.25,0.7436,1.0
phase_est_w32_r1,decisive,B,400,0.5,scarce,2,0.5,2,370,0.7426,0.1702,12.5,1.0829,16,2,312,429,265,295,312,312,289,234,234,1,uniform_oracle,265,0.117,0.117,0.5,0.5726,1.0
phase_est_w32_r1,decisive,B,400,0.75,cheap,1,1.0,2,410,0.7273,0.6667,17.0,2.0606,8,4,164,164,164,164,164,164,269,164,164,1,uniform_min_teq,164,0.0,0.0,0.0,1.0,1.0
phase_est_w32_r1,decisive,B,400,0.75,default,2,1.0,2,442,0.7273,0.6667,16.5,2.0606,8,4,166,166,166,166,166,166,270,166,166,1,uniform_min_teq,166,0.0,0.0,0.0,1.0,1.0
phase_est_w32_r1,decisive,B,400,0.75,expensive,4,1.0,2,403,0.6364,0.5,13.75,1.6364,7,3,214,214,214,222,214,214,298,203,203,1,uniform_min_teq,214,0.0514,0.0514,0.25,0.7436,1.0
phase_est_w32_r1,decisive,B,400,0.75,free_area,2,1.0,0,387,0.8182,0.6667,18.0,2.1515,9,4,166,166,166,166,166,166,255,166,166,1,uniform_min_teq,166,0.0,0.0,0.0,1.0,1.0
phase_est_w32_r1,decisive,B,400,0.75,free_scarce,2,0.5,0,387,0.4182,0.3408,9.0,1.0998,9,4,174,174,174,231,174,174,363,174,174,1,uniform_min_teq,174,0.0,0.0,0.0,1.0,1.0
phase_est_w32_r1,decisive,B,400,0.75,scarce,2,0.5,2,410,0.3806,0.3489,8.5,1.0784,8,4,171,171,171,244,171,171,383,171,171,1,uniform_min_teq,171,0.0,0.0,0.0,1.0,1.0
phase_est_w32_r1,decisive,B,800,0.25,default,2,1.0,2,797,3.5455,0.3333,56.0,4.2121,39,2,312,253,218,235,312,218,253,188,188,1,uniform_oracle,218,0.1376,0.1376,0.5,0.1925,1.0
phase_est_w32_r1,decisive,B,800,0.5,default,2,1.0,2,772,2.5455,0.6667,44.0,3.8788,28,4,166,186,166,198,176,166,252,166,166,1,uniform_min_teq,166,0.0,0.0,0.0,1.0,1.0
phase_est_w32_r1,decisive,B,800,0.75,default,2,1.0,2,789,1.3636,1.1667,30.0,3.697,15,7,166,166,165,198,194,166,252,165,165,1,uniform_oracle,165,0.0,0.0,0.0,1.0,1.0
phase_est_w32_r1,decisive,C,200,0.25,default,2,1.0,2,246,0.9091,0.1667,15.0,1.2424,10,1,619,328,283,277,283,283,313,277,277,1,two_term_descent,277,0.0212,0.0,0.25,0.2331,1.0
phase_est_w32_r1,decisive,C,200,0.5,default,2,1.0,2,197,0.6364,0.1667,11.0,0.9697,7,1,617,463,305,373,305,305,317,305,305,1,uniform_oracle,305,0.0,0.0,0.0,0.2424,1.0
phase_est_w32_r1,decisive,C,200,0.75,default,2,1.0,2,230,0.3636,0.3333,8.5,1.0303,4,2,312,312,285,285,312,285,317,251,251,1,uniform_oracle,285,0.1193,0.1193,0.5,0.5726,1.0
phase_est_w32_r1,decisive,C,400,0.25,cheap,1,1.0,2,395,2.0909,0.1667,33.0,2.4242,23,1,616,252,250,274,331,280,252,244,244,1,uniform_oracle,250,0.024,0.024,0.25,0.0769,1.0
phase_est_w32_r1,decisive,C,400,0.25,default,2,1.0,2,412,1.8182,0.1667,29.0,2.1515,20,1,618,253,252,276,282,282,253,252,252,1,uniform_oracle,252,0.0,0.0,0.0,0.2439,1.0
phase_est_w32_r1,decisive,C,400,0.25,expensive,4,1.0,2,438,1.4545,0.1667,23.25,1.7879,16,1,619,271,253,283,283,283,271,253,253,1,uniform_oracle,253,0.0,0.0,0.0,0.2439,1.0
phase_est_w32_r1,decisive,C,400,0.25,free_area,2,1.0,0,373,2.4545,0.1667,38.5,2.7879,27,1,619,252,252,277,297,283,252,223,223,1,min_weighted_count,252,0.1151,0.1151,0.25,0.0769,1.0
phase_est_w32_r1,decisive,C,400,0.25,free_scarce,2,0.5,0,373,1.2546,0.0852,19.5,1.4249,27,1,619,296,283,260,283,283,296,260,260,1,two_term_descent,260,0.0813,0.0,0.25,0.1081,1.0
phase_est_w32_r1,decisive,C,400,0.25,scarce,2,0.5,2,395,1.0551,0.0841,16.5,1.2234,23,1,619,329,283,279,283,283,329,277,277,1,two_term_descent,279,0.0212,0.0072,0.25,0.2331,1.0
phase_est_w32_r1,decisive,C,400,0.5,cheap,1,1.0,2,378,1.4545,0.3333,25.0,2.1212,16,2,310,267,219,274,310,219,250,219,219,1,uniform_oracle,219,0.0,0.0,0.0,0.2424,1.0
phase_est_w32_r1,decisive,C,400,0.5,default,2,1.0,2,394,1.2727,0.3333,22.0,1.9394,14,2,313,277,221,277,313,221,251,221,221,1,uniform_oracle,221,0.0,0.0,0.0,0.2424,1.0
phase_est_w32_r1,decisive,C,400,0.5,expensive,4,1.0,2,415,1.0,0.3333,17.75,1.6667,11,2,313,277,225,277,313,225,254,225,225,1,uniform_oracle,225,0.0,0.0,0.0,0.2424,1.0
phase_est_w32_r1,decisive,C,400,0.5,free_area,2,1.0,0,426,1.6364,0.5,29.0,2.6364,18,3,212,217,198,226,226,212,251,197,197,1,uniform_oracle,198,0.0051,0.0051,0.25,0.7436,1.0
phase_est_w32_r1,decisive,C,400,0.5,free_scarce,2,0.5,0,426,0.8312,0.254,14.5,1.3392,18,3,214,217,214,218,214,214,265,198,198,1,uniform_min_teq,214,0.0748,0.0748,0.25,0.7436,1.0
phase_est_w32_r1,decisive,C,400,0.5,scarce,2,0.5,2,378,0.7426,0.1702,12.5,1.0829,16,2,313,325,245,282,313,245,278,235,235,1,uniform_oracle,245,0.0408,0.0408,0.5,0.5726,1.0
phase_est_w32_r1,decisive,C,400,0.75,cheap,1,1.0,2,426,0.7273,0.6667,17.0,2.0606,8,4,164,164,164,164,164,164,263,164,164,1,uniform_min_teq,164,0.0,0.0,0.0,1.0,1.0
phase_est_w32_r1,decisive,C,400,0.75,default,2,1.0,2,376,0.7273,0.5,15.0,1.7273,8,3,214,214,214,220,214,214,269,199,199,1,uniform_min_teq,214,0.0701,0.0701,0.25,0.7436,1.0
phase_est_w32_r1,decisive,C,400,0.75,expensive,4,1.0,2,415,0.6364,0.5,13.75,1.6364,7,3,214,214,214,222,214,214,268,199,199,1,uniform_min_teq,214,0.0701,0.0701,0.25,0.7436,1.0
phase_est_w32_r1,decisive,C,400,0.75,free_area,2,1.0,0,403,0.8182,0.6667,18.0,2.1515,9,4,167,167,167,167,249,167,251,167,167,1,uniform_min_teq,167,0.0,0.0,0.0,1.0,1.0
phase_est_w32_r1,decisive,C,400,0.75,free_scarce,2,0.5,0,403,0.4182,0.3408,9.0,1.0998,9,4,179,179,179,204,179,179,276,179,179,1,uniform_min_teq,179,0.0,0.0,0.0,1.0,1.0
phase_est_w32_r1,decisive,C,400,0.75,scarce,2,0.5,2,426,0.3806,0.3489,8.5,1.0784,8,4,173,173,173,202,173,173,280,173,173,1,uniform_min_teq,173,0.0,0.0,0.0,1.0,1.0
phase_est_w32_r1,decisive,C,800,0.25,default,2,1.0,2,805,3.5455,0.3333,56.0,4.2121,39,2,312,251,218,226,241,218,251,208,208,1,uniform_oracle,218,0.0459,0.0459,0.5,0.1925,1.0
phase_est_w32_r1,decisive,C,800,0.5,default,2,1.0,2,788,2.5455,0.6667,44.0,3.8788,28,4,167,187,167,197,176,167,251,167,167,1,uniform_min_teq,167,0.0,0.0,0.0,1.0,1.0
phase_est_w32_r1,decisive,C,800,0.75,default,2,1.0,2,817,1.3636,1.1667,30.0,3.697,15,7,167,167,166,199,196,167,251,166,166,1,uniform_oracle,166,0.0,0.0,0.0,1.0,1.0
trotter_t3_l2_b10,decisive,A,200,0.25,,,,,226,1.2727,0.1667,0.0,1.6061,14,1,723,200,200,207,200,200,243,190,190,1,min_weighted_count,200,0.05,0.05,0.1667,0.1667,1.0
trotter_t3_l2_b10,decisive,A,200,0.5,,,,,171,0.8182,0.1667,0.0,1.1515,9,1,723,305,305,356,305,723,243,243,243,1,proportional_split,243,0.2033,0.0,0.3333,0.3333,1.0
trotter_t3_l2_b10,decisive,A,200,0.75,,,,,199,0.4545,0.3333,0.0,1.1212,5,2,366,366,366,276,366,366,246,246,246,1,proportional_split,246,0.3279,0.0,0.3333,0.6667,1.0
trotter_t3_l2_b10,decisive,A,400,0.25,,,,,369,2.4545,0.1667,0.0,2.7879,27,1,723,175,175,175,175,175,175,175,175,1,min_weighted_count,175,0.0,0.0,0.0,0.0,1.0
trotter_t3_l2_b10,decisive,A,400,0.5,,,,,414,1.6364,0.5,0.0,2.6364,18,3,247,176,176,156,247,176,175,156,156,1,two_term_descent,156,0.1136,0.0,0.5,0.5,1.0
trotter_t3_l2_b10,decisive,A,400,0.75,,,,,387,0.8182,0.6667,0.0,2.1515,9,4,187,187,187,181,187,187,175,157,157,1,proportional_split,175,0.1604,0.1029,0.1667,0.8333,1.0
trotter_t3_l2_b10,decisive,A,800,0.25,,,,,821,5.0,0.5,0.0,6.0,55,3,247,175,175,155,247,175,175,155,155,1,two_term_descent,155,0.1143,0.0,0.5,0.5,1.0
trotter_t3_l2_b10,decisive,A,800,0.5,,,,,828,3.2727,1.0,0.0,5.2727,36,6,132,175,132,132,284,132,175,132,132,1,uniform_min_teq,132,0.0,0.0,0.0,1.0,1.0
trotter_t3_l2_b10,decisive,A,800,0.75,,,,,774,1.6364,1.3333,0.0,4.303,18,8,131,131,131,131,215,131,175,131,131,1,uniform_min_teq,131,0.0,0.0,0.1667,1.0,1.0
trotter_t3_l2_b10,decisive,B,200,0.25,default,2,1.0,2,242,0.9091,0.1667,15.0,1.2424,10,1,726,279,279,237,279,726,246,235,235,1,two_term_descent,237,0.1577,0.0084,0.1667,0.1667,1.0
trotter_t3_l2_b10,decisive,B,200,0.5,default,2,1.0,2,193,0.6364,0.1667,11.0,0.9697,7,1,725,392,392,288,392,725,266,266,266,1,proportional_split,266,0.3214,0.0,0.3333,0.3333,1.0
trotter_t3_l2_b10,decisive,B,200,0.75,default,2,1.0,2,222,0.3636,0.3333,8.5,1.0303,4,2,366,366,366,327,366,366,246,246,246,1,proportional_split,246,0.3279,0.0,0.3333,0.6667,1.0
trotter_t3_l2_b10,decisive,B,400,0.25,cheap,1,1.0,2,391,2.0909,0.1667,33.0,2.4242,23,1,724,177,177,177,177,177,177,177,177,1,min_weighted_count,177,0.0,0.0,0.0,0.0,1.0
trotter_t3_l2_b10,decisive,B,400,0.25,default,2,1.0,2,408,1.8182,0.1667,29.0,2.1515,20,1,726,178,178,178,178,178,178,178,178,1,min_weighted_count,178,0.0,0.0,0.0,0.0,1.0
trotter_t3_l2_b10,decisive,B,400,0.25,expensive,4,1.0,2,413,1.3636,0.1667,22.0,1.697,15,1,728,192,192,212,192,192,248,188,188,1,min_weighted_count,192,0.0208,0.0208,0.1667,0.1667,1.0
trotter_t3_l2_b10,decisive,B,400,0.25,free_area,2,1.0,0,369,2.4545,0.1667,38.5,2.7879,27,1,726,178,178,178,178,178,178,178,178,1,min_weighted_count,178,0.0,0.0,0.0,0.0,1.0
trotter_t3_l2_b10,decisive,B,400,0.25,free_scarce,2,0.5,0,369,1.2546,0.0852,19.5,1.4249,27,1,726,212,212,212,212,212,212,198,198,1,min_weighted_count,212,0.066,0.066,0.1667,0.1667,1.0
trotter_t3_l2_b10,decisive,B,400,0.25,scarce,2,0.5,2,391,1.0551,0.0841,16.5,1.2234,23,1,726,248,248,248,248,726,248,217,217,1,min_weighted_count,248,0.125,0.125,0.1667,0.1667,1.0
trotter_t3_l2_b10,decisive,B,400,0.5,cheap,1,1.0,2,370,1.4545,0.3333,25.0,2.1212,16,2,364,180,180,226,364,180,177,177,177,1,proportional_split,177,0.0167,0.0,0.1667,0.1667,1.0
trotter_t3_l2_b10,decisive,B,400,0.5,default,2,1.0,2,386,1.2727,0.3333,22.0,1.9394,14,2,366,204,204,193,366,204,179,179,179,1,proportional_split,179,0.1225,0.0,0.3333,0.3333,1.0
trotter_t3_l2_b10,decisive,B,400,0.5,expensive,4,1.0,2,430,1.0909,0.3333,19.25,1.7576,12,2,368,237,237,211,368,368,181,181,181,1,proportional_split,181,0.2363,0.0,0.3333,0.3333,1.0
trotter_t3_l2_b10,decisive,B,400,0.5,free_area,2,1.0,0,414,1.6364,0.5,29.0,2.6364,18,3,246,179,179,163,246,179,178,163,163,1,two_term_descent,163,0.0894,0.0,0.5,0.5,1.0
trotter_t3_l2_b10,decisive,B,400,0.5,free_scarce,2,0.5,0,414,0.8312,0.254,14.5,1.3392,18,3,250,280,250,240,250,250,220,177,177,1,proportional_split,220,0.292,0.1955,0.3333,0.6667,1.0
trotter_t3_l2_b10,decisive,B,400,0.5,scarce,2,0.5,2,370,0.7426,0.1702,12.5,1.0829,16,2,366,323,323,265,366,366,253,213,213,1,proportional_split,253,0.3406,0.1581,0.5,0.5,1.0
trotter_t3_l2_b10,decisive,B,400,0.75,cheap,1,1.0,2,410,0.7273,0.6667,17.0,2.0606,8,4,187,187,187,188,187,187,177,157,157,1,proportional_split,177,0.1604,0.113,0.1667,0.8333,1.0
trotter_t3_l2_b10,decisive,B,400,0.75,default,2,1.0,2,442,0.7273,0.6667,16.5,2.0606,8,4,189,189,189,189,189,189,177,159,159,1,proportional_split,177,0.1587,0.1017,0.1667,0.8333,1.0
trotter_t3_l2_b10,decisive,B,400,0.75,expensive,4,1.0,2,403,0.6364,0.5,13.75,1.6364,7,3,248,248,248,211,248,248,181,181,181,1,proportional_split,181,0.2702,0.0,0.3333,0.6667,1.0
trotter_t3_l2_b10,decisive,B,400,0.75,free_area,2,1.0,0,387,0.8182,0.6667,18.0,2.1515,9,4,189,189,189,183,189,189,177,159,159,1,proportional_split,177,0.1587,0.1017,0.1667,0.8333,1.0
trotter_t3_l2_b10,decisive,B,400,0.75,free_scarce,2,0.5,0,387,0.4182,0.3408,9.0,1.0998,9,4,198,198,198,258,198,198,251,191,191,1,uniform_min_teq,198,0.0354,0.0354,0.1667,0.8333,1.0
trotter_t3_l2_b10,decisive,B,400,0.75,scarce,2,0.5,2,410,0.3806,0.3489,8.5,1.0784,8,4,196,196,196,261,196,196,264,189,189,1,uniform_min_teq,196,0.0357,0.0357,0.1667,0.8333,1.0
trotter_t3_l2_b10,decisive,B,800,0.25,default,2,1.0,2,797,3.5455,0.3333,56.0,4.2121,39,2,366,177,177,176,366,177,177,176,176,1,two_term_descent,176,0.0056,0.0,0.5,0.2083,1.0
trotter_t3_l2_b10,decisive,B,800,0.5,default,2,1.0,2,772,2.5455,0.6667,44.0,3.8788,28,4,189,178,178,202,189,178,177,157,157,1,proportional_split,177,0.118,0.113,0.3333,0.6667,1.0
trotter_t3_l2_b10,decisive,B,800,0.75,default,2,1.0,2,789,1.3636,1.1667,30.0,3.697,15,7,133,133,133,133,246,133,177,133,133,1,uniform_min_teq,133,0.0,0.0,0.0,1.0,1.0
trotter_t3_l2_b10,decisive,C,200,0.25,default,2,1.0,2,246,0.9091,0.1667,15.0,1.2424,10,1,727,236,236,227,236,236,247,210,210,1,two_term_descent,227,0.1102,0.0749,0.1667,0.1667,1.0
trotter_t3_l2_b10,decisive,C,200,0.5,default,2,1.0,2,197,0.6364,0.1667,11.0,0.9697,7,1,725,261,261,377,261,261,260,260,260,1,proportional_split,260,0.0038,0.0,0.1667,0.1667,1.0
trotter_t3_l2_b10,decisive,C,200,0.75,default,2,1.0,2,230,0.3636,0.3333,8.5,1.0303,4,2,366,366,245,284,366,245,246,245,245,1,uniform_oracle,245,0.0,0.0,0.0,0.0,1.0
trotter_t3_l2_b10,decisive,C,400,0.25,cheap,1,1.0,2,395,2.0909,0.1667,33.0,2.4242,23,1,724,176,176,176,176,176,176,176,176,1,min_weighted_count,176,0.0,0.0,0.0,0.0,1.0
trotter_t3_l2_b10,decisive,C,400,0.25,default,2,1.0,2,412,1.8182,0.1667,29.0,2.1515,20,1,726,177,177,177,177,177,177,177,177,1,min_weighted_count,177,0.0,0.0,0.0,0.0,1.0
trotter_t3_l2_b10,decisive,C,400,0.25,expensive,4,1.0,2,438,1.4545,0.1667,23.25,1.7879,16,1,727,182,182,211,182,182,247,182,182,1,min_weighted_count,182,0.0,0.0,0.0,0.0,1.0
trotter_t3_l2_b10,decisive,C,400,0.25,free_area,2,1.0,0,373,2.4545,0.1667,38.5,2.7879,27,1,727,177,177,177,177,177,177,177,177,1,min_weighted_count,177,0.0,0.0,0.0,0.0,1.0
trotter_t3_l2_b10,decisive,C,400,0.25,free_scarce,2,0.5,0,373,1.2546,0.0852,19.5,1.4249,27,1,727,203,203,203,203,203,203,191,191,1,min_weighted_count,203,0.0591,0.0591,0.1667,0.1667,1.0
trotter_t3_l2_b10,decisive,C,400,0.25,scarce,2,0.5,2,395,1.0551,0.0841,16.5,1.2234,23,1,727,236,236,236,236,236,236,207,207,1,min_weighted_count,236,0.1229,0.1229,0.1667,0.1667,1.0
trotter_t3_l2_b10,decisive,C,400,0.5,cheap,1,1.0,2,378,1.4545,0.3333,25.0,2.1212,16,2,364,178,178,178,364,178,175,175,175,1,proportional_split,175,0.0169,0.0,0.1667,0.1667,1.0
trotter_t3_l2_b10,decisive,C,400,0.5,default,2,1.0,2,394,1.2727,0.3333,22.0,1.9394,14,2,367,200,200,231,367,200,176,176,176,1,proportional_split,176,0.12,0.0,0.3333,0.3333,1.0
trotter_t3_l2_b10,decisive,C,400,0.5,expensive,4,1.0,2,415,1.0,0.3333,17.75,1.6667,11,2,367,249,249,213,367,249,179,179,179,1,proportional_split,179,0.2811,0.0,0.3333,0.3333,1.0
trotter_t3_l2_b10,decisive,C,400,0.5,free_area,2,1.0,0,426,1.6364,0.5,29.0,2.6364,18,3,247,177,177,161,247,177,176,161,161,1,two_term_descent,161,0.0904,0.0,0.5,0.5,1.0
trotter_t3_l2_b10,decisive,C,400,0.5,free_scarce,2,0.5,0,426,0.8312,0.254,14.5,1.3392,18,3,250,202,202,189,250,202,185,176,176,1,proportional_split,185,0.1287,0.0486,0.3333,0.6667,1.0
trotter_t3_l2_b10,decisive,C,400,0.5,scarce,2,0.5,2,378,0.7426,0.1702,12.5,1.0829,16,2,367,231,231,232,367,231,206,206,206,1,proportional_split,206,0.1082,0.0,0.3333,0.3333,1.0
trotter_t3_l2_b10,decisive,C,400,0.75,cheap,1,1.0,2,426,0.7273,0.6667,17.0,2.0606,8,4,187,187,187,181,187,199,177,157,157,1,proportional_split,177,0.1604,0.113,0.1667,0.8333,1.0
trotter_t3_l2_b10,decisive,C,400,0.75,default,2,1.0,2,376,0.7273,0.5,15.0,1.7273,8,3,250,250,208,190,250,208,177,177,177,1,proportional_split,177,0.149,0.0,0.3333,0.6667,1.0
trotter_t3_l2_b10,decisive,C,400,0.75,expensive,4,1.0,2,415,0.6364,0.5,13.75,1.6364,7,3,250,250,218,199,250,218,180,180,180,1,proportional_split,180,0.1743,0.0,0.3333,0.6667,1.0
trotter_t3_l2_b10,decisive,C,400,0.75,free_area,2,1.0,0,403,0.8182,0.6667,18.0,2.1515,9,4,190,190,190,159,190,201,176,159,159,1,two_term_descent,159,0.1632,0.0,0.3333,0.6667,1.0
trotter_t3_l2_b10,decisive,C,400,0.75,free_scarce,2,0.5,0,403,0.4182,0.3408,9.0,1.0998,9,4,202,202,202,193,202,222,197,192,192,1,two_term_descent,193,0.0495,0.0052,0.1667,0.8333,1.0
trotter_t3_l2_b10,decisive,C,400,0.75,scarce,2,0.5,2,426,0.3806,0.3489,8.5,1.0784,8,4,198,198,198,200,198,224,202,185,185,1,uniform_min_teq,198,0.0657,0.0657,0.5,0.5,1.0
trotter_t3_l2_b10,decisive,C,800,0.25,default,2,1.0,2,805,3.5455,0.3333,56.0,4.2121,39,2,366,175,175,173,366,175,175,173,173,1,two_term_descent,173,0.0114,0.0,0.5,0.2083,1.0
trotter_t3_l2_b10,decisive,C,800,0.5,default,2,1.0,2,788,2.5455,0.6667,44.0,3.8788,28,4,190,177,177,241,190,177,176,156,156,1,proportional_split,176,0.1186,0.1136,0.3333,0.6667,1.0
trotter_t3_l2_b10,decisive,C,800,0.75,default,2,1.0,2,817,1.3636,1.1667,30.0,3.697,15,7,134,134,134,134,248,134,176,134,134,1,uniform_min_teq,134,0.0,0.0,0.0,1.0,1.0
heterostage_l3,null,A,200,0.25,,,,,226,1.2727,0.1667,0.0,1.6061,14,1,279,203,147,151,151,189,198,147,147,1,uniform_oracle,147,0.0,0.0,0.0,0.1667,1.0
heterostage_l3,null,A,200,0.5,,,,,171,0.8182,0.1667,0.0,1.1515,9,1,279,285,189,189,207,399,285,189,189,1,uniform_oracle,189,0.0,0.0,0.0,0.3827,1.0
heterostage_l3,null,A,200,0.75,,,,,199,0.4545,0.3333,0.0,1.1212,5,2,144,204,144,144,204,204,204,144,144,1,uniform_min_teq,144,0.0,0.0,0.0,0.697,1.0
heterostage_l3,null,A,400,0.25,,,,,369,2.4545,0.1667,0.0,2.7879,27,1,279,166,128,128,153,131,166,128,128,1,uniform_oracle,128,0.0,0.0,0.0,0.0955,1.0
heterostage_l3,null,A,400,0.5,,,,,414,1.6364,0.5,0.0,2.6364,18,3,114,114,99,114,139,131,176,99,99,1,uniform_oracle,99,0.0,0.0,0.0,0.3827,1.0
heterostage_l3,null,A,400,0.75,,,,,387,0.8182,0.6667,0.0,2.1515,9,4,99,106,99,99,106,106,106,99,99,1,uniform_min_teq,99,0.0,0.0,0.0,0.697,1.0
heterostage_l3,null,A,800,0.25,,,,,821,5.0,0.5,0.0,6.0,55,3,114,166,74,74,74,131,166,74,74,1,uniform_oracle,74,0.0,0.0,0.0,0.1163,1.0
heterostage_l3,null,A,800,0.5,,,,,828,3.2727,1.0,0.0,5.2727,36,6,99,99,68,68,100,99,166,68,68,1,uniform_oracle,68,0.0,0.0,0.0,0.3617,1.0
heterostage_l3,null,A,800,0.75,,,,,774,1.6364,1.3333,0.0,4.303,18,8,99,99,69,69,99,99,99,69,69,1,uniform_oracle,69,0.0,0.0,0.0,0.7297,1.0
heterostage_l3,null,B,200,0.25,default,2,1.0,2,242,0.9091,0.1667,15.0,1.2424,10,1,282,261,191,191,191,402,261,191,191,1,uniform_oracle,191,0.0,0.0,0.0,0.1667,1.0
heterostage_l3,null,B,200,0.5,default,2,1.0,2,193,0.6364,0.1667,11.0,0.9697,7,1,281,281,191,193,193,401,366,191,191,1,uniform_oracle,191,0.0,0.0,0.0,0.3827,1.0
heterostage_l3,null,B,200,0.75,default,2,1.0,2,222,0.3636,0.3333,8.5,1.0303,4,2,146,204,146,146,204,204,204,146,146,1,uniform_min_teq,146,0.0,0.0,0.0,0.697,1.0
heterostage_l3,null,B,400,0.25,cheap,1,1.0,2,391,2.0909,0.1667,33.0,2.4242,23,1,280,170,133,134,179,190,168,133,133,1,uniform_oracle,133,0.0,0.0,0.0,0.1667,1.0
heterostage_l3,null,B,400,0.25,default,2,1.0,2,408,1.8182,0.1667,29.0,2.1515,20,1,282,176,134,138,138,192,172,134,134,1,uniform_oracle,134,0.0,0.0,0.0,0.1667,1.0
heterostage_l3,null,B,400,0.25,expensive,4,1.0,2,413,1.3636,0.1667,22.0,1.697,15,1,284,187,146,146,146,194,187,146,146,1,uniform_oracle,146,0.0,0.0,0.0,0.1667,1.0
heterostage_l3,null,B,400,0.25,free_area,2,1.0,0,369,2.4545,0.1667,38.5,2.7879,27,1,282,168,131,133,155,192,168,131,131,1,uniform_oracle,131,0.0,0.0,0.0,0.0955,1.0
heterostage_l3,null,B,400,0.25,free_scarce,2,0.5,0,369,1.2546,0.0852,19.5,1.4249,27,1,282,208,147,172,154,192,206,147,147,1,uniform_oracle,147,0.0,0.0,0.0,0.1667,1.0
heterostage_l3,null,B,400,0.25,scarce,2,0.5,2,391,1.0551,0.0841,16.5,1.2234,23,1,282,234,173,189,173,402,234,173,173,1,uniform_oracle,173,0.0,0.0,0.0,0.1667,1.0
heterostage_l3,null,B,400,0.5,cheap,1,1.0,2,370,1.4545,0.3333,25.0,2.1212,16,2,145,181,100,100,202,140,181,100,100,1,uniform_oracle,100,0.0,0.0,0.0,0.3827,1.0
heterostage_l3,null,B,400,0.5,default,2,1.0,2,386,1.2727,0.3333,22.0,1.9394,14,2,147,147,102,102,204,142,191,102,102,1,uniform_oracle,102,0.0,0.0,0.0,0.3827,1.0
heterostage_l3,null,B,400,0.5,expensive,4,1.0,2,430,1.0909,0.3333,19.25,1.7576,12,2,149,149,109,109,206,206,229,109,109,1,uniform_oracle,109,0.0,0.0,0.0,0.3827,1.0
heterostage_l3,null,B,400,0.5,free_area,2,1.0,0,414,1.6364,0.5,29.0,2.6364,18,3,101,122,101,101,138,134,178,101,101,1,uniform_min_teq,101,0.0,0.0,0.0,0.697,1.0
heterostage_l3,null,B,400,0.5,free_scarce,2,0.5,0,414,0.8312,0.254,14.5,1.3392,18,3,114,120,114,159,142,142,264,114,114,1,uniform_min_teq,114,0.0,0.0,0.0,0.697,1.0
heterostage_l3,null,B,400,0.5,scarce,2,0.5,2,370,0.7426,0.1702,12.5,1.0829,16,2,147,304,147,177,204,204,304,147,147,1,uniform_min_teq,147,0.0,0.0,0.0,0.697,1.0
heterostage_l3,null,B,400,0.75,cheap,1,1.0,2,410,0.7273,0.6667,17.0,2.0606,8,4,100,121,100,100,121,106,106,100,100,1,uniform_min_teq,100,0.0,0.0,0.0,0.697,1.0
heterostage_l3,null,B,400,0.75,default,2,1.0,2,442,0.7273,0.6667,16.5,2.0606,8,4,102,123,102,102,123,108,108,102,102,1,uniform_min_teq,102,0.0,0.0,0.0,0.697,1.0
heterostage_l3,null,B,400,0.75,expensive,4,1.0,2,403,0.6364,0.5,13.75,1.6364,7,3,103,148,103,103,148,148,148,103,103,1,uniform_min_teq,103,0.0,0.0,0.0,0.697,1.0
heterostage_l3,null,B,400,0.75,free_area,2,1.0,0,387,0.8182,0.6667,18.0,2.1515,9,4,102,123,102,102,123,108,108,102,102,1,uniform_min_teq,102,0.0,0.0,0.0,0.697,1.0
heterostage_l3,null,B,400,0.75,free_scarce,2,0.5,0,387,0.4182,0.3408,9.0,1.0998,9,4,152,117,117,152,117,117,117,117,117,1,min_weighted_count,117,0.0,0.0,0.0,1.0,1.0
heterostage_l3,null,B,400,0.75,scarce,2,0.5,2,410,0.3806,0.3489,8.5,1.0784,8,4,161,115,115,161,115,115,115,115,115,1,min_weighted_count,115,0.0,0.0,0.0,1.0,1.0
heterostage_l3,null,B,800,0.25,default,2,1.0,2,797,3.5455,0.3333,56.0,4.2121,39,2,146,170,101,120,161,135,168,101,101,1,uniform_oracle,101,0.0,0.0,0.0,0.3827,1.0
heterostage_l3,null,B,800,0.5,default,2,1.0,2,772,2.5455,0.6667,44.0,3.8788,28,4,102,111,88,93,114,133,168,93,88,1,uniform_oracle,88,0.0,0.0,0.0,0.3617,1.0568
heterostage_l3,null,B,800,0.75,default,2,1.0,2,789,1.3636,1.1667,30.0,3.697,15,7,102,105,93,96,114,102,102,93,93,1,uniform_oracle,93,0.0,0.0,0.0,0.7917,1.0
heterostage_l3,null,C,200,0.25,default,2,1.0,2,246,0.9091,0.1667,15.0,1.2424,10,1,283,227,169,173,173,193,225,169,169,1,uniform_oracle,169,0.0,0.0,0.0,0.1667,1.0
heterostage_l3,null,C,200,0.5,default,2,1.0,2,197,0.6364,0.1667,11.0,0.9697,7,1,281,281,191,193,210,281,254,191,191,1,uniform_oracle,191,0.0,0.0,0.0,0.3827,1.0
heterostage_l3,null,C,200,0.75,default,2,1.0,2,230,0.3636,0.3333,8.5,1.0303,4,2,146,204,146,146,204,146,204,146,146,1,uniform_min_teq,146,0.0,0.0,0.0,0.697,1.0
heterostage_l3,null,C,400,0.25,cheap,1,1.0,2,395,2.0909,0.1667,33.0,2.4242,23,1,280,170,133,134,178,134,166,133,133,1,uniform_oracle,133,0.0,0.0,0.0,0.1667,1.0
heterostage_l3,null,C,400,0.25,default,2,1.0,2,412,1.8182,0.1667,29.0,2.1515,20,1,282,173,134,138,138,138,170,134,134,1,uniform_oracle,134,0.0,0.0,0.0,0.1667,1.0
heterostage_l3,null,C,400,0.25,expensive,4,1.0,2,438,1.4545,0.1667,23.25,1.7879,16,1,283,184,144,146,146,193,184,144,144,1,uniform_oracle,144,0.0,0.0,0.0,0.1667,1.0
heterostage_l3,null,C,400,0.25,free_area,2,1.0,0,373,2.4545,0.1667,38.5,2.7879,27,1,283,166,131,131,154,133,166,131,131,1,uniform_oracle,131,0.0,0.0,0.0,0.0955,1.0
heterostage_l3,null,C,400,0.25,free_scarce,2,0.5,0,373,1.2546,0.0852,19.5,1.4249,27,1,283,198,149,199,149,193,199,149,149,1,uniform_oracle,149,0.0,0.0,0.0,0.1667,1.0
heterostage_l3,null,C,400,0.25,scarce,2,0.5,2,395,1.0551,0.0841,16.5,1.2234,23,1,283,217,162,188,162,193,213,162,162,1,uniform_oracle,162,0.0,0.0,0.0,0.1667,1.0
heterostage_l3,null,C,400,0.5,cheap,1,1.0,2,378,1.4545,0.3333,25.0,2.1212,16,2,145,174,103,106,202,140,174,103,103,1,uniform_oracle,103,0.0,0.0,0.0,0.3827,1.0
heterostage_l3,null,C,400,0.5,default,2,1.0,2,394,1.2727,0.3333,22.0,1.9394,14,2,147,147,105,105,205,142,200,105,105,1,uniform_oracle,105,0.0,0.0,0.0,0.3827,1.0
heterostage_l3,null,C,400,0.5,expensive,4,1.0,2,415,1.0,0.3333,17.75,1.6667,11,2,148,148,115,115,205,143,233,115,115,1,uniform_oracle,115,0.0,0.0,0.0,0.3827,1.0
heterostage_l3,null,C,400,0.5,free_area,2,1.0,0,426,1.6364,0.5,29.0,2.6364,18,3,104,122,104,104,139,137,173,104,104,1,uniform_min_teq,104,0.0,0.0,0.0,0.697,1.0
heterostage_l3,null,C,400,0.5,free_scarce,2,0.5,0,426,0.8312,0.254,14.5,1.3392,18,3,106,106,106,150,142,150,190,106,106,1,uniform_min_teq,106,0.0,0.0,0.0,0.697,1.0
heterostage_l3,null,C,400,0.5,scarce,2,0.5,2,378,0.7426,0.1702,12.5,1.0829,16,2,148,212,140,157,205,148,199,140,140,1,uniform_oracle,140,0.0,0.0,0.0,0.3827,1.0
heterostage_l3,null,C,400,0.75,cheap,1,1.0,2,426,0.7273,0.6667,17.0,2.0606,8,4,100,106,100,100,106,141,106,100,100,1,uniform_min_teq,100,0.0,0.0,0.0,0.697,1.0
heterostage_l3,null,C,400,0.75,default,2,1.0,2,376,0.7273,0.5,15.0,1.7273,8,3,103,142,103,103,142,143,142,103,103,1,uniform_min_teq,103,0.0,0.0,0.0,0.697,1.0
heterostage_l3,null,C,400,0.75,expensive,4,1.0,2,415,0.6364,0.5,13.75,1.6364,7,3,103,142,103,103,142,103,142,103,103,1,uniform_min_teq,103,0.0,0.0,0.0,0.697,1.0
heterostage_l3,null,C,400,0.75,free_area,2,1.0,0,403,0.8182,0.6667,18.0,2.1515,9,4,103,109,103,103,130,140,109,103,103,1,uniform_min_teq,103,0.0,0.0,0.0,0.697,1.0
heterostage_l3,null,C,400,0.75,free_scarce,2,0.5,0,403,0.4182,0.3408,9.0,1.0998,9,4,113,121,113,113,121,113,121,113,113,1,uniform_min_teq,113,0.0,0.0,0.0,0.697,1.0
heterostage_l3,null,C,400,0.75,scarce,2,0.5,2,426,0.3806,0.3489,8.5,1.0784,8,4,115,115,115,115,115,115,115,115,115,1,uniform_min_teq,115,0.0,0.0,0.0,0.697,1.0
heterostage_l3,null,C,800,0.25,default,2,1.0,2,805,3.5455,0.3333,56.0,4.2121,39,2,146,168,101,112,119,132,166,101,101,1,uniform_oracle,101,0.0,0.0,0.0,0.2199,1.0
heterostage_l3,null,C,800,0.5,default,2,1.0,2,788,2.5455,0.6667,44.0,3.8788,28,4,106,112,90,93,115,132,166,90,90,1,uniform_oracle,90,0.0,0.0,0.0,0.3617,1.0
heterostage_l3,null,C,800,0.75,default,2,1.0,2,817,1.3636,1.1667,30.0,3.697,15,7,103,103,82,82,115,103,103,82,82,1,uniform_oracle,82,0.0,0.0,0.0,0.7297,1.0
oracle_bank_c16_l4,null,A,200,0.25,,,,,226,1.2727,0.1667,0.0,1.6061,14,1,363,201,201,154,201,363,154,154,154,1,two_term_descent,154,0.2338,0.0,0.25,0.1429,1.0
oracle_bank_c16_l4,null,A,200,0.5,,,,,171,0.8182,0.1667,0.0,1.1515,9,1,363,306,306,183,306,363,232,183,183,1,two_term_descent,183,0.402,0.0,0.5,0.3333,1.0
oracle_bank_c16_l4,null,A,200,0.75,,,,,199,0.4545,0.3333,0.0,1.1212,5,2,186,186,186,143,186,186,275,143,143,1,two_term_descent,143,0.2312,0.0,0.25,0.6,1.0
oracle_bank_c16_l4,null,A,400,0.25,,,,,369,2.4545,0.1667,0.0,2.7879,27,1,363,111,111,93,111,363,111,93,93,1,two_term_descent,93,0.1622,0.0,0.25,0.1429,1.0
oracle_bank_c16_l4,null,A,400,0.5,,,,,414,1.6364,0.5,0.0,2.6364,18,3,127,127,127,88,127,127,88,87,87,1,two_term_descent,88,0.315,0.0114,0.5,0.3333,1.0
oracle_bank_c16_l4,null,A,400,0.75,,,,,387,0.8182,0.6667,0.0,2.1515,9,4,97,97,97,87,97,97,159,87,87,1,two_term_descent,87,0.1031,0.0,0.25,0.6,1.0
oracle_bank_c16_l4,null,A,800,0.25,,,,,821,5.0,0.5,0.0,6.0,55,3,127,64,64,54,64,64,87,54,54,1,two_term_descent,54,0.1562,0.0,0.25,0.1429,1.0
oracle_bank_c16_l4,null,A,800,0.5,,,,,828,3.2727,1.0,0.0,5.2727,36,6,68,68,68,55,68,68,86,53,53,1,two_term_descent,55,0.2206,0.0364,0.25,0.6,1.0
oracle_bank_c16_l4,null,A,800,0.75,,,,,774,1.6364,1.3333,0.0,4.303,18,8,54,54,53,54,54,53,88,53,53,1,uniform_oracle,53,0.0,0.0,0.0,1.0,1.0
oracle_bank_c16_l4,null,B,200,0.25,default,2,1.0,2,242,0.9091,0.1667,15.0,1.2424,10,1,366,280,280,186,280,366,214,186,186,1,two_term_descent,186,0.3357,0.0,0.5,0.3333,1.0
oracle_bank_c16_l4,null,B,200,0.5,default,2,1.0,2,193,0.6364,0.1667,11.0,0.9697,7,1,365,365,365,205,365,365,299,205,205,1,two_term_descent,205,0.4384,0.0,0.5,0.3333,1.0
oracle_bank_c16_l4,null,B,200,0.75,default,2,1.0,2,222,0.3636,0.3333,8.5,1.0303,4,2,186,186,186,180,186,186,180,180,180,1,two_term_descent,180,0.0323,0.0,0.25,0.6,1.0
oracle_bank_c16_l4,null,B,400,0.25,cheap,1,1.0,2,391,2.0909,0.1667,33.0,2.4242,23,1,364,129,129,101,129,364,101,101,101,1,two_term_descent,101,0.2171,0.0,0.25,0.1429,1.0
oracle_bank_c16_l4,null,B,400,0.25,default,2,1.0,2,408,1.8182,0.1667,29.0,2.1515,20,1,366,147,147,114,147,366,114,114,114,1,two_term_descent,114,0.2245,0.0,0.25,0.1429,1.0
oracle_bank_c16_l4,null,B,400,0.25,expensive,4,1.0,2,413,1.3636,0.1667,22.0,1.697,15,1,368,193,193,149,193,368,149,149,149,1,two_term_descent,149,0.228,0.0,0.25,0.1429,1.0
oracle_bank_c16_l4,null,B,400,0.25,free_area,2,1.0,0,369,2.4545,0.1667,38.5,2.7879,27,1,366,113,113,96,113,366,113,96,96,1,two_term_descent,96,0.1504,0.0,0.25,0.1429,1.0
oracle_bank_c16_l4,null,B,400,0.25,free_scarce,2,0.5,0,369,1.2546,0.0852,19.5,1.4249,27,1,366,213,213,164,213,366,213,164,164,1,two_term_descent,164,0.23,0.0,0.25,0.1429,1.0
oracle_bank_c16_l4,null,B,400,0.25,scarce,2,0.5,2,391,1.0551,0.0841,16.5,1.2234,23,1,366,249,249,194,249,366,194,186,186,1,two_term_descent,194,0.253,0.0412,0.5,0.3333,1.0
oracle_bank_c16_l4,null,B,400,0.5,cheap,1,1.0,2,370,1.4545,0.3333,25.0,2.1212,16,2,184,179,179,97,184,184,139,97,97,1,two_term_descent,97,0.4581,0.0,0.5,0.3333,1.0
oracle_bank_c16_l4,null,B,400,0.5,default,2,1.0,2,386,1.2727,0.3333,22.0,1.9394,14,2,186,186,186,110,186,186,157,110,110,1,two_term_descent,110,0.4086,0.0,0.5,0.3333,1.0
oracle_bank_c16_l4,null,B,400,0.5,expensive,4,1.0,2,430,1.0909,0.3333,19.25,1.7576,12,2,188,188,188,128,188,188,128,128,128,1,two_term_descent,128,0.3191,0.0,0.5,0.3333,1.0
oracle_bank_c16_l4,null,B,400,0.5,free_area,2,1.0,0,414,1.6364,0.5,29.0,2.6364,18,3,126,126,126,90,126,126,90,90,90,1,two_term_descent,90,0.2857,0.0,0.5,0.3333,1.0
oracle_bank_c16_l4,null,B,400,0.5,free_scarce,2,0.5,0,414,0.8312,0.254,14.5,1.3392,18,3,130,130,130,174,130,130,174,101,101,1,uniform_min_teq,130,0.2231,0.2231,0.25,0.6,1.0
oracle_bank_c16_l4,null,B,400,0.5,scarce,2,0.5,2,370,0.7426,0.1702,12.5,1.0829,16,2,186,324,186,198,186,186,262,144,144,1,uniform_min_teq,186,0.2258,0.2258,0.25,0.6,1.0
oracle_bank_c16_l4,null,B,400,0.75,cheap,1,1.0,2,410,0.7273,0.6667,17.0,2.0606,8,4,96,96,96,97,96,96,97,96,96,1,uniform_min_teq,96,0.0,0.0,0.0,1.0,1.0
oracle_bank_c16_l4,null,B,400,0.75,default,2,1.0,2,442,0.7273,0.6667,16.5,2.0606,8,4,98,98,98,98,98,98,98,98,98,1,uniform_min_teq,98,0.0,0.0,0.0,1.0,1.0
oracle_bank_c16_l4,null,B,400,0.75,expensive,4,1.0,2,403,0.6364,0.5,13.75,1.6364,7,3,128,128,128,112,128,128,207,112,112,1,two_term_descent,112,0.125,0.0,0.25,0.6,1.0
oracle_bank_c16_l4,null,B,400,0.75,free_area,2,1.0,0,387,0.8182,0.6667,18.0,2.1515,9,4,98,98,98,91,98,98,163,90,90,1,two_term_descent,91,0.0816,0.011,0.25,0.6,1.0
oracle_bank_c16_l4,null,B,400,0.75,free_scarce,2,0.5,0,387,0.4182,0.3408,9.0,1.0998,9,4,107,107,107,184,107,107,271,107,107,1,uniform_min_teq,107,0.0,0.0,0.0,1.0,1.0
oracle_bank_c16_l4,null,B,400,0.75,scarce,2,0.5,2,410,0.3806,0.3489,8.5,1.0784,8,4,104,104,104,194,104,104,194,104,104,1,uniform_min_teq,104,0.0,0.0,0.0,1.0,1.0
oracle_bank_c16_l4,null,B,800,0.25,default,2,1.0,2,797,3.5455,0.3333,56.0,4.2121,39,2,186,104,104,84,104,186,89,84,84,1,two_term_descent,84,0.1923,0.0,0.25,0.1429,1.0
oracle_bank_c16_l4,null,B,800,0.5,default,2,1.0,2,772,2.5455,0.6667,44.0,3.8788,28,4,96,96,96,67,96,96,90,67,67,1,two_term_descent,67,0.3021,0.0,0.5,0.3333,1.0
oracle_bank_c16_l4,null,B,800,0.75,default,2,1.0,2,789,1.3636,1.1667,30.0,3.697,15,7,62,62,62,63,62,62,88,62,62,1,uniform_min_teq,62,0.0,0.0,0.0,1.0,1.0
oracle_bank_c16_l4,null,C,200,0.25,default,2,1.0,2,246,0.9091,0.1667,15.0,1.2424,10,1,367,235,235,187,235,367,196,187,187,1,two_term_descent,187,0.2043,0.0,0.5,0.3333,1.0
oracle_bank_c16_l4,null,C,200,0.5,default,2,1.0,2,197,0.6364,0.1667,11.0,0.9697,7,1,365,365,261,199,261,365,232,199,199,1,two_term_descent,199,0.2375,0.0,0.5,0.3333,1.0
oracle_bank_c16_l4,null,C,200,0.75,default,2,1.0,2,230,0.3636,0.3333,8.5,1.0303,4,2,186,186,186,164,186,186,164,163,163,1,two_term_descent,164,0.1237,0.0061,0.25,0.6,1.0
oracle_bank_c16_l4,null,C,400,0.25,cheap,1,1.0,2,395,2.0909,0.1667,33.0,2.4242,23,1,364,128,128,101,128,364,101,101,101,1,two_term_descent,101,0.2109,0.0,0.25,0.1429,1.0
oracle_bank_c16_l4,null,C,400,0.25,default,2,1.0,2,412,1.8182,0.1667,29.0,2.1515,20,1,366,146,146,114,146,366,114,114,114,1,two_term_descent,114,0.2192,0.0,0.25,0.1429,1.0
oracle_bank_c16_l4,null,C,400,0.25,expensive,4,1.0,2,438,1.4545,0.1667,23.25,1.7879,16,1,367,181,181,141,181,367,141,141,141,1,two_term_descent,141,0.221,0.0,0.25,0.1429,1.0
oracle_bank_c16_l4,null,C,400,0.25,free_area,2,1.0,0,373,2.4545,0.1667,38.5,2.7879,27,1,367,112,112,97,112,367,112,97,97,1,two_term_descent,97,0.1339,0.0,0.25,0.1429,1.0
oracle_bank_c16_l4,null,C,400,0.25,free_scarce,2,0.5,0,373,1.2546,0.0852,19.5,1.4249,27,1,367,202,202,163,202,367,202,163,163,1,two_term_descent,163,0.1931,0.0,0.25,0.1429,1.0
oracle_bank_c16_l4,null,C,400,0.25,scarce,2,0.5,2,395,1.0551,0.0841,16.5,1.2234,23,1,367,223,223,185,223,367,185,185,185,1,two_term_descent,185,0.1704,0.0,0.25,0.1429,1.0
oracle_bank_c16_l4,null,C,400,0.5,cheap,1,1.0,2,378,1.4545,0.3333,25.0,2.1212,16,2,184,146,146,97,184,184,121,97,97,1,two_term_descent,97,0.3356,0.0,0.5,0.3333,1.0
oracle_bank_c16_l4,null,C,400,0.5,default,2,1.0,2,394,1.2727,0.3333,22.0,1.9394,14,2,187,187,187,110,187,187,155,110,110,1,two_term_descent,110,0.4118,0.0,0.5,0.3333,1.0
oracle_bank_c16_l4,null,C,400,0.5,expensive,4,1.0,2,415,1.0,0.3333,17.75,1.6667,11,2,187,187,187,138,187,187,138,138,138,1,two_term_descent,138,0.262,0.0,0.5,0.3333,1.0
oracle_bank_c16_l4,null,C,400,0.5,free_area,2,1.0,0,426,1.6364,0.5,29.0,2.6364,18,3,127,127,127,89,127,127,89,89,89,1,two_term_descent,89,0.2992,0.0,0.5,0.3333,1.0
oracle_bank_c16_l4,null,C,400,0.5,free_scarce,2,0.5,0,426,0.8312,0.254,14.5,1.3392,18,3,130,130,130,136,130,130,136,101,101,1,uniform_min_teq,130,0.2231,0.2231,0.25,0.6,1.0
oracle_bank_c16_l4,null,C,400,0.5,scarce,2,0.5,2,378,0.7426,0.1702,12.5,1.0829,16,2,187,195,187,158,187,187,174,145,145,1,two_term_descent,158,0.2246,0.0823,0.25,0.6,1.0
oracle_bank_c16_l4,null,C,400,0.75,cheap,1,1.0,2,426,0.7273,0.6667,17.0,2.0606,8,4,97,97,97,97,97,97,97,92,92,1,uniform_min_teq,97,0.0515,0.0515,0.25,0.6,1.0
oracle_bank_c16_l4,null,C,400,0.75,default,2,1.0,2,376,0.7273,0.5,15.0,1.7273,8,3,130,130,130,100,130,130,135,100,100,1,two_term_descent,100,0.2308,0.0,0.25,0.6,1.0
oracle_bank_c16_l4,null,C,400,0.75,expensive,4,1.0,2,415,0.6364,0.5,13.75,1.6364,7,3,130,130,130,112,130,130,146,111,111,1,two_term_descent,112,0.1462,0.0089,0.25,0.6,1.0
oracle_bank_c16_l4,null,C,400,0.75,free_area,2,1.0,0,403,0.8182,0.6667,18.0,2.1515,9,4,100,100,100,89,100,100,120,87,87,1,two_term_descent,89,0.13,0.0225,0.5,0.6,1.0
oracle_bank_c16_l4,null,C,400,0.75,free_scarce,2,0.5,0,403,0.4182,0.3408,9.0,1.0998,9,4,112,112,112,145,112,112,148,112,112,1,uniform_min_teq,112,0.0,0.0,0.0,1.0,1.0
oracle_bank_c16_l4,null,C,400,0.75,scarce,2,0.5,2,426,0.3806,0.3489,8.5,1.0784,8,4,106,106,106,147,106,106,147,106,106,1,uniform_min_teq,106,0.0,0.0,0.0,1.0,1.0
oracle_bank_c16_l4,null,C,800,0.25,default,2,1.0,2,805,3.5455,0.3333,56.0,4.2121,39,2,186,95,95,80,95,95,89,80,80,1,two_term_descent,80,0.1579,0.0,0.25,0.1429,1.0
oracle_bank_c16_l4,null,C,800,0.5,default,2,1.0,2,788,2.5455,0.6667,44.0,3.8788,28,4,97,97,97,65,97,98,88,65,65,1,two_term_descent,65,0.3299,0.0,0.5,0.3333,1.0
oracle_bank_c16_l4,null,C,800,0.75,default,2,1.0,2,817,1.3636,1.1667,30.0,3.697,15,7,64,64,64,62,64,64,88,59,59,1,two_term_descent,62,0.0781,0.0484,0.25,0.6,1.0
