kernel,family,capacity_target,ccz_share,supply_pressure,imbalance,supply_ccz_share,uniform_mix_mismatch,uniform_waste,concurrency,decision_sites,stages,max_stage_width,serial_fraction,mean_variants_per_site,min_cross_resource_cost_ratio,families,headroom_over_best_simple,headroom_over_uniform,oracle_exhaustive,fails
and_ladder_s2_l2,and_ladder,0.25,0.1,1.1092,1.8333,0.6471,0.3529,0.4249,2,4,2,2,0.0,4.0,2.0,1,0.0,0.0,1,0
and_ladder_s2_l2,and_ladder,0.25,0.25,1.1092,1.8333,0.6471,0.3529,0.4249,2,4,2,2,0.0,4.0,2.0,1,0.0,0.0,1,0
and_ladder_s2_l2,and_ladder,0.25,0.5,1.3469,3.6667,0.7858,0.2142,0.3017,2,4,2,2,0.0,4.0,2.0,1,0.0,0.0,1,0
and_ladder_s2_l2,and_ladder,0.25,0.75,1.3469,3.6667,0.7858,0.2142,0.3017,2,4,2,2,0.0,4.0,2.0,1,0.0,0.0,1,0
and_ladder_s2_l2,and_ladder,0.25,0.9,1.3469,3.6667,0.7858,0.2142,0.3017,2,4,2,2,0.0,4.0,2.0,1,0.0,0.0,1,0
and_ladder_s2_l2,and_ladder,0.5,0.1,0.7933,1.3636,0.4232,0.5768,0.6239,2,4,2,2,0.0,4.0,2.0,1,0.1111,0.1111,1,1
and_ladder_s2_l2,and_ladder,0.5,0.25,0.8967,1.0909,0.4783,0.5217,0.5749,2,4,2,2,0.0,4.0,2.0,1,0.1111,0.1111,1,1
and_ladder_s2_l2,and_ladder,0.5,0.5,1.0313,1.2222,0.5501,0.4499,0.5111,2,4,2,2,0.0,4.0,2.0,1,0.0741,0.0741,1,1
and_ladder_s2_l2,and_ladder,0.5,0.75,1.3469,3.6667,0.7858,0.2142,0.3017,2,4,2,2,0.0,4.0,2.0,1,0.0,0.0,1,0
and_ladder_s2_l2,and_ladder,0.5,0.9,1.3469,3.6667,0.7858,0.2142,0.3017,2,4,2,2,0.0,4.0,2.0,1,0.0,0.0,1,0
and_ladder_s2_l2,and_ladder,1.0,0.1,0.7474,2.7273,0.2683,0.7317,0.7615,2,4,2,2,0.0,4.0,2.0,1,0.0833,0.1852,1,1
and_ladder_s2_l2,and_ladder,1.0,0.25,0.8755,2.1818,0.3143,0.6857,0.7207,2,4,2,2,0.0,4.0,2.0,1,0.12,0.1852,1,1
and_ladder_s2_l2,and_ladder,1.0,0.5,0.4714,1.2222,0.55,0.45,0.6526,2,4,2,2,0.0,4.0,2.0,1,0.0,0.0,1,0
and_ladder_s2_l2,and_ladder,1.0,0.75,0.6083,2.4444,0.7097,0.2903,0.5517,2,4,2,2,0.0,4.0,2.0,1,0.0,0.0,1,0
and_ladder_s2_l2,and_ladder,1.0,0.9,0.5238,11.0,0.9167,0.0833,0.5926,2,4,2,2,0.0,4.0,2.0,1,0.0,0.0,1,0
and_ladder_s2_l2,and_ladder,2.0,0.1,0.4316,5.4545,0.155,0.155,0.714,2,4,2,2,0.0,4.0,2.0,1,0.0833,0.1538,1,1
and_ladder_s2_l2,and_ladder,2.0,0.25,0.2694,2.1818,0.3143,0.6857,0.8015,2,4,2,2,0.0,4.0,2.0,1,0.0,0.0,1,0
and_ladder_s2_l2,and_ladder,2.0,0.5,0.2857,1.0,0.5,0.5,0.7778,2,4,2,2,0.0,4.0,2.0,1,0.0,0.0,1,0
and_ladder_s2_l2,and_ladder,2.0,0.75,0.3041,2.4444,0.7097,0.2903,0.7495,2,4,2,2,0.0,4.0,2.0,1,0.0,0.0,1,0
and_ladder_s2_l2,and_ladder,2.0,0.9,0.3091,9.1667,0.9016,0.0984,0.7454,2,4,2,2,0.0,4.0,2.0,1,0.0,0.0,1,0
and_ladder_s2_l3,and_ladder,0.25,0.1,1.6985,1.8333,0.6471,0.3529,0.4028,3,6,2,3,0.0,4.0,2.0,1,0.1081,0.1538,1,1
and_ladder_s2_l3,and_ladder,0.25,0.25,1.6985,1.8333,0.6471,0.3529,0.4028,3,6,2,3,0.0,4.0,2.0,1,0.1081,0.1538,1,1
and_ladder_s2_l3,and_ladder,0.25,0.5,2.0204,3.6667,0.7858,0.2142,0.2748,3,6,2,3,0.0,4.0,2.0,1,0.0,0.0,1,0
and_ladder_s2_l3,and_ladder,0.25,0.75,2.0204,3.6667,0.7858,0.2142,0.2748,3,6,2,3,0.0,4.0,2.0,1,0.0,0.0,1,0
and_ladder_s2_l3,and_ladder,0.25,0.9,2.0204,3.6667,0.7858,0.2142,0.2748,3,6,2,3,0.0,4.0,2.0,1,0.0,0.0,1,0
and_ladder_s2_l3,and_ladder,0.5,0.1,1.1282,1.3636,0.4232,0.5768,0.6095,3,6,2,3,0.0,4.0,2.0,1,0.1944,0.2564,1,1
and_ladder_s2_l3,and_ladder,0.5,0.25,1.2554,1.0909,0.4783,0.5217,0.5585,3,6,2,3,0.0,4.0,2.0,1,0.0,0.1538,1,0
and_ladder_s2_l3,and_ladder,0.5,0.5,1.4438,1.2222,0.5501,0.4499,0.4923,3,6,2,3,0.0,4.0,2.0,1,0.0,0.1538,1,0
and_ladder_s2_l3,and_ladder,0.5,0.75,2.0204,3.6667,0.7858,0.2142,0.2748,3,6,2,3,0.0,4.0,2.0,1,0.0,0.0,1,0
and_ladder_s2_l3,and_ladder,0.5,0.9,2.0204,3.6667,0.7858,0.2142,0.2748,3,6,2,3,0.0,4.0,2.0,1,0.0,0.0,1,0
and_ladder_s2_l3,and_ladder,1.0,0.1,0.8049,2.7273,0.2683,0.7317,0.7524,3,6,2,3,0.0,4.0,2.0,1,0.1333,0.3333,1,1
and_ladder_s2_l3,and_ladder,1.0,0.25,0.8381,2.1818,0.3143,0.6857,0.7099,3,6,2,3,0.0,4.0,2.0,1,0.1,0.3077,1,1
and_ladder_s2_l3,and_ladder,1.0,0.5,0.7071,1.2222,0.55,0.45,0.5875,3,6,2,3,0.0,4.0,2.0,1,0.0,0.0,1,0
and_ladder_s2_l3,and_ladder,1.0,0.75,0.9124,2.4444,0.7097,0.2903,0.4677,3,6,2,3,0.0,4.0,2.0,1,0.0,0.0,1,0
and_ladder_s2_l3,and_ladder,1.0,0.9,0.7857,11.0,0.9167,0.0833,0.45,3,6,2,3,0.0,4.0,2.0,1,0.0,0.0,1,0
and_ladder_s2_l3,and_ladder,2.0,0.1,0.6972,5.4545,0.155,0.155,0.6154,3,6,2,3,0.0,4.0,2.0,1,0.1481,0.2069,1,1
and_ladder_s2_l3,and_ladder,2.0,0.25,0.5724,2.1818,0.3143,0.6857,0.7643,3,6,2,3,0.0,4.0,2.0,1,0.0833,0.0833,1,1
and_ladder_s2_l3,and_ladder,2.0,0.5,0.4286,1.0,0.5,0.5,0.7,3,6,2,3,0.0,4.0,2.0,1,0.0,0.0,1,0
and_ladder_s2_l3,and_ladder,2.0,0.75,0.4562,2.4444,0.7097,0.2903,0.6639,3,6,2,3,0.0,4.0,2.0,1,0.0,0.0,1,0
and_ladder_s2_l3,and_ladder,2.0,0.9,0.4637,9.1667,0.9016,0.0984,0.6393,3,6,2,3,0.0,4.0,2.0,1,0.0,0.0,1,0
grover_c16_i2,grover,0.25,0.1,1.2524,1.8333,0.6471,0.3529,0.3576,1,4,4,1,1.0,4.5,1.0,2,0.1964,0.2648,1,1
grover_c16_i2,grover,0.25,0.25,1.2524,1.8333,0.6471,0.3529,0.3576,1,4,4,1,1.0,4.5,1.0,2,0.1964,0.2648,1,1
grover_c16_i2,grover,0.25,0.5,1.4602,3.6667,0.7858,0.2142,0.22,1,4,4,1,1.0,4.5,1.0,2,0.0,0.0,1,0
grover_c16_i2,grover,0.25,0.75,1.4602,3.6667,0.7858,0.2142,0.22,1,4,4,1,1.0,4.5,1.0,2,0.0,0.0,1,0
grover_c16_i2,grover,0.25,0.9,1.4602,3.6667,0.7858,0.2142,0.22,1,4,4,1,1.0,4.5,1.0,2,0.0,0.0,1,0
grover_c16_i2,grover,0.5,0.1,0.7498,1.3636,0.4232,0.0054,0.3677,1,4,4,1,1.0,4.5,1.0,2,0.0,0.0,1,0
grover_c16_i2,grover,0.5,0.25,0.8476,1.0909,0.4783,0.0497,0.2852,1,4,4,1,1.0,4.5,1.0,2,0.0,0.0,1,0
grover_c16_i2,grover,0.5,0.5,0.9747,1.2222,0.5501,0.1215,0.2351,1,4,4,1,1.0,4.5,1.0,2,0.0,0.0,1,0
grover_c16_i2,grover,0.5,0.75,1.4602,3.6667,0.7858,0.2142,0.22,1,4,4,1,1.0,4.5,1.0,2,0.0,0.0,1,0
grover_c16_i2,grover,0.5,0.9,1.4602,3.6667,0.7858,0.2142,0.22,1,4,4,1,1.0,4.5,1.0,2,0.0,0.0,1,0
grover_c16_i2,grover,1.0,0.1,0.6981,2.7273,0.2683,0.1317,0.3536,1,4,4,1,1.0,4.5,1.0,2,0.004,0.004,1,0
grover_c16_i2,grover,1.0,0.25,0.6489,2.1818,0.3143,0.0857,0.2991,1,4,4,1,1.0,4.5,1.0,2,0.0223,0.0223,1,0
grover_c16_i2,grover,1.0,0.5,0.5323,1.2222,0.55,0.45,0.4774,1,4,4,1,1.0,4.5,1.0,2,0.009,0.009,1,0
grover_c16_i2,grover,1.0,0.75,0.7565,2.4444,0.7097,0.2903,0.3256,1,4,4,1,1.0,4.5,1.0,2,0.0,0.0,1,0
grover_c16_i2,grover,1.0,0.9,0.7639,11.0,0.9167,0.0833,0.3137,1,4,4,1,1.0,4.5,1.0,2,0.0,0.0,1,0
grover_c16_i2,grover,2.0,0.1,0.4031,5.4545,0.155,0.245,0.6175,1,4,4,1,1.0,4.5,1.0,2,0.0988,0.0988,1,1
grover_c16_i2,grover,2.0,0.25,0.6907,2.1818,0.3143,0.0857,0.5655,1,4,4,1,1.0,4.5,1.0,2,0.0553,0.0553,1,1
grover_c16_i2,grover,2.0,0.5,0.4167,1.0,0.5,0.5,0.6257,1,4,4,1,1.0,4.5,1.0,2,0.0,0.0,1,0
grover_c16_i2,grover,2.0,0.75,0.6551,2.4444,0.7097,0.2903,0.5883,1,4,4,1,1.0,4.5,1.0,2,0.0663,0.0663,1,1
grover_c16_i2,grover,2.0,0.9,0.9167,9.1667,0.9016,0.0984,0.1483,1,4,4,1,1.0,4.5,1.0,2,0.0,0.0,1,0
grover_c32_i2,grover,0.25,0.1,1.0939,1.8333,0.6471,0.0393,0.1373,1,4,4,1,1.0,4.5,1.0,2,0.0,0.0,1,0
grover_c32_i2,grover,0.25,0.25,1.0939,1.8333,0.6471,0.0393,0.1373,1,4,4,1,1.0,4.5,1.0,2,0.0,0.0,1,0
grover_c32_i2,grover,0.25,0.5,1.7876,3.6667,0.7858,0.2142,0.2182,1,4,4,1,1.0,4.5,1.0,2,0.041,0.0878,1,0
grover_c32_i2,grover,0.25,0.75,1.7876,3.6667,0.7858,0.2142,0.2182,1,4,4,1,1.0,4.5,1.0,2,0.041,0.0878,1,0
grover_c32_i2,grover,0.25,0.9,1.7876,3.6667,0.7858,0.2142,0.2182,1,4,4,1,1.0,4.5,1.0,2,0.041,0.0878,1,0
grover_c32_i2,grover,0.5,0.1,0.7153,1.3636,0.4232,0.1846,0.4359,1,4,4,1,1.0,4.5,1.0,2,0.0,0.0,1,0
grover_c32_i2,grover,0.5,0.25,0.8086,1.0909,0.4783,0.1295,0.3623,1,4,4,1,1.0,4.5,1.0,2,0.0,0.0,1,0
grover_c32_i2,grover,0.5,0.5,0.9298,1.2222,0.5501,0.0577,0.2667,1,4,4,1,1.0,4.5,1.0,2,0.0,0.0,1,0
grover_c32_i2,grover,0.5,0.75,1.7876,3.6667,0.7858,0.2142,0.2182,1,4,4,1,1.0,4.5,1.0,2,0.041,0.0878,1,0
grover_c32_i2,grover,0.5,0.9,1.7876,3.6667,0.7858,0.2142,0.2182,1,4,4,1,1.0,4.5,1.0,2,0.041,0.0878,1,0
grover_c32_i2,grover,1.0,0.1,0.9473,2.7273,0.2683,0.0244,0.3196,1,4,4,1,1.0,4.5,1.0,2,0.0,0.1186,1,0
grover_c32_i2,grover,1.0,0.25,0.7145,2.1818,0.3143,0.0704,0.3051,1,4,4,1,1.0,4.5,1.0,2,0.0,0.1573,1,0
grover_c32_i2,grover,1.0,0.5,0.6257,1.2222,0.55,0.0578,0.4236,1,4,4,1,1.0,4.5,1.0,2,0.0719,0.0719,1,1
grover_c32_i2,grover,1.0,0.75,0.8073,2.4444,0.7097,0.1019,0.2809,1,4,4,1,1.0,4.5,1.0,2,0.1026,0.1026,1,1
grover_c32_i2,grover,1.0,0.9,1.0625,11.0,0.9167,0.0833,0.211,1,4,4,1,1.0,4.5,1.0,2,0.0,0.0,1,0
grover_c32_i2,grover,2.0,0.1,0.5471,5.4545,0.155,0.0889,0.4536,1,4,4,1,1.0,4.5,1.0,2,0.0,0.0,1,0
grover_c32_i2,grover,2.0,0.25,0.6742,2.1818,0.3143,0.1116,0.2928,1,4,4,1,1.0,4.5,1.0,2,0.1181,0.1181,1,1
grover_c32_i2,grover,2.0,0.5,0.5795,1.0,0.5,0.5,0.5696,1,4,4,1,1.0,4.5,1.0,2,0.0,0.0,1,0
grover_c32_i2,grover,2.0,0.75,0.8308,2.4444,0.7097,0.2903,0.4805,1,4,4,1,1.0,4.5,1.0,2,0.0431,0.0431,1,0
grover_c32_i2,grover,2.0,0.9,0.8445,9.1667,0.9016,0.0984,0.1411,1,4,4,1,1.0,4.5,1.0,2,0.0,0.0258,1,0
grover_c8_i2,grover,0.25,0.1,1.2335,1.8333,0.6471,0.3529,0.3589,1,4,4,1,1.0,4.5,1.0,2,0.0206,0.1284,1,0
grover_c8_i2,grover,0.25,0.25,1.2335,1.8333,0.6471,0.3529,0.3589,1,4,4,1,1.0,4.5,1.0,2,0.0206,0.1284,1,0
grover_c8_i2,grover,0.25,0.5,1.4302,3.6667,0.7858,0.2142,0.2216,1,4,4,1,1.0,4.5,1.0,2,0.0,0.0,1,0
grover_c8_i2,grover,0.25,0.75,1.4302,3.6667,0.7858,0.2142,0.2216,1,4,4,1,1.0,4.5,1.0,2,0.0,0.0,1,0
grover_c8_i2,grover,0.25,0.9,1.4302,3.6667,0.7858,0.2142,0.2216,1,4,4,1,1.0,4.5,1.0,2,0.0,0.0,1,0
grover_c8_i2,grover,0.5,0.1,0.7253,1.3636,0.4232,0.1639,0.4014,1,4,4,1,1.0,4.5,1.0,2,0.0873,0.0873,1,1
grover_c8_i2,grover,0.5,0.25,0.8199,1.0909,0.4783,0.219,0.3263,1,4,4,1,1.0,4.5,1.0,2,0.0913,0.0913,1,1
grover_c8_i2,grover,0.5,0.5,0.9429,1.2222,0.5501,0.0381,0.1958,1,4,4,1,1.0,4.5,1.0,2,0.1541,0.1541,1,1
grover_c8_i2,grover,0.5,0.75,1.4302,3.6667,0.7858,0.2142,0.2216,1,4,4,1,1.0,4.5,1.0,2,0.0,0.0,1,0
grover_c8_i2,grover,0.5,0.9,1.4302,3.6667,0.7858,0.2142,0.2216,1,4,4,1,1.0,4.5,1.0,2,0.0,0.0,1,0
grover_c8_i2,grover,1.0,0.1,0.4599,2.7273,0.2683,0.009,0.6204,1,4,4,1,1.0,4.5,1.0,2,0.0873,0.0873,1,1
grover_c8_i2,grover,1.0,0.25,0.5388,2.1818,0.3143,0.055,0.5554,1,4,4,1,1.0,4.5,1.0,2,0.0873,0.0873,1,1
grover_c8_i2,grover,1.0,0.5,0.5272,1.2222,0.55,0.45,0.485,1,4,4,1,1.0,4.5,1.0,2,0.0,0.0,1,0
grover_c8_i2,grover,1.0,0.75,0.6803,2.4444,0.7097,0.2903,0.3354,1,4,4,1,1.0,4.5,1.0,2,0.0,0.0,1,0
grover_c8_i2,grover,1.0,0.9,0.9342,11.0,0.9167,0.0833,0.4072,1,4,4,1,1.0,4.5,1.0,2,0.0,0.0,1,0
grover_c8_i2,grover,2.0,0.1,0.3049,5.4545,0.155,0.155,0.7178,1,4,4,1,1.0,4.5,1.0,2,0.1161,0.1161,1,1
grover_c8_i2,grover,2.0,0.25,0.3013,2.1818,0.3143,0.6857,0.7057,1,4,4,1,1.0,4.5,1.0,2,0.0,0.0,1,0
grover_c8_i2,grover,2.0,0.5,0.5649,1.0,0.5,0.5,0.6766,1,4,4,1,1.0,4.5,1.0,2,0.0359,0.0359,1,0
grover_c8_i2,grover,2.0,0.75,0.5754,2.4444,0.7097,0.2903,0.6516,1,4,4,1,1.0,4.5,1.0,2,0.0727,0.0727,1,1
grover_c8_i2,grover,2.0,0.9,0.8433,9.1667,0.9016,0.0984,0.1866,1,4,4,1,1.0,4.5,1.0,2,0.0,0.0,1,0
heterostage_l3,heterostage,0.25,0.1,2.6416,1.8333,0.6471,0.0499,0.0817,3,3,1,3,0.0,5.0,1.0,3,0.0,0.0,1,0
heterostage_l3,heterostage,0.25,0.25,2.6416,1.8333,0.6471,0.0499,0.0817,3,3,1,3,0.0,5.0,1.0,3,0.0,0.0,1,0
heterostage_l3,heterostage,0.25,0.5,3.2077,3.6667,0.7858,0.2142,0.2203,3,3,1,3,0.0,5.0,1.0,3,0.0,0.0,1,0
heterostage_l3,heterostage,0.25,0.75,3.2077,3.6667,0.7858,0.2142,0.2203,3,3,1,3,0.0,5.0,1.0,3,0.0,0.0,1,0
heterostage_l3,heterostage,0.25,0.9,3.2077,3.6667,0.7858,0.2142,0.2203,3,3,1,3,0.0,5.0,1.0,3,0.0,0.0,1,0
heterostage_l3,heterostage,0.5,0.1,2.1197,1.3636,0.4232,0.0405,0.106,3,3,1,3,0.0,5.0,1.0,3,0.0,0.0,1,0
heterostage_l3,heterostage,0.5,0.25,1.9525,1.0909,0.4783,0.2187,0.3212,3,3,1,3,0.0,5.0,1.0,3,0.0,0.0,1,0
heterostage_l3,heterostage,0.5,0.5,2.2454,1.2222,0.5501,0.1469,0.2194,3,3,1,3,0.0,5.0,1.0,3,0.0,0.0,1,0
heterostage_l3,heterostage,0.5,0.75,3.2077,3.6667,0.7858,0.2142,0.2203,3,3,1,3,0.0,5.0,1.0,3,0.0,0.0,1,0
heterostage_l3,heterostage,0.5,0.9,3.2077,3.6667,0.7858,0.2142,0.2203,3,3,1,3,0.0,5.0,1.0,3,0.0,0.0,1,0
heterostage_l3,heterostage,1.0,0.1,1.2168,2.7273,0.2683,0.1016,0.1737,3,3,1,3,0.0,5.0,1.0,3,0.0,0.0,1,0
heterostage_l3,heterostage,1.0,0.25,1.5747,2.1818,0.3143,0.0684,0.1919,3,3,1,3,0.0,5.0,1.0,3,0.0,0.0,1,0
heterostage_l3,heterostage,1.0,0.5,1.1227,1.2222,0.55,0.147,0.2437,3,3,1,3,0.0,5.0,1.0,3,0.0,0.0,1,0
heterostage_l3,heterostage,1.0,0.75,1.4486,2.4444,0.7097,0.0127,0.0992,3,3,1,3,0.0,5.0,1.0,3,0.0,0.0,1,0
heterostage_l3,heterostage,1.0,0.9,1.2474,11.0,0.9167,0.0833,0.1295,3,3,1,3,0.0,5.0,1.0,3,0.0,0.0,1,0
heterostage_l3,heterostage,2.0,0.1,0.7027,5.4545,0.155,0.0117,0.3188,3,3,1,3,0.0,5.0,1.0,3,0.0,0.0,1,0
heterostage_l3,heterostage,2.0,0.25,0.7873,2.1818,0.3143,0.0684,0.2285,3,3,1,3,0.0,5.0,1.0,3,0.0,0.0,1,0
heterostage_l3,heterostage,2.0,0.5,0.8351,1.0,0.5,0.1173,0.2768,3,3,1,3,0.0,5.0,1.0,3,0.0,0.0,1,0
heterostage_l3,heterostage,2.0,0.75,0.7243,2.4444,0.7097,0.0127,0.2904,3,3,1,3,0.0,5.0,1.0,3,0.0,0.0,1,0
heterostage_l3,heterostage,2.0,0.9,0.7362,9.1667,0.9016,0.0984,0.2787,3,3,1,3,0.0,5.0,1.0,3,0.0,0.0,1,0
heterostage_l4,heterostage,0.25,0.1,3.8824,1.8333,0.6471,0.1467,0.1902,4,4,1,4,0.0,5.25,1.0,3,0.0,0.0,1,0
heterostage_l4,heterostage,0.25,0.25,3.8824,1.8333,0.6471,0.1467,0.1902,4,4,1,4,0.0,5.25,1.0,3,0.0,0.0,1,0
heterostage_l4,heterostage,0.25,0.5,4.7143,3.6667,0.7858,0.008,0.0167,4,4,1,4,0.0,5.25,1.0,3,0.0,0.0,1,0
heterostage_l4,heterostage,0.25,0.75,4.7143,3.6667,0.7858,0.008,0.0167,4,4,1,4,0.0,5.25,1.0,3,0.0,0.0,1,0
heterostage_l4,heterostage,0.25,0.9,4.7143,3.6667,0.7858,0.008,0.0167,4,4,1,4,0.0,5.25,1.0,3,0.0,0.0,1,0
heterostage_l4,heterostage,0.5,0.1,2.5385,1.3636,0.4232,0.0531,0.1095,4,4,1,4,0.0,5.25,1.0,3,0.0,0.0,1,0
heterostage_l4,heterostage,0.5,0.25,3.3133,1.0909,0.4783,0.0753,0.143,4,4,1,4,0.0,5.25,1.0,3,0.0,0.0,1,0
heterostage_l4,heterostage,0.5,0.5,3.8103,1.2222,0.5501,0.0035,0.0171,4,4,1,4,0.0,5.25,1.0,3,0.0,0.0,1,0
heterostage_l4,heterostage,0.5,0.75,4.7143,3.6667,0.7858,0.008,0.0167,4,4,1,4,0.0,5.25,1.0,3,0.0,0.0,1,0
heterostage_l4,heterostage,0.5,0.9,4.7143,3.6667,0.7858,0.008,0.0167,4,4,1,4,0.0,5.25,1.0,3,0.0,0.0,1,0
heterostage_l4,heterostage,1.0,0.1,1.7999,2.7273,0.2683,0.0429,0.0966,4,4,1,4,0.0,5.25,1.0,3,0.0,0.0,1,0
heterostage_l4,heterostage,1.0,0.25,1.5181,2.1818,0.3143,0.0558,0.1598,4,4,1,4,0.0,5.25,1.0,3,0.0,0.0211,1,0
heterostage_l4,heterostage,1.0,0.5,1.9052,1.2222,0.55,0.0036,0.0474,4,4,1,4,0.0,5.25,1.0,3,0.0,0.0,1,0
heterostage_l4,heterostage,1.0,0.75,2.129,2.4444,0.7097,0.0841,0.1285,4,4,1,4,0.0,5.25,1.0,3,0.0,0.0,1,0
heterostage_l4,heterostage,1.0,0.9,1.8333,11.0,0.9167,0.0833,0.1152,4,4,1,4,0.0,5.25,1.0,3,0.0,0.0,1,0
heterostage_l4,heterostage,2.0,0.1,0.9296,5.4545,0.155,0.0607,0.1602,4,4,1,4,0.0,5.25,1.0,3,0.0,0.0,1,0
heterostage_l4,heterostage,2.0,0.25,0.9429,2.1818,0.3143,0.0558,0.1963,4,4,1,4,0.0,5.25,1.0,3,0.0134,0.0134,1,0
heterostage_l4,heterostage,2.0,0.5,1.1546,1.0,0.5,0.0536,0.145,4,4,1,4,0.0,5.25,1.0,3,0.0,0.0,1,0
heterostage_l4,heterostage,2.0,0.75,1.0645,2.4444,0.7097,0.0841,0.1606,4,4,1,4,0.0,5.25,1.0,3,0.0,0.0,1,0
heterostage_l4,heterostage,2.0,0.9,1.082,9.1667,0.9016,0.0984,0.1536,4,4,1,4,0.0,5.25,1.0,3,0.0,0.0,1,0
mixed_w32_c16_l1,mixed,0.25,0.1,1.1141,1.8333,0.6471,0.0499,0.2942,1,3,3,1,1.0,5.0,1.0,3,0.0,0.0,1,0
mixed_w32_c16_l1,mixed,0.25,0.25,1.1141,1.8333,0.6471,0.0499,0.2942,1,3,3,1,1.0,5.0,1.0,3,0.0,0.0,1,0
mixed_w32_c16_l1,mixed,0.25,0.5,1.4816,3.6667,0.7858,0.2142,0.2203,1,3,3,1,1.0,5.0,1.0,3,0.0,0.0,1,0
mixed_w32_c16_l1,mixed,0.25,0.75,1.4816,3.6667,0.7858,0.2142,0.2203,1,3,3,1,1.0,5.0,1.0,3,0.0,0.0,1,0
mixed_w32_c16_l1,mixed,0.25,0.9,1.4816,3.6667,0.7858,0.2142,0.2203,1,3,3,1,1.0,5.0,1.0,3,0.0,0.0,1,0
mixed_w32_c16_l1,mixed,0.5,0.1,0.8901,1.3636,0.4232,0.0405,0.2469,1,3,3,1,1.0,5.0,1.0,3,0.0,0.0,1,0
mixed_w32_c16_l1,mixed,0.5,0.25,1.0062,1.0909,0.4783,0.0956,0.1845,1,3,3,1,1.0,5.0,1.0,3,0.0,0.0,1,0
mixed_w32_c16_l1,mixed,0.5,0.5,1.2668,1.2222,0.5501,0.0795,0.1568,1,3,3,1,1.0,5.0,1.0,3,0.0,0.0,1,0
mixed_w32_c16_l1,mixed,0.5,0.75,1.4816,3.6667,0.7858,0.2142,0.2203,1,3,3,1,1.0,5.0,1.0,3,0.0,0.0,1,0
mixed_w32_c16_l1,mixed,0.5,0.9,1.4816,3.6667,0.7858,0.2142,0.2203,1,3,3,1,1.0,5.0,1.0,3,0.0,0.0,1,0
mixed_w32_c16_l1,mixed,1.0,0.1,0.7056,2.7273,0.2683,0.1067,0.3452,1,3,3,1,1.0,5.0,1.0,3,0.0,0.0,1,0
mixed_w32_c16_l1,mixed,1.0,0.25,0.8266,2.1818,0.3143,0.0607,0.2581,1,3,3,1,1.0,5.0,1.0,3,0.0,0.0,1,0
mixed_w32_c16_l1,mixed,1.0,0.5,0.6017,1.2222,0.55,0.45,0.4789,1,3,3,1,1.0,5.0,1.0,3,0.0,0.0,1,0
mixed_w32_c16_l1,mixed,1.0,0.75,0.7763,2.4444,0.7097,0.2903,0.3276,1,3,3,1,1.0,5.0,1.0,3,0.0,0.0,1,0
mixed_w32_c16_l1,mixed,1.0,0.9,0.6685,11.0,0.9167,0.0833,0.3388,1,3,3,1,1.0,5.0,1.0,3,0.0,0.0,1,0
mixed_w32_c16_l1,mixed,2.0,0.1,0.4075,5.4545,0.155,0.22,0.6016,1,3,3,1,1.0,5.0,1.0,3,0.0,0.0,1,0
mixed_w32_c16_l1,mixed,2.0,0.25,0.4041,2.1818,0.3143,0.3153,0.6063,1,3,3,1,1.0,5.0,1.0,3,0.0,0.0,1,0
mixed_w32_c16_l1,mixed,2.0,0.5,0.3646,1.0,0.5,0.5,0.6393,1,3,3,1,1.0,5.0,1.0,3,0.0,0.0,1,0
mixed_w32_c16_l1,mixed,2.0,0.75,0.5795,2.4444,0.7097,0.2903,0.4273,1,3,3,1,1.0,5.0,1.0,3,0.0,0.0,1,0
mixed_w32_c16_l1,mixed,2.0,0.9,1.211,9.1667,0.9016,0.0984,0.1483,1,3,3,1,1.0,5.0,1.0,3,0.0,0.0,1,0
mixed_w32_c16_l2,mixed,0.25,0.1,2.195,1.8333,0.6471,0.3529,0.3554,2,6,3,2,0.0,5.0,1.0,3,0.2642,0.2642,1,1
mixed_w32_c16_l2,mixed,0.25,0.25,2.195,1.8333,0.6471,0.3529,0.3554,2,6,3,2,0.0,5.0,1.0,3,0.2642,0.2642,1,1
mixed_w32_c16_l2,mixed,0.25,0.5,2.7056,3.6667,0.7858,0.2142,0.2174,2,6,3,2,0.0,5.0,1.0,3,0.0,0.1509,0,0
mixed_w32_c16_l2,mixed,0.25,0.75,2.7056,3.6667,0.7858,0.2142,0.2174,2,6,3,2,0.0,5.0,1.0,3,0.0,0.1509,0,0
mixed_w32_c16_l2,mixed,0.25,0.9,2.7056,3.6667,0.7858,0.2142,0.2174,2,6,3,2,0.0,5.0,1.0,3,0.0,0.1509,0,0
mixed_w32_c16_l2,mixed,0.5,0.1,1.417,1.3636,0.4232,0.0405,0.1539,2,6,3,2,0.0,5.0,1.0,3,0.0144,0.0144,1,0
mixed_w32_c16_l2,mixed,0.5,0.25,1.6018,1.0909,0.4783,0.0956,0.1699,2,6,3,2,0.0,5.0,1.0,3,0.1268,0.1268,1,1
mixed_w32_c16_l2,mixed,0.5,0.5,1.8658,1.2222,0.5501,0.0795,0.2219,2,6,3,2,0.0,5.0,1.0,3,0.0958,0.1485,1,1
mixed_w32_c16_l2,mixed,0.5,0.75,2.7056,3.6667,0.7858,0.2142,0.2174,2,6,3,2,0.0,5.0,1.0,3,0.0,0.1509,0,0
mixed_w32_c16_l2,mixed,0.5,0.9,2.7056,3.6667,0.7858,0.2142,0.2174,2,6,3,2,0.0,5.0,1.0,3,0.0,0.1509,0,0
mixed_w32_c16_l2,mixed,1.0,0.1,0.8899,2.7273,0.2683,0.1016,0.1973,2,6,3,2,0.0,5.0,1.0,3,0.0571,0.0571,1,1
mixed_w32_c16_l2,mixed,1.0,0.25,1.1509,2.1818,0.3143,0.0607,0.1678,2,6,3,2,0.0,5.0,1.0,3,0.0752,0.1517,1,1
mixed_w32_c16_l2,mixed,1.0,0.5,0.99,1.2222,0.55,0.0796,0.2449,2,6,3,2,0.0,5.0,1.0,3,0.0545,0.1186,1,1
mixed_w32_c16_l2,mixed,1.0,0.75,1.304,2.4444,0.7097,0.2903,0.3008,2,6,3,2,0.0,5.0,1.0,3,0.1119,0.1119,1,1
mixed_w32_c16_l2,mixed,1.0,0.9,1.1524,11.0,0.9167,0.0833,0.107,2,6,3,2,0.0,5.0,1.0,3,0.0,0.0,0,0
mixed_w32_c16_l2,mixed,2.0,0.1,0.6857,5.4545,0.155,0.0004,0.3346,2,6,3,2,0.0,5.0,1.0,3,0.0,0.0,1,0
mixed_w32_c16_l2,mixed,2.0,0.25,0.6983,2.1818,0.3143,0.0607,0.3194,2,6,3,2,0.0,5.0,1.0,3,0.0677,0.0677,1,1
mixed_w32_c16_l2,mixed,2.0,0.5,0.7678,1.0,0.5,0.1296,0.2636,2,6,3,2,0.0,5.0,1.0,3,0.0,0.0,1,0
mixed_w32_c16_l2,mixed,2.0,0.75,0.7763,2.4444,0.7097,0.2903,0.3309,2,6,3,2,0.0,5.0,1.0,3,0.0,0.0,1,0
mixed_w32_c16_l2,mixed,2.0,0.9,0.7891,9.1667,0.9016,0.0984,0.2238,2,6,3,2,0.0,5.0,1.0,3,0.0,0.0,1,0
modexp_w16_s2,modexp,0.25,0.1,1.2826,1.8333,0.6471,0.3529,0.3583,1,4,4,1,1.0,6.0,2.0,1,0.1212,0.1212,1,1
modexp_w16_s2,modexp,0.25,0.25,1.2826,1.8333,0.6471,0.3529,0.3583,1,4,4,1,1.0,6.0,2.0,1,0.1212,0.1212,1,1
modexp_w16_s2,modexp,0.25,0.5,1.5041,3.6667,0.7858,0.2142,0.2209,1,4,4,1,1.0,6.0,2.0,1,0.0744,0.0744,1,1
modexp_w16_s2,modexp,0.25,0.75,1.5041,3.6667,0.7858,0.2142,0.2209,1,4,4,1,1.0,6.0,2.0,1,0.0744,0.0744,1,1
modexp_w16_s2,modexp,0.25,0.9,1.5041,3.6667,0.7858,0.2142,0.2209,1,4,4,1,1.0,6.0,2.0,1,0.0744,0.0744,1,1
modexp_w16_s2,modexp,0.5,0.1,0.8639,1.3636,0.4232,0.0596,0.1571,1,4,4,1,1.0,6.0,2.0,1,0.0528,0.0528,1,1
modexp_w16_s2,modexp,0.5,0.25,0.9766,1.0909,0.4783,0.1147,0.2158,1,4,4,1,1.0,6.0,2.0,1,0.0532,0.1708,1,1
modexp_w16_s2,modexp,0.5,0.5,1.0902,1.2222,0.5501,0.4499,0.4546,1,4,4,1,1.0,6.0,2.0,1,0.2314,0.2314,1,1
modexp_w16_s2,modexp,0.5,0.75,1.5041,3.6667,0.7858,0.2142,0.2209,1,4,4,1,1.0,6.0,2.0,1,0.0744,0.0744,1,1
modexp_w16_s2,modexp,0.5,0.9,1.5041,3.6667,0.7858,0.2142,0.2209,1,4,4,1,1.0,6.0,2.0,1,0.0744,0.0744,1,1
modexp_w16_s2,modexp,1.0,0.1,0.7976,2.7273,0.2683,0.0953,0.4488,1,4,4,1,1.0,6.0,2.0,1,0.1012,0.1012,1,1
modexp_w16_s2,modexp,1.0,0.25,0.9344,2.1818,0.3143,0.0493,0.3569,1,4,4,1,1.0,6.0,2.0,1,0.0853,0.0853,1,1
modexp_w16_s2,modexp,1.0,0.5,0.5051,1.2222,0.55,0.45,0.5,1,4,4,1,1.0,6.0,2.0,1,0.0,0.0,1,0
modexp_w16_s2,modexp,1.0,0.75,0.6517,2.4444,0.7097,0.2903,0.3548,1,4,4,1,1.0,6.0,2.0,1,0.0,0.0,1,0
modexp_w16_s2,modexp,1.0,0.9,0.7888,11.0,0.9167,0.0833,0.4444,1,4,4,1,1.0,6.0,2.0,1,0.1212,0.1212,1,1
modexp_w16_s2,modexp,2.0,0.1,0.9087,5.4545,0.155,0.2086,0.6805,1,4,4,1,1.0,6.0,2.0,1,0.1875,0.1875,1,1
modexp_w16_s2,modexp,2.0,0.25,0.9126,2.1818,0.3143,0.0345,0.1373,1,4,4,1,1.0,6.0,2.0,1,0.0798,0.0798,1,1
modexp_w16_s2,modexp,2.0,0.5,0.6623,1.0,0.5,0.5,0.697,1,4,4,1,1.0,6.0,2.0,1,0.202,0.202,1,1
modexp_w16_s2,modexp,2.0,0.75,0.633,2.4444,0.7097,0.2903,0.3178,1,4,4,1,1.0,6.0,2.0,1,0.1713,0.1713,1,1
modexp_w16_s2,modexp,2.0,0.9,0.89,9.1667,0.9016,0.0984,0.1462,1,4,4,1,1.0,6.0,2.0,1,0.102,0.102,1,1
modexp_w32_s2,modexp,0.25,0.1,1.291,1.8333,0.6471,0.3529,0.3556,1,4,4,1,1.0,6.0,2.0,1,0.0759,0.1205,1,1
modexp_w32_s2,modexp,0.25,0.25,1.291,1.8333,0.6471,0.3529,0.3556,1,4,4,1,1.0,6.0,2.0,1,0.0759,0.1205,1,1
modexp_w32_s2,modexp,0.25,0.5,1.5066,3.6667,0.7858,0.2142,0.2175,1,4,4,1,1.0,6.0,2.0,1,0.0,0.0,1,0
modexp_w32_s2,modexp,0.25,0.75,1.5066,3.6667,0.7858,0.2142,0.2175,1,4,4,1,1.0,6.0,2.0,1,0.0,0.0,1,0
modexp_w32_s2,modexp,0.25,0.9,1.5066,3.6667,0.7858,0.2142,0.2175,1,4,4,1,1.0,6.0,2.0,1,0.0,0.0,1,0
modexp_w32_s2,modexp,0.5,0.1,0.8975,1.3636,0.4232,0.0754,0.1383,1,4,4,1,1.0,6.0,2.0,1,0.0646,0.0646,1,1
modexp_w32_s2,modexp,0.5,0.25,1.0146,1.0909,0.4783,0.1305,0.2167,1,4,4,1,1.0,6.0,2.0,1,0.1135,0.2003,1,1
modexp_w32_s2,modexp,0.5,0.5,1.1344,1.2222,0.5501,0.4499,0.4522,1,4,4,1,1.0,6.0,2.0,1,0.241,0.241,1,1
modexp_w32_s2,modexp,0.5,0.75,1.5066,3.6667,0.7858,0.2142,0.2175,1,4,4,1,1.0,6.0,2.0,1,0.0,0.0,1,0
modexp_w32_s2,modexp,0.5,0.9,1.5066,3.6667,0.7858,0.2142,0.2175,1,4,4,1,1.0,6.0,2.0,1,0.0,0.0,1,0
modexp_w32_s2,modexp,1.0,0.1,0.5691,2.7273,0.2683,0.0795,0.4227,1,4,4,1,1.0,6.0,2.0,1,0.0585,0.0585,1,1
modexp_w32_s2,modexp,1.0,0.25,0.6667,2.1818,0.3143,0.0335,0.325,1,4,4,1,1.0,6.0,2.0,1,0.0584,0.0584,1,1
modexp_w32_s2,modexp,1.0,0.5,0.5273,1.2222,0.55,0.45,0.4754,1,4,4,1,1.0,6.0,2.0,1,0.0,0.0,1,0
modexp_w32_s2,modexp,1.0,0.75,0.6804,2.4444,0.7097,0.2903,0.323,1,4,4,1,1.0,6.0,2.0,1,0.0,0.0,1,0
modexp_w32_s2,modexp,1.0,0.9,0.8608,11.0,0.9167,0.0833,0.4171,1,4,4,1,1.0,6.0,2.0,1,0.0846,0.0846,1,1
modexp_w32_s2,modexp,2.0,0.1,1.9038,5.4545,0.155,0.1928,0.6659,1,4,4,1,1.0,6.0,2.0,1,0.1822,0.1934,1,1
modexp_w32_s2,modexp,2.0,0.25,0.7679,2.1818,0.3143,0.0264,0.0968,1,4,4,1,1.0,6.0,2.0,1,0.0447,0.0447,1,0
modexp_w32_s2,modexp,2.0,0.5,1.2018,1.0,0.5,0.5,0.6821,1,4,4,1,1.0,6.0,2.0,1,0.0923,0.0923,1,1
modexp_w32_s2,modexp,2.0,0.75,0.7309,2.4444,0.7097,0.2903,0.3037,1,4,4,1,1.0,6.0,2.0,1,0.2038,0.2038,1,1
modexp_w32_s2,modexp,2.0,0.9,0.7428,9.1667,0.9016,0.0984,0.12,1,4,4,1,1.0,6.0,2.0,1,0.0633,0.0633,1,1
modexp_w64_s2,modexp,0.25,0.1,1.3174,1.8333,0.6471,0.3529,0.3543,1,4,4,1,1.0,6.0,2.0,1,0.0317,0.0317,1,0
modexp_w64_s2,modexp,0.25,0.25,1.3174,1.8333,0.6471,0.3529,0.3543,1,4,4,1,1.0,6.0,2.0,1,0.0317,0.0317,1,0
modexp_w64_s2,modexp,0.25,0.5,1.5389,3.6667,0.7858,0.2142,0.2159,1,4,4,1,1.0,6.0,2.0,1,0.0,0.0,0,0
modexp_w64_s2,modexp,0.25,0.75,1.5389,3.6667,0.7858,0.2142,0.2159,1,4,4,1,1.0,6.0,2.0,1,0.0,0.0,0,0
modexp_w64_s2,modexp,0.25,0.9,1.5389,3.6667,0.7858,0.2142,0.2159,1,4,4,1,1.0,6.0,2.0,1,0.0,0.0,0,0
modexp_w64_s2,modexp,0.5,0.1,0.9142,1.3636,0.4232,0.0828,0.137,1,4,4,1,1.0,6.0,2.0,1,0.0778,0.0778,1,1
modexp_w64_s2,modexp,0.5,0.25,1.0056,1.0909,0.4783,0.1379,0.217,1,4,4,1,1.0,6.0,2.0,1,0.1393,0.1705,1,1
modexp_w64_s2,modexp,0.5,0.5,1.1565,1.2222,0.5501,0.4499,0.4511,1,4,4,1,1.0,6.0,2.0,1,0.1901,0.1901,1,1
modexp_w64_s2,modexp,0.5,0.75,1.5389,3.6667,0.7858,0.2142,0.2159,1,4,4,1,1.0,6.0,2.0,1,0.0,0.0,0,0
modexp_w64_s2,modexp,0.5,0.9,1.5389,3.6667,0.7858,0.2142,0.2159,1,4,4,1,1.0,6.0,2.0,1,0.0,0.0,0,0
modexp_w64_s2,modexp,1.0,0.1,0.5797,2.7273,0.2683,0.0721,0.4095,1,4,4,1,1.0,6.0,2.0,1,0.0605,0.0605,1,1
modexp_w64_s2,modexp,1.0,0.25,0.6791,2.1818,0.3143,0.0261,0.309,1,4,4,1,1.0,6.0,2.0,1,0.0604,0.0604,1,1
modexp_w64_s2,modexp,1.0,0.5,0.5386,1.2222,0.55,0.45,0.4628,1,4,4,1,1.0,6.0,2.0,1,0.0,0.0,1,0
modexp_w64_s2,modexp,1.0,0.75,0.695,2.4444,0.7097,0.2903,0.3068,1,4,4,1,1.0,6.0,2.0,1,0.0,0.0,1,0
modexp_w64_s2,modexp,1.0,0.9,0.8995,11.0,0.9167,0.0833,0.4031,1,4,4,1,1.0,6.0,2.0,1,0.0013,0.0013,0,0
modexp_w64_s2,modexp,2.0,0.1,2.3081,5.4545,0.155,0.1854,0.6587,1,4,4,1,1.0,6.0,2.0,1,0.0585,0.0889,1,1
modexp_w64_s2,modexp,2.0,0.25,1.2552,2.1818,0.3143,0.0226,0.0768,1,4,4,1,1.0,6.0,2.0,1,0.0118,0.0118,1,0
modexp_w64_s2,modexp,2.0,0.5,0.4906,1.0,0.5,0.5,0.6744,1,4,4,1,1.0,6.0,2.0,1,0.0013,0.0013,1,0
modexp_w64_s2,modexp,2.0,0.75,0.7879,2.4444,0.7097,0.2903,0.2969,1,4,4,1,1.0,6.0,2.0,1,0.1004,0.1004,1,1
modexp_w64_s2,modexp,2.0,0.9,2.2171,9.1667,0.9016,0.0984,0.1087,1,4,4,1,1.0,6.0,2.0,1,0.0,0.0,1,0
multiplier_w16_r4,multiplier,0.25,0.1,1.8025,1.8333,0.6471,0.3529,0.3601,2,3,2,2,0.5,6.0,2.0,1,0.0,0.1538,1,0
multiplier_w16_r4,multiplier,0.25,0.25,1.8025,1.8333,0.6471,0.3529,0.3601,2,3,2,2,0.5,6.0,2.0,1,0.0,0.1538,1,0
multiplier_w16_r4,multiplier,0.25,0.5,2.1647,3.6667,0.7858,0.2142,0.223,2,3,2,2,0.5,6.0,2.0,1,0.0,0.0,1,0
multiplier_w16_r4,multiplier,0.25,0.75,2.1647,3.6667,0.7858,0.2142,0.223,2,3,2,2,0.5,6.0,2.0,1,0.0,0.0,1,0
multiplier_w16_r4,multiplier,0.25,0.9,2.1647,3.6667,0.7858,0.2142,0.223,2,3,2,2,0.5,6.0,2.0,1,0.0,0.0,1,0
multiplier_w16_r4,multiplier,0.5,0.1,1.3372,1.3636,0.4232,0.0596,0.1665,2,3,2,2,0.5,6.0,2.0,1,0.0156,0.0597,1,0
multiplier_w16_r4,multiplier,0.5,0.25,1.3437,1.0909,0.4783,0.1147,0.227,2,3,2,2,0.5,6.0,2.0,1,0.0933,0.1673,1,1
multiplier_w16_r4,multiplier,0.5,0.5,1.5452,1.2222,0.5501,0.4499,0.4561,2,3,2,2,0.5,6.0,2.0,1,0.0,0.2015,1,0
multiplier_w16_r4,multiplier,0.5,0.75,2.1647,3.6667,0.7858,0.2142,0.223,2,3,2,2,0.5,6.0,2.0,1,0.0,0.0,1,0
multiplier_w16_r4,multiplier,0.5,0.9,2.1647,3.6667,0.7858,0.2142,0.223,2,3,2,2,0.5,6.0,2.0,1,0.0,0.0,1,0
multiplier_w16_r4,multiplier,1.0,0.1,0.7595,2.7273,0.2683,0.0953,0.3442,2,3,2,2,0.5,6.0,2.0,1,0.0127,0.037,1,0
multiplier_w16_r4,multiplier,1.0,0.25,0.8897,2.1818,0.3143,0.0493,0.2318,2,3,2,2,0.5,6.0,2.0,1,0.0247,0.0247,1,0
multiplier_w16_r4,multiplier,1.0,0.5,0.7661,1.2222,0.55,0.45,0.4879,2,3,2,2,0.5,6.0,2.0,1,0.131,0.131,1,1
multiplier_w16_r4,multiplier,1.0,0.75,0.9776,2.4444,0.7097,0.2903,0.3392,2,3,2,2,0.5,6.0,2.0,1,0.0,0.0,1,0
multiplier_w16_r4,multiplier,1.0,0.9,0.8418,11.0,0.9167,0.0833,0.2888,2,3,2,2,0.5,6.0,2.0,1,0.0,0.0,1,0
multiplier_w16_r4,multiplier,2.0,0.1,0.8704,5.4545,0.155,0.2086,0.6213,2,3,2,2,0.5,6.0,2.0,1,0.0,0.2716,1,0
multiplier_w16_r4,multiplier,2.0,0.25,0.8726,2.1818,0.3143,0.0493,0.5285,2,3,2,2,0.5,6.0,2.0,1,0.1017,0.197,1,1
multiplier_w16_r4,multiplier,2.0,0.5,0.8295,1.0,0.5,0.5,0.6121,2,3,2,2,0.5,6.0,2.0,1,0.0571,0.1466,1,1
multiplier_w16_r4,multiplier,2.0,0.75,0.7984,2.4444,0.7097,0.2903,0.5257,2,3,2,2,0.5,6.0,2.0,1,0.0,0.0594,1,0
multiplier_w16_r4,multiplier,2.0,0.9,0.8626,9.1667,0.9016,0.0984,0.5179,2,3,2,2,0.5,6.0,2.0,1,0.0,0.2079,1,0
multiplier_w32_r4,multiplier,0.25,0.1,1.8718,1.8333,0.6471,0.3529,0.3565,2,3,2,2,0.5,6.0,2.0,1,0.0,0.1604,1,0
multiplier_w32_r4,multiplier,0.25,0.25,1.8718,1.8333,0.6471,0.3529,0.3565,2,3,2,2,0.5,6.0,2.0,1,0.0,0.1604,1,0
multiplier_w32_r4,multiplier,0.25,0.5,2.2599,3.6667,0.7858,0.2142,0.2186,2,3,2,2,0.5,6.0,2.0,1,0.0,0.0,1,0
multiplier_w32_r4,multiplier,0.25,0.75,2.2599,3.6667,0.7858,0.2142,0.2186,2,3,2,2,0.5,6.0,2.0,1,0.0,0.0,1,0
multiplier_w32_r4,multiplier,0.25,0.9,2.2599,3.6667,0.7858,0.2142,0.2186,2,3,2,2,0.5,6.0,2.0,1,0.0,0.0,1,0
multiplier_w32_r4,multiplier,0.5,0.1,1.2296,1.3636,0.4232,0.0754,0.1456,2,3,2,2,0.5,6.0,2.0,1,0.0,0.0707,1,0
multiplier_w32_r4,multiplier,0.5,0.25,1.3896,1.0909,0.4783,0.1305,0.222,2,3,2,2,0.5,6.0,2.0,1,0.0824,0.1906,1,1
multiplier_w32_r4,multiplier,0.5,0.5,1.598,1.2222,0.5501,0.4499,0.453,2,3,2,2,0.5,6.0,2.0,1,0.0,0.1925,1,0
multiplier_w32_r4,multiplier,0.5,0.75,2.2599,3.6667,0.7858,0.2142,0.2186,2,3,2,2,0.5,6.0,2.0,1,0.0,0.0,1,0
multiplier_w32_r4,multiplier,0.5,0.9,2.2599,3.6667,0.7858,0.2142,0.2186,2,3,2,2,0.5,6.0,2.0,1,0.0,0.0,1,0
multiplier_w32_r4,multiplier,1.0,0.1,0.874,2.7273,0.2683,0.0795,0.3101,2,3,2,2,0.5,6.0,2.0,1,0.0311,0.0311,1,0
multiplier_w32_r4,multiplier,1.0,0.25,0.9165,2.1818,0.3143,0.0335,0.1919,2,3,2,2,0.5,6.0,2.0,1,0.0186,0.0186,1,0
multiplier_w32_r4,multiplier,1.0,0.5,0.7955,1.2222,0.55,0.45,0.469,2,3,2,2,0.5,6.0,2.0,1,0.1488,0.1488,1,1
multiplier_w32_r4,multiplier,1.0,0.75,1.0206,2.4444,0.7097,0.2903,0.3148,2,3,2,2,0.5,6.0,2.0,1,0.0,0.0,1,0
multiplier_w32_r4,multiplier,1.0,0.9,0.8789,11.0,0.9167,0.0833,0.2522,2,3,2,2,0.5,6.0,2.0,1,0.0,0.0,1,0
multiplier_w32_r4,multiplier,2.0,0.1,0.9702,5.4545,0.155,0.1928,0.6016,2,3,2,2,0.5,6.0,2.0,1,0.0,0.3075,1,0
multiplier_w32_r4,multiplier,2.0,0.25,0.9916,2.1818,0.3143,0.0335,0.4995,2,3,2,2,0.5,6.0,2.0,1,0.1261,0.2269,1,1
multiplier_w32_r4,multiplier,2.0,0.5,0.9329,1.0,0.5,0.5,0.5921,2,3,2,2,0.5,6.0,2.0,1,0.1106,0.1184,1,1
multiplier_w32_r4,multiplier,2.0,0.75,0.8958,2.4444,0.7097,0.2903,0.4975,2,3,2,2,0.5,6.0,2.0,1,0.0,0.066,1,0
multiplier_w32_r4,multiplier,2.0,0.9,0.9931,9.1667,0.9016,0.0984,0.4892,2,3,2,2,0.5,6.0,2.0,1,0.0,0.2132,1,0
multiplier_w32_r8,multiplier,0.25,0.1,2.8979,1.8333,0.6471,0.3529,0.3545,4,7,3,4,0.3333333333333333,6.0,2.0,1,0.1586,0.1586,0,1
multiplier_w32_r8,multiplier,0.25,0.25,2.8979,1.8333,0.6471,0.3529,0.3545,4,7,3,4,0.3333333333333333,6.0,2.0,1,0.1586,0.1586,0,1
multiplier_w32_r8,multiplier,0.25,0.5,3.4072,3.6667,0.7858,0.2142,0.2162,4,7,3,4,0.3333333333333333,6.0,2.0,1,0.0,0.069,0,0
multiplier_w32_r8,multiplier,0.25,0.75,3.4072,3.6667,0.7858,0.2142,0.2162,4,7,3,4,0.3333333333333333,6.0,2.0,1,0.0,0.069,0,0
multiplier_w32_r8,multiplier,0.25,0.9,3.4072,3.6667,0.7858,0.2142,0.2162,4,7,3,4,0.3333333333333333,6.0,2.0,1,0.0,0.069,0,0
multiplier_w32_r8,multiplier,0.5,0.1,2.0454,1.3636,0.4232,0.0754,0.1286,4,7,3,4,0.3333333333333333,6.0,2.0,1,0.0,0.1311,0,0
multiplier_w32_r8,multiplier,0.5,0.25,2.0358,1.0909,0.4783,0.1305,0.2096,4,7,3,4,0.3333333333333333,6.0,2.0,1,0.2472,0.2472,0,1
multiplier_w32_r8,multiplier,0.5,0.5,2.2213,1.2222,0.5501,0.4499,0.4513,4,7,3,4,0.3333333333333333,6.0,2.0,1,0.2463,0.2567,0,1
multiplier_w32_r8,multiplier,0.5,0.75,3.4072,3.6667,0.7858,0.2142,0.2162,4,7,3,4,0.3333333333333333,6.0,2.0,1,0.0,0.069,0,0
multiplier_w32_r8,multiplier,0.5,0.9,3.4072,3.6667,0.7858,0.2142,0.2162,4,7,3,4,0.3333333333333333,6.0,2.0,1,0.0,0.069,0,0
multiplier_w32_r8,multiplier,1.0,0.1,1.3174,2.7273,0.2683,0.0795,0.2659,4,7,3,4,0.3333333333333333,6.0,2.0,1,0.136,0.136,0,1
multiplier_w32_r8,multiplier,1.0,0.25,1.3772,2.1818,0.3143,0.0335,0.14,4,7,3,4,0.3333333333333333,6.0,2.0,1,0.0255,0.0255,0,0
multiplier_w32_r8,multiplier,1.0,0.5,1.133,1.2222,0.55,0.45,0.4583,4,7,3,4,0.3333333333333333,6.0,2.0,1,0.2076,0.2088,0,1
multiplier_w32_r8,multiplier,1.0,0.75,1.4982,2.4444,0.7097,0.2903,0.301,4,7,3,4,0.3333333333333333,6.0,2.0,1,0.1335,0.1362,0,1
multiplier_w32_r8,multiplier,1.0,0.9,1.3671,11.0,0.9167,0.0833,0.1642,4,7,3,4,0.3333333333333333,6.0,2.0,1,0.0,0.0,0,0
multiplier_w32_r8,multiplier,2.0,0.1,1.0977,5.4545,0.155,0.155,0.3321,4,7,3,4,0.3333333333333333,6.0,2.0,1,0.1569,0.2881,0,1
multiplier_w32_r8,multiplier,2.0,0.25,1.042,2.1818,0.3143,0.0335,0.3283,4,7,3,4,0.3333333333333333,6.0,2.0,1,0.0758,0.1372,0,1
multiplier_w32_r8,multiplier,2.0,0.5,1.055,1.0,0.5,0.5,0.5441,4,7,3,4,0.3333333333333333,6.0,2.0,1,0.187,0.187,0,1
multiplier_w32_r8,multiplier,2.0,0.75,1.0133,2.4444,0.7097,0.2903,0.4031,4,7,3,4,0.3333333333333333,6.0,2.0,1,0.0466,0.1008,0,0
multiplier_w32_r8,multiplier,2.0,0.9,1.1569,9.1667,0.9016,0.0984,0.3291,4,7,3,4,0.3333333333333333,6.0,2.0,1,0.0,0.1314,0,0
multiplier_w64_r4,multiplier,0.25,0.1,1.9065,1.8333,0.6471,0.3529,0.3547,2,3,2,2,0.5,6.0,2.0,1,0.0,0.1636,1,0
multiplier_w64_r4,multiplier,0.25,0.25,1.9065,1.8333,0.6471,0.3529,0.3547,2,3,2,2,0.5,6.0,2.0,1,0.0,0.1636,1,0
multiplier_w64_r4,multiplier,0.25,0.5,2.3083,3.6667,0.7858,0.2142,0.2165,2,3,2,2,0.5,6.0,2.0,1,0.0,0.0,1,0
multiplier_w64_r4,multiplier,0.25,0.75,2.3083,3.6667,0.7858,0.2142,0.2165,2,3,2,2,0.5,6.0,2.0,1,0.0,0.0,1,0
multiplier_w64_r4,multiplier,0.25,0.9,2.3083,3.6667,0.7858,0.2142,0.2165,2,3,2,2,0.5,6.0,2.0,1,0.0,0.0,1,0
multiplier_w64_r4,multiplier,0.5,0.1,1.2494,1.3636,0.4232,0.0828,0.1407,2,3,2,2,0.5,6.0,2.0,1,0.0,0.0888,1,0
multiplier_w64_r4,multiplier,0.5,0.25,1.4123,1.0909,0.4783,0.1379,0.2197,2,3,2,2,0.5,6.0,2.0,1,0.0647,0.1909,1,1
multiplier_w64_r4,multiplier,0.5,0.5,1.6241,1.2222,0.5501,0.4499,0.4515,2,3,2,2,0.5,6.0,2.0,1,0.0,0.1891,1,0
multiplier_w64_r4,multiplier,0.5,0.75,2.3083,3.6667,0.7858,0.2142,0.2165,2,3,2,2,0.5,6.0,2.0,1,0.0,0.0,1,0
multiplier_w64_r4,multiplier,0.5,0.9,2.3083,3.6667,0.7858,0.2142,0.2165,2,3,2,2,0.5,6.0,2.0,1,0.0,0.0,1,0
multiplier_w64_r4,multiplier,1.0,0.1,0.8898,2.7273,0.2683,0.0721,0.293,2,3,2,2,0.5,6.0,2.0,1,0.0358,0.0358,1,0
multiplier_w64_r4,multiplier,1.0,0.25,0.9297,2.1818,0.3143,0.0261,0.1718,2,3,2,2,0.5,6.0,2.0,1,0.0093,0.0093,1,0
multiplier_w64_r4,multiplier,1.0,0.5,0.8103,1.2222,0.55,0.45,0.4595,2,3,2,2,0.5,6.0,2.0,1,0.1577,0.1577,1,1
multiplier_w64_r4,multiplier,1.0,0.75,1.0425,2.4444,0.7097,0.2903,0.3026,2,3,2,2,0.5,6.0,2.0,1,0.0,0.0,1,0
multiplier_w64_r4,multiplier,1.0,0.9,0.8977,11.0,0.9167,0.0833,0.2334,2,3,2,2,0.5,6.0,2.0,1,0.0,0.0,1,0
multiplier_w64_r4,multiplier,2.0,0.1,1.0253,5.4545,0.155,0.1854,0.5917,2,3,2,2,0.5,6.0,2.0,1,0.0,0.1916,1,0
multiplier_w64_r4,multiplier,2.0,0.25,1.0586,2.1818,0.3143,0.0261,0.4847,2,3,2,2,0.5,6.0,2.0,1,0.0837,0.1938,1,1
multiplier_w64_r4,multiplier,2.0,0.5,0.4896,1.0,0.5,0.5,0.5819,2,3,2,2,0.5,6.0,2.0,1,0.0,0.0,1,0
multiplier_w64_r4,multiplier,2.0,0.75,1.0519,2.4444,0.7097,0.2903,0.4828,2,3,2,2,0.5,6.0,2.0,1,0.0129,0.0129,1,0
multiplier_w64_r4,multiplier,2.0,0.9,1.0692,9.1667,0.9016,0.0984,0.4743,2,3,2,2,0.5,6.0,2.0,1,0.0,0.1902,1,0
oracle_bank_c16_l2,oracle_bank,0.25,0.1,2.377,1.8333,0.6471,0.3529,0.3636,2,2,1,2,0.0,4.0,2.0,1,0.0,0.0,1,0
oracle_bank_c16_l2,oracle_bank,0.25,0.25,2.377,1.8333,0.6471,0.3529,0.3636,2,2,1,2,0.0,4.0,2.0,1,0.0,0.0,1,0
oracle_bank_c16_l2,oracle_bank,0.25,0.5,2.8863,3.6667,0.7858,0.2142,0.2273,2,2,1,2,0.0,4.0,2.0,1,0.0,0.0,1,0
oracle_bank_c16_l2,oracle_bank,0.25,0.75,2.8863,3.6667,0.7858,0.2142,0.2273,2,2,1,2,0.0,4.0,2.0,1,0.0,0.0,1,0
oracle_bank_c16_l2,oracle_bank,0.25,0.9,2.8863,3.6667,0.7858,0.2142,0.2273,2,2,1,2,0.0,4.0,2.0,1,0.0,0.0,1,0
oracle_bank_c16_l2,oracle_bank,0.5,0.1,1.446,1.3636,0.4232,0.5768,0.5839,2,2,1,2,0.0,4.0,2.0,1,0.0,0.2186,1,0
oracle_bank_c16_l2,oracle_bank,0.5,0.25,1.6346,1.0909,0.4783,0.5217,0.5296,2,2,1,2,0.0,4.0,2.0,1,0.0,0.0383,1,0
oracle_bank_c16_l2,oracle_bank,0.5,0.5,2.0204,1.2222,0.5501,0.4499,0.4591,2,2,1,2,0.0,4.0,2.0,1,0.0,0.0,1,0
oracle_bank_c16_l2,oracle_bank,0.5,0.75,2.8863,3.6667,0.7858,0.2142,0.2273,2,2,1,2,0.0,4.0,2.0,1,0.0,0.0,1,0
oracle_bank_c16_l2,oracle_bank,0.5,0.9,2.8863,3.6667,0.7858,0.2142,0.2273,2,2,1,2,0.0,4.0,2.0,1,0.0,0.0,1,0
oracle_bank_c16_l2,oracle_bank,1.0,0.1,0.9169,2.7273,0.2683,0.2683,0.3293,2,2,1,2,0.0,4.0,2.0,1,0.0,0.3542,1,0
oracle_bank_c16_l2,oracle_bank,1.0,0.25,1.0741,2.1818,0.3143,0.3143,0.3608,2,2,1,2,0.0,4.0,2.0,1,0.0,0.4633,1,0
oracle_bank_c16_l2,oracle_bank,1.0,0.5,1.0102,1.2222,0.55,0.45,0.4844,2,2,1,2,0.0,4.0,2.0,1,0.0,0.0,1,0
oracle_bank_c16_l2,oracle_bank,1.0,0.75,1.3035,2.4444,0.7097,0.2903,0.3346,2,2,1,2,0.0,4.0,2.0,1,0.0,0.0,1,0
oracle_bank_c16_l2,oracle_bank,1.0,0.9,1.1224,11.0,0.9167,0.0833,0.1791,2,2,1,2,0.0,4.0,2.0,1,0.0,0.0,1,0
oracle_bank_c16_l2,oracle_bank,2.0,0.1,1.992,5.4545,0.155,0.155,0.3115,2,2,1,2,0.0,4.0,2.0,1,0.0,0.0,1,0
oracle_bank_c16_l2,oracle_bank,2.0,0.25,0.8659,2.1818,0.3143,0.3143,0.4045,2,2,1,2,0.0,4.0,2.0,1,0.0,0.3895,1,0
oracle_bank_c16_l2,oracle_bank,2.0,0.5,0.6122,1.0,0.5,0.5,0.5522,2,2,1,2,0.0,4.0,2.0,1,0.0,0.0,1,0
oracle_bank_c16_l2,oracle_bank,2.0,0.75,0.6517,2.4444,0.7097,0.2903,0.3859,2,2,1,2,0.0,4.0,2.0,1,0.0,0.0,1,0
oracle_bank_c16_l2,oracle_bank,2.0,0.9,1.623,9.1667,0.9016,0.0984,0.2787,2,2,1,2,0.0,4.0,2.0,1,0.0,0.0,1,0
oracle_bank_c16_l4,oracle_bank,0.25,0.1,3.6858,1.8333,0.6471,0.3529,0.3583,4,4,1,4,0.0,4.0,2.0,1,0.0,0.0689,1,0
oracle_bank_c16_l4,oracle_bank,0.25,0.25,3.6858,1.8333,0.6471,0.3529,0.3583,4,4,1,4,0.0,4.0,2.0,1,0.0,0.0689,1,0
oracle_bank_c16_l4,oracle_bank,0.25,0.5,5.7726,3.6667,0.7858,0.2142,0.2209,4,4,1,4,0.0,4.0,2.0,1,0.0,0.0,1,0
oracle_bank_c16_l4,oracle_bank,0.25,0.75,5.7726,3.6667,0.7858,0.2142,0.2209,4,4,1,4,0.0,4.0,2.0,1,0.0,0.0,1,0
oracle_bank_c16_l4,oracle_bank,0.25,0.9,5.7726,3.6667,0.7858,0.2142,0.2209,4,4,1,4,0.0,4.0,2.0,1,0.0,0.0,1,0
oracle_bank_c16_l4,oracle_bank,0.5,0.1,2.4099,1.3636,0.4232,0.5768,0.5804,4,4,1,4,0.0,4.0,2.0,1,0.0,0.2479,1,0
oracle_bank_c16_l4,oracle_bank,0.5,0.25,2.7243,1.0909,0.4783,0.5217,0.5257,4,4,1,4,0.0,4.0,2.0,1,0.0,0.2479,1,0
oracle_bank_c16_l4,oracle_bank,0.5,0.5,3.1329,1.2222,0.5501,0.4499,0.4546,4,4,1,4,0.0,4.0,2.0,1,0.0,0.2479,1,0
oracle_bank_c16_l4,oracle_bank,0.5,0.75,5.7726,3.6667,0.7858,0.2142,0.2209,4,4,1,4,0.0,4.0,2.0,1,0.0,0.0,1,0
oracle_bank_c16_l4,oracle_bank,0.5,0.9,5.7726,3.6667,0.7858,0.2142,0.2209,4,4,1,4,0.0,4.0,2.0,1,0.0,0.0,1,0
oracle_bank_c16_l4,oracle_bank,1.0,0.1,1.8339,2.7273,0.2683,0.2683,0.3001,4,4,1,4,0.0,4.0,2.0,1,0.0,0.337,1,0
oracle_bank_c16_l4,oracle_bank,1.0,0.25,2.1483,2.1818,0.3143,0.3143,0.3384,4,4,1,4,0.0,4.0,2.0,1,0.0,0.4649,1,0
oracle_bank_c16_l4,oracle_bank,1.0,0.5,1.5665,1.2222,0.55,0.45,0.4677,4,4,1,4,0.0,4.0,2.0,1,0.0,0.2419,1,0
oracle_bank_c16_l4,oracle_bank,1.0,0.75,2.607,2.4444,0.7097,0.2903,0.3131,4,4,1,4,0.0,4.0,2.0,1,0.0,0.0,1,0
oracle_bank_c16_l4,oracle_bank,1.0,0.9,2.2449,11.0,0.9167,0.0833,0.1339,4,4,1,4,0.0,4.0,2.0,1,0.0,0.0,1,0
oracle_bank_c16_l4,oracle_bank,2.0,0.1,1.2355,5.4545,0.155,0.155,0.2307,4,4,1,4,0.0,4.0,2.0,1,0.0,0.2276,1,0
oracle_bank_c16_l4,oracle_bank,2.0,0.25,1.0741,2.1818,0.3143,0.3143,0.3643,4,4,1,4,0.0,4.0,2.0,1,0.0,0.4607,1,0
oracle_bank_c16_l4,oracle_bank,2.0,0.5,0.9494,1.0,0.5,0.5,0.5276,4,4,1,4,0.0,4.0,2.0,1,0.0,0.2362,1,0
oracle_bank_c16_l4,oracle_bank,2.0,0.75,1.3035,2.4444,0.7097,0.2903,0.3416,4,4,1,4,0.0,4.0,2.0,1,0.0,0.0,1,0
oracle_bank_c16_l4,oracle_bank,2.0,0.9,1.3249,9.1667,0.9016,0.0984,0.1782,4,4,1,4,0.0,4.0,2.0,1,0.0,0.0,1,0
phase_est_w32_r1,phase_estimation,0.25,0.1,2.1878,1.8333,0.6471,0.3529,0.3562,2,4,2,2,0.0,5.5,1.0,2,0.1951,0.1951,1,1
phase_est_w32_r1,phase_estimation,0.25,0.25,2.1878,1.8333,0.6471,0.3529,0.3562,2,4,2,2,0.0,5.5,1.0,2,0.1951,0.1951,1,1
phase_est_w32_r1,phase_estimation,0.25,0.5,2.6567,3.6667,0.7858,0.2142,0.2182,2,4,2,2,0.0,5.5,1.0,2,0.0,0.1951,1,0
phase_est_w32_r1,phase_estimation,0.25,0.75,2.6567,3.6667,0.7858,0.2142,0.2182,2,4,2,2,0.0,5.5,1.0,2,0.0,0.1951,1,0
phase_est_w32_r1,phase_estimation,0.25,0.9,2.6567,3.6667,0.7858,0.2142,0.2182,2,4,2,2,0.0,5.5,1.0,2,0.0,0.1951,1,0
phase_est_w32_r1,phase_estimation,0.5,0.1,1.588,1.3636,0.4232,0.1223,0.2297,2,4,2,2,0.0,5.5,1.0,2,0.0243,0.1678,1,0
phase_est_w32_r1,phase_estimation,0.5,0.25,1.5912,1.0909,0.4783,0.0672,0.1293,2,4,2,2,0.0,5.5,1.0,2,0.069,0.069,1,1
phase_est_w32_r1,phase_estimation,0.5,0.5,1.8299,1.2222,0.5501,0.0046,0.1575,2,4,2,2,0.0,5.5,1.0,2,0.2166,0.2166,1,1
phase_est_w32_r1,phase_estimation,0.5,0.75,2.6567,3.6667,0.7858,0.2142,0.2182,2,4,2,2,0.0,5.5,1.0,2,0.0,0.1951,1,0
phase_est_w32_r1,phase_estimation,0.5,0.9,2.6567,3.6667,0.7858,0.2142,0.2182,2,4,2,2,0.0,5.5,1.0,2,0.0,0.1951,1,0
phase_est_w32_r1,phase_estimation,1.0,0.1,0.8811,2.7273,0.2683,0.0259,0.2384,2,4,2,2,0.0,5.5,1.0,2,0.0,0.0215,1,0
phase_est_w32_r1,phase_estimation,1.0,0.25,1.1797,2.1818,0.3143,0.0719,0.1297,2,4,2,2,0.0,5.5,1.0,2,0.0,0.0,1,0
phase_est_w32_r1,phase_estimation,1.0,0.5,0.9149,1.2222,0.55,0.0578,0.4115,2,4,2,2,0.0,5.5,1.0,2,0.1853,0.1853,1,1
phase_est_w32_r1,phase_estimation,1.0,0.75,1.1998,2.4444,0.7097,0.2903,0.3039,2,4,2,2,0.0,5.5,1.0,2,0.0,0.1154,1,0
phase_est_w32_r1,phase_estimation,1.0,0.9,1.1615,11.0,0.9167,0.0833,0.1137,2,4,2,2,0.0,5.5,1.0,2,0.0,0.0,1,0
phase_est_w32_r1,phase_estimation,2.0,0.1,0.6836,5.4545,0.155,0.0889,0.3727,2,4,2,2,0.0,5.5,1.0,2,0.0,0.0,1,0
phase_est_w32_r1,phase_estimation,2.0,0.25,0.5898,2.1818,0.3143,0.0719,0.4264,2,4,2,2,0.0,5.5,1.0,2,0.0,0.0,1,0
phase_est_w32_r1,phase_estimation,2.0,0.5,0.6126,1.0,0.5,0.0455,0.34,2,4,2,2,0.0,5.5,1.0,2,0.02,0.02,1,0
phase_est_w32_r1,phase_estimation,2.0,0.75,0.6744,2.4444,0.7097,0.2903,0.338,2,4,2,2,0.0,5.5,1.0,2,0.0,0.0,1,0
phase_est_w32_r1,phase_estimation,2.0,0.9,0.6855,9.1667,0.9016,0.0984,0.327,2,4,2,2,0.0,5.5,1.0,2,0.0,0.0,1,0
qft_q4_b10,qft,0.25,0.1,2.0081,1.8333,0.6471,0.3529,0.3557,3,6,3,3,0.3333333333333333,5.0,1.0,1,0.0,0.2932,1,0
qft_q4_b10,qft,0.25,0.25,2.0081,1.8333,0.6471,0.3529,0.3557,3,6,3,3,0.3333333333333333,5.0,1.0,1,0.0,0.2932,1,0
qft_q4_b10,qft,0.25,0.5,2.6685,3.6667,0.7858,0.2142,0.2177,3,6,3,3,0.3333333333333333,5.0,1.0,1,0.0,0.1494,0,0
qft_q4_b10,qft,0.25,0.75,2.6685,3.6667,0.7858,0.2142,0.2177,3,6,3,3,0.3333333333333333,5.0,1.0,1,0.0,0.1494,0,0
qft_q4_b10,qft,0.25,0.9,2.6685,3.6667,0.7858,0.2142,0.2177,3,6,3,3,0.3333333333333333,5.0,1.0,1,0.0,0.1494,0,0
qft_q4_b10,qft,0.5,0.1,1.2088,1.3636,0.4232,0.4232,0.4338,3,6,3,3,0.3333333333333333,5.0,1.0,1,0.0,0.3271,1,0
qft_q4_b10,qft,0.5,0.25,1.4843,1.0909,0.4783,0.4783,0.4861,3,6,3,3,0.3333333333333333,5.0,1.0,1,0.1022,0.397,1,1
qft_q4_b10,qft,0.5,0.5,1.5714,1.2222,0.5501,0.4499,0.4523,3,6,3,3,0.3333333333333333,5.0,1.0,1,0.0704,0.379,1,1
qft_q4_b10,qft,0.5,0.75,2.6685,3.6667,0.7858,0.2142,0.2177,3,6,3,3,0.3333333333333333,5.0,1.0,1,0.0,0.1494,0,0
qft_q4_b10,qft,0.5,0.9,2.6685,3.6667,0.7858,0.2142,0.2177,3,6,3,3,0.3333333333333333,5.0,1.0,1,0.0,0.1494,0,0
qft_q4_b10,qft,1.0,0.1,0.8326,2.7273,0.2683,0.2683,0.3868,3,6,3,3,0.3333333333333333,5.0,1.0,1,0.0814,0.1397,1,1
qft_q4_b10,qft,1.0,0.25,0.9754,2.1818,0.3143,0.3143,0.3885,3,6,3,3,0.3333333333333333,5.0,1.0,1,0.0895,0.2027,1,1
qft_q4_b10,qft,1.0,0.5,0.8534,1.2222,0.55,0.45,0.4649,3,6,3,3,0.3333333333333333,5.0,1.0,1,0.0,0.2595,1,0
qft_q4_b10,qft,1.0,0.75,1.2051,2.4444,0.7097,0.2903,0.3094,3,6,3,3,0.3333333333333333,5.0,1.0,1,0.0606,0.1622,1,1
qft_q4_b10,qft,1.0,0.9,1.1458,11.0,0.9167,0.0833,0.1882,3,6,3,3,0.3333333333333333,5.0,1.0,1,0.0,0.0,0,0
qft_q4_b10,qft,2.0,0.1,0.4808,5.4545,0.155,0.155,0.571,3,6,3,3,0.3333333333333333,5.0,1.0,1,0.0,0.0769,1,0
qft_q4_b10,qft,2.0,0.25,0.5337,2.1818,0.3143,0.3143,0.5681,3,6,3,3,0.3333333333333333,5.0,1.0,1,0.0,0.1527,1,0
qft_q4_b10,qft,2.0,0.5,0.73,1.0,0.5,0.5,0.5572,3,6,3,3,0.3333333333333333,5.0,1.0,1,0.1544,0.1919,1,1
qft_q4_b10,qft,2.0,0.75,0.7771,2.4444,0.7097,0.2903,0.4323,3,6,3,3,0.3333333333333333,5.0,1.0,1,0.08,0.08,1,1
qft_q4_b10,qft,2.0,0.9,0.8776,9.1667,0.9016,0.0984,0.3727,3,6,3,3,0.3333333333333333,5.0,1.0,1,0.0,0.058,0,0
qft_q5_b10,qft,0.25,0.1,2.4572,1.8333,0.6471,0.3529,0.3546,4,10,4,4,0.25,5.0,1.0,1,0.0,0.2993,0,0
qft_q5_b10,qft,0.25,0.25,2.4572,1.8333,0.6471,0.3529,0.3546,4,10,4,4,0.25,5.0,1.0,1,0.0,0.2993,0,0
qft_q5_b10,qft,0.25,0.5,3.1853,3.6667,0.7858,0.2142,0.2164,4,10,4,4,0.25,5.0,1.0,1,0.0,0.1247,0,0
qft_q5_b10,qft,0.25,0.75,3.1853,3.6667,0.7858,0.2142,0.2164,4,10,4,4,0.25,5.0,1.0,1,0.0,0.1247,0,0
qft_q5_b10,qft,0.25,0.9,3.1853,3.6667,0.7858,0.2142,0.2164,4,10,4,4,0.25,5.0,1.0,1,0.0,0.1247,0,0
qft_q5_b10,qft,0.5,0.1,1.511,1.3636,0.4232,0.4232,0.4296,4,10,4,4,0.25,5.0,1.0,1,0.0,0.3629,0,0
qft_q5_b10,qft,0.5,0.25,1.8162,1.0909,0.4783,0.4783,0.483,4,10,4,4,0.25,5.0,1.0,1,0.0687,0.4378,0,1
qft_q5_b10,qft,0.5,0.5,2.0886,1.2222,0.5501,0.4499,0.4514,4,10,4,4,0.25,5.0,1.0,1,0.0,0.399,0,0
qft_q5_b10,qft,0.5,0.75,3.1853,3.6667,0.7858,0.2142,0.2164,4,10,4,4,0.25,5.0,1.0,1,0.0,0.1247,0,0
qft_q5_b10,qft,0.5,0.9,3.1853,3.6667,0.7858,0.2142,0.2164,4,10,4,4,0.25,5.0,1.0,1,0.0,0.1247,0,0
qft_q5_b10,qft,1.0,0.1,1.0188,2.7273,0.2683,0.2683,0.3443,4,10,4,4,0.25,5.0,1.0,1,0.1253,0.2037,0,1
qft_q5_b10,qft,1.0,0.25,1.1224,2.1818,0.3143,0.3143,0.3608,4,10,4,4,0.25,5.0,1.0,1,0.0,0.2305,0,0
qft_q5_b10,qft,1.0,0.5,1.0443,1.2222,0.55,0.45,0.459,4,10,4,4,0.25,5.0,1.0,1,0.0,0.3541,0,0
qft_q5_b10,qft,1.0,0.75,1.4385,2.4444,0.7097,0.2903,0.3019,4,10,4,4,0.25,5.0,1.0,1,0.0448,0.1967,0,0
qft_q5_b10,qft,1.0,0.9,1.4323,11.0,0.9167,0.0833,0.1493,4,10,4,4,0.25,5.0,1.0,1,0.0,0.0,0,0
qft_q5_b10,qft,2.0,0.1,0.5883,5.4545,0.155,0.155,0.4719,4,10,4,4,0.25,5.0,1.0,1,0.0568,0.0568,0,1
qft_q5_b10,qft,2.0,0.25,0.6371,2.1818,0.3143,0.3143,0.4958,4,10,4,4,0.25,5.0,1.0,1,0.0838,0.1818,0,1
qft_q5_b10,qft,2.0,0.5,0.7958,1.0,0.5,0.5,0.536,4,10,4,4,0.25,5.0,1.0,1,0.1308,0.3063,0,1
qft_q5_b10,qft,2.0,0.75,0.8471,2.4444,0.7097,0.2903,0.3829,4,10,4,4,0.25,5.0,1.0,1,0.0571,0.1391,0,1
qft_q5_b10,qft,2.0,0.9,1.0021,9.1667,0.9016,0.0984,0.2858,4,10,4,4,0.25,5.0,1.0,1,0.0,0.0396,0,0
trotter_t2_l2_b10,trotter,0.25,0.1,2.0986,1.8333,0.6471,0.3529,0.357,2,4,2,2,0.0,5.0,1.0,1,0.0,0.2484,1,0
trotter_t2_l2_b10,trotter,0.25,0.25,2.0986,1.8333,0.6471,0.3529,0.357,2,4,2,2,0.0,5.0,1.0,1,0.0,0.2484,1,0
trotter_t2_l2_b10,trotter,0.25,0.5,2.5483,3.6667,0.7858,0.2142,0.2193,2,4,2,2,0.0,5.0,1.0,1,0.0,0.0849,1,0
trotter_t2_l2_b10,trotter,0.25,0.75,2.5483,3.6667,0.7858,0.2142,0.2193,2,4,2,2,0.0,5.0,1.0,1,0.0,0.0849,1,0
trotter_t2_l2_b10,trotter,0.25,0.9,2.5483,3.6667,0.7858,0.2142,0.2193,2,4,2,2,0.0,5.0,1.0,1,0.0,0.0849,1,0
trotter_t2_l2_b10,trotter,0.5,0.1,1.2088,1.3636,0.4232,0.4232,0.439,2,4,2,2,0.0,5.0,1.0,1,0.0,0.3287,1,0
trotter_t2_l2_b10,trotter,0.5,0.25,1.3665,1.0909,0.4783,0.4783,0.4899,2,4,2,2,0.0,5.0,1.0,1,0.0,0.46,1,0
trotter_t2_l2_b10,trotter,0.5,0.5,1.5714,1.2222,0.5501,0.4499,0.4535,2,4,2,2,0.0,5.0,1.0,1,0.0,0.3747,1,0
trotter_t2_l2_b10,trotter,0.5,0.75,2.5483,3.6667,0.7858,0.2142,0.2193,2,4,2,2,0.0,5.0,1.0,1,0.0,0.0849,1,0
trotter_t2_l2_b10,trotter,0.5,0.9,2.5483,3.6667,0.7858,0.2142,0.2193,2,4,2,2,0.0,5.0,1.0,1,0.0,0.0849,1,0
trotter_t2_l2_b10,trotter,1.0,0.1,0.7666,2.7273,0.2683,0.2683,0.3114,2,4,2,2,0.0,5.0,1.0,1,0.0214,0.0214,1,0
trotter_t2_l2_b10,trotter,1.0,0.25,0.898,2.1818,0.3143,0.3143,0.347,2,4,2,2,0.0,5.0,1.0,1,0.0097,0.1126,1,0
trotter_t2_l2_b10,trotter,1.0,0.5,0.7857,1.2222,0.55,0.45,0.4634,2,4,2,2,0.0,5.0,1.0,1,0.0,0.2886,1,0
trotter_t2_l2_b10,trotter,1.0,0.75,1.1508,2.4444,0.7097,0.2903,0.3076,2,4,2,2,0.0,5.0,1.0,1,0.0455,0.1463,1,0
trotter_t2_l2_b10,trotter,1.0,0.9,1.1458,11.0,0.9167,0.0833,0.1217,2,4,2,2,0.0,5.0,1.0,1,0.0,0.0,1,0
trotter_t2_l2_b10,trotter,2.0,0.1,0.4427,5.4545,0.155,0.155,0.5751,2,4,2,2,0.0,5.0,1.0,1,0.0,0.0,1,0
trotter_t2_l2_b10,trotter,2.0,0.25,0.5097,2.1818,0.3143,0.3143,0.569,2,4,2,2,0.0,5.0,1.0,1,0.1143,0.1143,1,1
trotter_t2_l2_b10,trotter,2.0,0.5,0.5405,1.0,0.5,0.5,0.521,2,4,2,2,0.0,5.0,1.0,1,0.0719,0.0719,1,1
trotter_t2_l2_b10,trotter,2.0,0.75,0.6653,2.4444,0.7097,0.2903,0.35,2,4,2,2,0.0,5.0,1.0,1,0.0,0.0,1,0
trotter_t2_l2_b10,trotter,2.0,0.9,0.6762,9.1667,0.9016,0.0984,0.3392,2,4,2,2,0.0,5.0,1.0,1,0.0,0.0,1,0
trotter_t3_l2_b10,trotter,0.25,0.1,2.7731,1.8333,0.6471,0.3529,0.3557,3,6,2,3,0.0,5.0,1.0,1,0.0,0.332,1,0
trotter_t3_l2_b10,trotter,0.25,0.25,2.7731,1.8333,0.6471,0.3529,0.3557,3,6,2,3,0.0,5.0,1.0,1,0.0,0.332,1,0
trotter_t3_l2_b10,trotter,0.25,0.5,3.8224,3.6667,0.7858,0.2142,0.2177,3,6,2,3,0.0,5.0,1.0,1,0.0195,0.166,1,0
trotter_t3_l2_b10,trotter,0.25,0.75,3.8224,3.6667,0.7858,0.2142,0.2177,3,6,2,3,0.0,5.0,1.0,1,0.0195,0.166,1,0
trotter_t3_l2_b10,trotter,0.25,0.9,3.8224,3.6667,0.7858,0.2142,0.2177,3,6,2,3,0.0,5.0,1.0,1,0.0195,0.166,1,0
trotter_t3_l2_b10,trotter,0.5,0.1,1.8132,1.3636,0.4232,0.4232,0.4338,3,6,2,3,0.0,5.0,1.0,1,0.0,0.3271,1,0
trotter_t3_l2_b10,trotter,0.5,0.25,2.0497,1.0909,0.4783,0.4783,0.4861,3,6,2,3,0.0,5.0,1.0,1,0.1933,0.4582,1,1
trotter_t3_l2_b10,trotter,0.5,0.5,2.3571,1.2222,0.5501,0.4499,0.4523,3,6,2,3,0.0,5.0,1.0,1,0.0704,0.379,1,1
trotter_t3_l2_b10,trotter,0.5,0.75,3.8224,3.6667,0.7858,0.2142,0.2177,3,6,2,3,0.0,5.0,1.0,1,0.0195,0.166,1,0
trotter_t3_l2_b10,trotter,0.5,0.9,3.8224,3.6667,0.7858,0.2142,0.2177,3,6,2,3,0.0,5.0,1.0,1,0.0195,0.166,1,0
trotter_t3_l2_b10,trotter,1.0,0.1,1.1498,2.7273,0.2683,0.2683,0.2976,3,6,2,3,0.0,5.0,1.0,1,0.0,0.16,1,0
trotter_t3_l2_b10,trotter,1.0,0.25,1.3469,2.1818,0.3143,0.3143,0.3365,3,6,2,3,0.0,5.0,1.0,1,0.0,0.2874,1,0
trotter_t3_l2_b10,trotter,1.0,0.5,1.1786,1.2222,0.55,0.45,0.459,3,6,2,3,0.0,5.0,1.0,1,0.061,0.3689,1,1
trotter_t3_l2_b10,trotter,1.0,0.75,1.5207,2.4444,0.7097,0.2903,0.3019,3,6,2,3,0.0,5.0,1.0,1,0.0,0.1749,1,0
trotter_t3_l2_b10,trotter,1.0,0.9,1.7188,11.0,0.9167,0.0833,0.1093,3,6,2,3,0.0,5.0,1.0,1,0.0,0.0,1,0
trotter_t3_l2_b10,trotter,2.0,0.1,0.664,5.4545,0.155,0.155,0.3662,3,6,2,3,0.0,5.0,1.0,1,0.0,0.0,1,0
trotter_t3_l2_b10,trotter,2.0,0.25,0.6735,2.1818,0.3143,0.3143,0.3643,3,6,2,3,0.0,5.0,1.0,1,0.0,0.0169,1,0
trotter_t3_l2_b10,trotter,2.0,0.5,0.8108,1.0,0.5,0.5,0.5142,3,6,2,3,0.0,5.0,1.0,1,0.0457,0.3239,1,0
trotter_t3_l2_b10,trotter,2.0,0.75,0.8631,2.4444,0.7097,0.2903,0.3169,3,6,2,3,0.0,5.0,1.0,1,0.0,0.1604,1,0
trotter_t3_l2_b10,trotter,2.0,0.9,1.0143,9.1667,0.9016,0.0984,0.1401,3,6,2,3,0.0,5.0,1.0,1,0.0,0.0,1,0
trotter_t4_l2_b10,trotter,0.25,0.1,3.6975,1.8333,0.6471,0.3529,0.355,4,8,2,4,0.0,5.0,1.0,1,0.0775,0.3074,0,1
trotter_t4_l2_b10,trotter,0.25,0.25,3.6975,1.8333,0.6471,0.3529,0.355,4,8,2,4,0.0,5.0,1.0,1,0.0775,0.3074,0,1
trotter_t4_l2_b10,trotter,0.25,0.5,5.0965,3.6667,0.7858,0.2142,0.2168,4,8,2,4,0.0,5.0,1.0,1,0.0,0.1246,0,0
trotter_t4_l2_b10,trotter,0.25,0.75,5.0965,3.6667,0.7858,0.2142,0.2168,4,8,2,4,0.0,5.0,1.0,1,0.0,0.1246,0,0
trotter_t4_l2_b10,trotter,0.25,0.9,5.0965,3.6667,0.7858,0.2142,0.2168,4,8,2,4,0.0,5.0,1.0,1,0.0,0.1246,0,0
trotter_t4_l2_b10,trotter,0.5,0.1,2.4176,1.3636,0.4232,0.4232,0.4312,4,8,2,4,0.0,5.0,1.0,1,0.0683,0.3697,0,1
trotter_t4_l2_b10,trotter,0.5,0.25,2.7329,1.0909,0.4783,0.4783,0.4841,4,8,2,4,0.0,5.0,1.0,1,0.0,0.4573,0,0
trotter_t4_l2_b10,trotter,0.5,0.5,3.1429,1.2222,0.5501,0.4499,0.4517,4,8,2,4,0.0,5.0,1.0,1,0.0,0.3811,0,0
trotter_t4_l2_b10,trotter,0.5,0.75,5.0965,3.6667,0.7858,0.2142,0.2168,4,8,2,4,0.0,5.0,1.0,1,0.0,0.1246,0,0
trotter_t4_l2_b10,trotter,0.5,0.9,5.0965,3.6667,0.7858,0.2142,0.2168,4,8,2,4,0.0,5.0,1.0,1,0.0,0.1246,0,0
trotter_t4_l2_b10,trotter,1.0,0.1,1.5331,2.7273,0.2683,0.2683,0.2905,4,8,2,4,0.0,5.0,1.0,1,0.0,0.2424,0,0
trotter_t4_l2_b10,trotter,1.0,0.25,1.7959,2.1818,0.3143,0.3143,0.3311,4,8,2,4,0.0,5.0,1.0,1,0.0,0.2439,0,0
trotter_t4_l2_b10,trotter,1.0,0.5,1.5714,1.2222,0.55,0.45,0.4568,4,8,2,4,0.0,5.0,1.0,1,0.0,0.3745,0,0
trotter_t4_l2_b10,trotter,1.0,0.75,2.0276,2.4444,0.7097,0.2903,0.299,4,8,2,4,0.0,5.0,1.0,1,0.0,0.2469,0,0
trotter_t4_l2_b10,trotter,1.0,0.9,2.2917,11.0,0.9167,0.0833,0.1029,4,8,2,4,0.0,5.0,1.0,1,0.0,0.0,0,0
trotter_t4_l2_b10,trotter,2.0,0.1,0.8853,5.4545,0.155,0.155,0.2089,4,8,2,4,0.0,5.0,1.0,1,0.0213,0.0213,0,0
trotter_t4_l2_b10,trotter,2.0,0.25,0.898,2.1818,0.3143,0.3143,0.3497,4,8,2,4,0.0,5.0,1.0,1,0.0,0.2328,0,0
trotter_t4_l2_b10,trotter,2.0,0.5,0.9524,1.0,0.5,0.5,0.5107,4,8,2,4,0.0,5.0,1.0,1,0.0,0.4618,0,0
trotter_t4_l2_b10,trotter,2.0,0.75,1.0138,2.4444,0.7097,0.2903,0.3105,4,8,2,4,0.0,5.0,1.0,1,0.0,0.2429,0,0
trotter_t4_l2_b10,trotter,2.0,0.9,1.3525,9.1667,0.9016,0.0984,0.13,4,8,2,4,0.0,5.0,1.0,1,0.0,0.0,0,0
