program,source,cliffords,gates,decision_sites,stages,max_stage_width,model,capacity_or_tiles,ccz_share,t_rate,ccz_rate,supply_pressure,makespan_uniform_min_teq,makespan_min_weighted_count,makespan_uniform_oracle,makespan_two_term_descent,makespan_local_sim_greedy,makespan_share_aware_greedy,makespan_proportional_split,makespan_sim_descent,makespan_stage_dp_r5,seconds_stage_dp_r5,makespan_stage_dp_sim,seconds_stage_dp_sim,seconds_sim_descent,makespan_reference,reference_exhaustive,reference_heterogeneity,reference_ccz_fraction,best_simple,makespan_best_simple,headroom_over_best_simple,headroom_over_uniform,regret_stage_dp_r5,regret_stage_dp_sim,regret_sim_descent,regret_best_simple
qmpa_add32,qmpa,dropped,193,32,32,1,A,0.5,0.25,0.3636,0.1667,0.4978,227,227,227,227,227,227,395,215,226,0.282,221,0.704,0.307,215,0,0.0625,0.9375,uniform_min_teq,227,0.0529,0.0529,1.0512,1.0279,1.0,1.0558
qmpa_add32,qmpa,dropped,193,32,32,1,A,0.5,0.75,0.0909,0.1667,0.8178,227,227,227,227,227,227,227,224,222,0.266,234,0.715,0.327,221,0,0.0625,0.9375,uniform_min_teq,227,0.0264,0.0264,1.0045,1.0588,1.0136,1.0271
qmpa_add32,qmpa,dropped,193,32,32,1,A,2.0,0.25,1.4545,0.3333,0.1571,196,265,196,196,196,196,265,196,196,0.298,196,1.178,0.188,196,0,0.0,1.0,uniform_min_teq,196,0.0,0.0,1.0,1.0,1.0,1.0
qmpa_add32,qmpa,dropped,193,32,32,1,A,2.0,0.75,0.5455,0.6667,0.1774,196,196,196,196,196,196,196,196,196,0.298,196,0.961,0.207,196,0,0.0,1.0,uniform_min_teq,196,0.0,0.0,1.0,1.0,1.0,1.0
qmpa_add32,qmpa,dropped,193,32,32,1,C,400,0.25,1.8182,0.1667,0.1673,230,266,230,230,230,230,266,207,234,0.375,228,8.919,0.87,207,0,0.125,0.875,uniform_min_teq,230,0.1,0.1,1.1304,1.1014,1.0,1.1111
qmpa_add32,qmpa,dropped,193,32,32,1,C,400,0.5,1.2727,0.3333,0.1719,199,199,199,199,199,199,265,199,203,0.415,219,3.332,0.482,199,0,0.0,1.0,uniform_min_teq,199,0.0,0.0,1.0201,1.1005,1.0,1.0
qmpa_add32,qmpa,dropped,193,32,32,1,C,400,0.75,0.7273,0.5,0.193,200,200,200,200,200,200,200,200,204,0.265,206,3.928,0.376,200,0,0.0,1.0,uniform_min_teq,200,0.0,0.0,1.02,1.03,1.0,1.0
qmpa_div6,qmpa,dropped,95,18,13,2,A,0.5,0.25,0.3636,0.1667,0.7253,123,123,123,114,123,123,221,96,117,0.15,111,0.376,0.1,96,0,0.2778,0.7222,two_term_descent,114,0.1579,0.2195,1.2188,1.1562,1.0,1.1875
qmpa_div6,qmpa,dropped,95,18,13,2,A,0.5,0.75,0.0909,0.1667,1.0837,123,123,123,164,123,123,123,112,117,0.148,125,0.396,0.108,112,0,0.1111,0.8889,uniform_min_teq,123,0.0894,0.0894,1.0446,1.1161,1.0,1.0982
qmpa_div6,qmpa,dropped,95,18,13,2,A,2.0,0.25,1.4545,0.3333,0.2045,87,118,87,87,87,87,118,87,89,0.152,96,0.607,0.073,87,0,0.0,1.0,uniform_min_teq,87,0.0,0.0,1.023,1.1034,1.0,1.0
qmpa_div6,qmpa,dropped,95,18,13,2,A,2.0,0.75,0.5455,0.6667,0.2309,87,87,87,87,87,87,87,87,87,0.15,87,0.529,0.07,87,0,0.0,1.0,uniform_min_teq,87,0.0,0.0,1.0,1.0,1.0,1.0
qmpa_div6,qmpa,dropped,95,18,13,2,C,400,0.25,1.8182,0.1667,0.2402,126,119,119,108,126,126,119,100,109,0.183,107,4.359,0.424,98,0,0.2778,0.7222,two_term_descent,108,0.0926,0.1765,1.1122,1.0918,1.0204,1.102
qmpa_div6,qmpa,dropped,95,18,13,2,C,400,0.5,1.2727,0.3333,0.2236,90,90,90,90,90,90,118,90,98,0.208,96,1.523,0.208,90,0,0.0,1.0,uniform_min_teq,90,0.0,0.0,1.0889,1.0667,1.0,1.0
qmpa_div6,qmpa,dropped,95,18,13,2,C,400,0.75,0.7273,0.5,0.2511,91,91,91,91,91,91,91,91,95,0.176,97,2.061,0.169,91,0,0.0,1.0,uniform_min_teq,91,0.0,0.0,1.044,1.0659,1.0,1.0
qmpa_mul6,qmpa,dropped,420,93,63,2,A,0.5,0.25,0.3636,0.1667,0.8064,574,574,574,561,574,574,1047,454,532,1.004,514,2.766,2.56,454,0,0.2903,0.7097,two_term_descent,561,0.1907,0.2091,1.1718,1.1322,1.0,1.2357
qmpa_mul6,qmpa,dropped,420,93,63,2,A,0.5,0.75,0.0909,0.1667,1.2054,574,574,574,840,574,574,574,531,538,1.015,550,2.792,2.774,531,0,0.086,0.914,uniform_min_teq,574,0.0749,0.0749,1.0132,1.0358,1.0,1.081
qmpa_mul6,qmpa,dropped,420,93,63,2,A,2.0,0.25,1.4545,0.3333,0.2302,392,518,392,392,392,392,518,389,406,0.971,401,3.87,2.101,389,0,0.0108,0.9892,uniform_min_teq,392,0.0077,0.0077,1.0437,1.0308,1.0,1.0077
qmpa_mul6,qmpa,dropped,420,93,63,2,A,2.0,0.75,0.5455,0.6667,0.2585,387,387,387,387,387,387,387,387,387,0.985,394,3.417,1.498,387,0,0.0,1.0,uniform_min_teq,387,0.0,0.0,1.0,1.0181,1.0,1.0
qmpa_mul6,qmpa,dropped,420,93,63,2,C,400,0.25,1.8182,0.1667,0.264,577,519,519,434,577,577,519,427,463,1.315,467,32.064,3.859,427,0,0.2796,0.7204,two_term_descent,434,0.0161,0.1773,1.0843,1.0937,1.0,1.0164
qmpa_mul6,qmpa,dropped,420,93,63,2,C,400,0.5,1.2727,0.3333,0.2518,395,395,395,395,395,395,518,392,414,1.16,422,26.14,3.11,392,0,0.0108,0.9892,uniform_min_teq,395,0.0076,0.0076,1.0561,1.0765,1.0,1.0077
qmpa_mul6,qmpa,dropped,420,93,63,2,C,400,0.75,0.7273,0.5,0.2812,391,391,391,391,391,391,391,391,395,0.845,405,17.819,2.444,391,0,0.0,1.0,uniform_min_teq,391,0.0,0.0,1.0102,1.0358,1.0,1.0
qt_cadd8,qualtran,dropped,69,15,15,1,A,0.5,0.25,0.3636,0.1667,0.4991,108,108,108,108,108,108,191,107,107,0.104,107,0.246,0.093,102,0,0.0667,0.9333,uniform_min_teq,108,0.0556,0.0556,1.049,1.049,1.049,1.0588
qt_cadd8,qualtran,dropped,69,15,15,1,A,0.5,0.75,0.0909,0.1667,0.8199,108,108,108,108,108,108,108,107,103,0.101,132,0.244,0.105,103,0,0.0667,0.9333,uniform_min_teq,108,0.0463,0.0463,1.0,1.2816,1.0388,1.0485
qt_cadd8,qualtran,dropped,69,15,15,1,A,2.0,0.25,1.4545,0.3333,0.1571,94,129,94,94,94,94,129,94,94,0.106,94,0.429,0.062,94,0,0.0,1.0,uniform_min_teq,94,0.0,0.0,1.0,1.0,1.0,1.0
qt_cadd8,qualtran,dropped,69,15,15,1,A,2.0,0.75,0.5455,0.6667,0.1774,94,94,94,94,94,94,94,94,94,0.101,94,0.342,0.06,94,0,0.0,1.0,uniform_min_teq,94,0.0,0.0,1.0,1.0,1.0,1.0
qt_cadd8,qualtran,dropped,69,15,15,1,C,400,0.25,1.8182,0.1667,0.1681,111,130,111,111,111,111,130,101,116,0.139,112,2.412,0.351,101,0,0.1333,0.8667,uniform_min_teq,111,0.0901,0.0901,1.1485,1.1089,1.0,1.099
qt_cadd8,qualtran,dropped,69,15,15,1,C,400,0.5,1.2727,0.3333,0.1719,97,97,97,97,97,97,129,97,101,0.139,107,0.852,0.172,97,0,0.0,1.0,uniform_min_teq,97,0.0,0.0,1.0412,1.1031,1.0,1.0
qt_cadd8,qualtran,dropped,69,15,15,1,C,400,0.75,0.7273,0.5,0.193,98,98,98,98,98,98,98,98,102,0.129,106,0.98,0.148,98,0,0.0,1.0,uniform_min_teq,98,0.0,0.0,1.0408,1.0816,1.0,1.0
qt_gt8,qualtran,dropped,183,15,7,4,A,0.5,0.25,0.3636,0.1667,1.1853,100,100,100,98,100,100,183,77,82,0.115,82,0.317,0.093,77,0,0.2667,0.7333,two_term_descent,98,0.2143,0.23,1.0649,1.0649,1.0,1.2727
qt_gt8,qualtran,dropped,183,15,7,4,A,0.5,0.75,0.0909,0.1667,1.7143,100,100,100,94,100,100,100,94,94,0.118,94,0.34,0.104,94,0,0.0667,0.9333,two_term_descent,94,0.0,0.06,1.0,1.0,1.0,1.0
qt_gt8,qualtran,dropped,183,15,7,4,A,2.0,0.25,1.4545,0.3333,0.3929,64,77,64,58,64,64,77,55,59,0.119,59,0.426,0.082,55,0,0.3333,0.6667,two_term_descent,58,0.0517,0.1406,1.0727,1.0727,1.0,1.0545
qt_gt8,qualtran,dropped,183,15,7,4,A,2.0,0.75,0.5455,0.6667,0.3802,51,51,51,51,51,51,51,51,51,0.11,56,0.367,0.057,51,0,0.0,1.0,uniform_min_teq,51,0.0,0.0,1.0,1.098,1.0,1.0
qt_gt8,qualtran,dropped,183,15,7,4,C,400,0.25,1.8182,0.1667,0.4261,103,74,74,64,103,103,74,61,66,0.158,69,3.524,0.271,61,0,0.4667,0.5333,two_term_descent,64,0.0469,0.1757,1.082,1.1311,1.0,1.0492
qt_gt8,qualtran,dropped,183,15,7,4,C,400,0.5,1.2727,0.3333,0.426,65,65,65,60,65,65,79,57,63,0.154,64,2.711,0.285,57,0,0.2667,0.7333,two_term_descent,60,0.05,0.1231,1.1053,1.1228,1.0,1.0526
qt_gt8,qualtran,dropped,183,15,7,4,C,400,0.75,0.7273,0.5,0.4211,60,60,60,60,60,60,60,57,63,0.145,65,2.024,0.183,57,0,0.0667,0.9333,uniform_min_teq,60,0.05,0.05,1.1053,1.1404,1.0,1.0526
qt_modadd8,qualtran,dropped,279,31,31,1,A,0.5,0.25,0.3636,0.1667,0.4884,197,197,197,197,197,197,360,193,197,0.263,203,0.66,0.529,193,0,0.0323,0.9677,uniform_min_teq,197,0.0203,0.0203,1.0207,1.0518,1.0,1.0207
qt_modadd8,qualtran,dropped,279,31,31,1,A,0.5,0.75,0.0909,0.1667,0.7857,197,197,197,197,197,197,197,197,197,0.254,228,0.642,0.332,197,0,0.0,1.0,uniform_min_teq,197,0.0,0.0,1.0,1.1574,1.0,1.0
qt_modadd8,qualtran,dropped,279,31,31,1,A,2.0,0.25,1.4545,0.3333,0.1571,190,257,190,190,190,190,257,190,190,0.322,190,1.107,0.336,190,0,0.0,1.0,uniform_min_teq,190,0.0,0.0,1.0,1.0,1.0,1.0
qt_modadd8,qualtran,dropped,279,31,31,1,A,2.0,0.75,0.5455,0.6667,0.1774,190,190,190,190,190,190,190,190,190,0.27,190,0.897,0.347,190,0,0.0,1.0,uniform_min_teq,190,0.0,0.0,1.0,1.0,1.0,1.0
qt_modadd8,qualtran,dropped,279,31,31,1,C,400,0.25,1.8182,0.1667,0.1582,200,258,200,200,200,200,258,195,228,0.379,222,8.465,1.083,195,0,0.0323,0.9677,uniform_min_teq,200,0.025,0.025,1.1692,1.1385,1.0,1.0256
qt_modadd8,qualtran,dropped,279,31,31,1,C,400,0.5,1.2727,0.3333,0.1719,193,193,193,193,193,193,257,193,197,0.35,211,3.115,0.619,193,0,0.0,1.0,uniform_min_teq,193,0.0,0.0,1.0207,1.0933,1.0,1.0
qt_modadd8,qualtran,dropped,279,31,31,1,C,400,0.75,0.7273,0.5,0.193,194,194,194,194,194,194,194,194,198,0.272,204,3.877,0.527,194,0,0.0,1.0,uniform_min_teq,194,0.0,0.0,1.0206,1.0515,1.0,1.0
