C_budget,B_budget,policy,match_rate_to_budget_oracle,mean_regret,median_regret,p95_regret,infeasibility_rate,mean_regret_nontrivial
0,0,always_capacity_aware,0.5274725274725275,0.07521558102347944,0.0,0.3561643835616439,0.0,0.194898569645395
0,0,always_increase_B,0.9821428571428571,0.0016369638904528403,0.0,0.0,0.07486263736263732,0.0031532055268267433
0,0,always_increase_C,0.9821428571428571,0.0016369638904528403,0.0,0.0,0.08997252747252749,0.0031532055268267433
0,0,always_smooth,0.9821428571428571,0.0016369638904528403,0.0,0.0,0.0,0.0031532055268267433
0,0,oracle_resource_aware,1.0,0.0,0.0,0.0,0.0,0.0
0,0,random,0.8619505494505495,0.0263508635265544,0.0,0.16216216216216206,0.024038461538461564,0.07177543263091213
0,0,regime_aware,0.9821428571428571,0.0016369638904528403,0.0,0.0,0.07898351648351654,0.0031532055268267433
0,4,always_capacity_aware,0.5274725274725275,0.07559787331703133,0.0,0.36363636363636354,0.0,0.19604387330673567
0,4,always_increase_B,0.9821428571428571,0.0016369638904528403,0.0,0.0,0.06868131868131866,0.0031532055268267433
0,4,always_increase_C,0.9759615384615384,0.002019256184004737,0.0,0.0,0.08997252747252749,0.004298509188167404
0,4,always_smooth,0.9759615384615384,0.002019256184004737,0.0,0.0,0.0,0.004298509188167404
0,4,oracle_resource_aware,1.0,0.0,0.0,0.0,0.0,0.0
0,4,random,0.8722527472527473,0.0248944523971383,0.0,0.13698630136986312,0.020604395604395642,0.06929991572335666
0,4,regime_aware,0.9773351648351648,0.0019212440770640586,0.0,0.0,0.07760989010989006,0.00400487620934924
0,8,always_capacity_aware,0.5274725274725275,0.07701567537075728,0.0,0.36363636363636354,0.0,0.20029144489156073
0,8,always_increase_B,0.9821428571428571,0.0016369638904528403,0.0,0.0,0.055631868131868156,0.0031532055268267433
0,8,always_increase_C,0.9629120879120879,0.0034370582377306748,0.0,0.0,0.08997252747252749,0.008546080772992437
0,8,always_smooth,0.9629120879120879,0.0034370582377306748,0.0,0.0,0.0,0.008546080772992437
0,8,oracle_resource_aware,1.0,0.0,0.0,0.0,0.0,0.0
0,8,random,0.8440934065934066,0.027508957652970012,0.0,0.1713157894736843,0.02197802197802201,0.07296440148884499
0,8,regime_aware,0.9663461538461539,0.0031780237258766143,0.0,0.0,0.0755494505494505,0.007770043223075745
0,16,always_capacity_aware,0.5260989010989011,0.0802984094386476,0.0,0.368421052631579,0.0,0.2101261379015367
0,16,always_increase_B,0.9842032967032966,0.001624156938403728,0.0,0.0,0.03434065934065933,0.003114837374185781
0,16,always_increase_C,0.9436813186813187,0.006719792305621011,0.0,0.024047619047618873,0.08997252747252749,0.018380773782968422
0,16,always_smooth,0.9436813186813187,0.006719792305621011,0.0,0.024047619047618873,0.0,0.018380773782968422
0,16,oracle_resource_aware,1.0,0.0,0.0,0.0,0.0,0.0
0,16,random,0.8537087912087912,0.025781228662288595,0.0,0.1499999999999999,0.02953296703296704,0.07212171169086999
0,16,regime_aware,0.9560439560439561,0.0048763727567314305,0.0,0.0,0.0666208791208791,0.012858101224978241
1,0,always_capacity_aware,0.5267857142857143,0.08744252293317083,0.0,0.375,0.0,0.231529078741096
1,0,always_increase_B,0.9347527472527473,0.013863905800144226,0.0,0.0748780487804881,0.07486263736263732,0.03978371462252768
1,0,always_increase_C,0.992445054945055,0.0003967029440392735,0.0,0.0,0.03228021978021978,0.0011884763097143667
1,0,always_smooth,0.9347527472527473,0.013863905800144226,0.0,0.0748780487804881,0.0,0.03978371462252768
1,0,oracle_resource_aware,1.0,0.0,0.0,0.0,0.0,0.0
1,0,random,0.8337912087912088,0.037917993551234125,0.0,0.25609756097560976,0.014423076923076872,0.10567274157457489
1,0,regime_aware,0.9553571428571429,0.0054984085784515035,0.0,0.0,0.058379120879120894,0.016472598539558413
1,4,always_capacity_aware,0.5267857142857143,0.08754182515895863,0.0,0.375,0.0,0.2318265767673244
1,4,always_increase_B,0.9381868131868132,0.013580915732380124,0.0,0.07054794520547958,0.06868131868131866,0.03893590898741548
1,4,always_increase_C,0.9910714285714286,0.0004960051698270682,0.0,0.0,0.03228021978021978,0.0014859743359428217
1,4,always_smooth,0.9333791208791209,0.01396320802593202,0.0,0.075952380952381,0.0,0.040081212648756144
1,4,oracle_resource_aware,1.0,0.0,0.0,0.0,0.0,0.0
1,4,random,0.8406593406593407,0.03634175065083146,0.0,0.25,0.01098901098901095,0.10462334014309224
1,4,regime_aware,0.9553571428571429,0.00549969869729862,0.0,0.0,0.057005494505494525,0.016476463586968703
1,8,always_capacity_aware,0.5267857142857143,0.08796068535793394,0.0,0.375,0.0,0.23308143365972783
1,8,always_increase_B,0.9429945054945055,0.012581973877629504,0.0,0.04191780821917801,0.055631868131868156,0.03594319429499387
1,8,always_increase_C,0.9876373626373627,0.0009148653688023858,0.0,0.0,0.03228021978021978,0.002740831228346242
1,8,always_smooth,0.929945054945055,0.014382068224907337,0.0,0.09318181818181803,0.0,0.041336069541159565
1,8,oracle_resource_aware,1.0,0.0,0.0,0.0,0.0,0.0
1,8,random,0.8509615384615384,0.03527586450159681,0.0,0.23809523809523814,0.011675824175824134,0.10014296256340048
1,8,regime_aware,0.9539835164835165,0.005757536491360555,0.0,0.0,0.05494505494505497,0.017248915908273595
1,16,always_capacity_aware,0.5260989010989011,0.08903216706597152,0.0,0.375,0.0,0.23629146939409554
1,16,always_increase_B,0.9553571428571429,0.010357914565727624,0.0,0.0,0.03434065934065933,0.029280168866744612
1,16,always_increase_C,0.9814560439560439,0.0019863470768399553,0.0,0.0,0.03228021978021978,0.00595086696271394
1,16,always_smooth,0.9237637362637363,0.01545354993294491,0.0,0.11184210526315819,0.0,0.044546105275527256
1,16,oracle_resource_aware,1.0,0.0,0.0,0.0,0.0,0.0
1,16,random,0.8337912087912088,0.03275524164562495,0.0,0.23684210526315796,0.01098901098901095,0.09132329151661761
1,16,regime_aware,0.9567307692307693,0.0052446331623626045,0.0,0.0,0.046016483516483464,0.0157123166345678
2,0,always_capacity_aware,0.521978021978022,0.09985445026665657,0.0,0.53125,0.0,0.268713782851292
2,0,always_increase_B,0.9210164835164835,0.026275833133629977,0.0,0.1728947368421052,0.07486263736263732,0.07696841873272368
2,0,always_increase_C,0.9972527472527473,5.1594746716697984e-05,0.0,0.0,0.013736263736263687,0.0001545719160895314
2,0,always_smooth,0.9210164835164835,0.026275833133629977,0.0,0.1728947368421052,0.0,0.07696841873272368
2,0,oracle_resource_aware,1.0,0.0,0.0,0.0,0.0,0.0
2,0,random,0.8289835164835165,0.05143188730523039,0.0,0.33766233766233755,0.012362637362637319,0.14861103775332593
2,0,regime_aware,0.9601648351648352,0.005153300381128928,0.0,0.0,0.039835164835164805,0.015438694145933579
2,4,always_capacity_aware,0.521978021978022,0.09987693785970868,0.0,0.53125,0.0,0.26878115308891315
2,4,always_increase_B,0.9244505494505495,0.025916028433130192,0.0,0.1728947368421052,0.06868131868131866,0.07589048530900415
2,4,always_increase_C,0.9965659340659341,7.408233976880715e-05,0.0,0.0,0.013736263736263687,0.00022194215371066503
2,4,always_smooth,0.9203296703296703,0.02629832072668209,0.0,0.1728947368421052,0.0,0.07703578897034483
2,4,oracle_resource_aware,1.0,0.0,0.0,0.0,0.0,0.0
2,4,random,0.8324175824175825,0.04876892852118383,0.0,0.3225806451612905,0.012362637362637319,0.13964226893095422
2,4,regime_aware,0.9608516483516484,0.005077775867240359,0.0,0.0,0.038461538461538436,0.015212431404736548
2,8,always_capacity_aware,0.521978021978022,0.09998579315665407,0.0,0.53125,0.0,0.2691072710155643
2,8,always_increase_B,0.9292582417582418,0.024607081676349635,0.0,0.1728947368421052,0.055631868131868156,0.07196903165083031
2,8,always_increase_C,0.9951923076923077,0.00018293763671419045,0.0,0.0,0.013736263736263687,0.0005480600803618545
2,8,always_smooth,0.9189560439560439,0.026407176023627472,0.0,0.1728947368421052,0.0,0.07736190689699601
2,8,oracle_resource_aware,1.0,0.0,0.0,0.0,0.0,0.0
2,8,random,0.8385989010989011,0.04587140250035665,0.0,0.2543835616438357,0.008241758241758212,0.13176139951016716
2,8,regime_aware,0.9615384615384616,0.00502560875927236,0.0,0.0,0.03640109890109888,0.01505614476028921
2,16,always_capacity_aware,0.521978021978022,0.10053387386233706,0.0,0.53125,0.0,0.2707492576564582
2,16,always_increase_B,0.9409340659340659,0.021859621362093174,0.0,0.11865853658536585,0.03434065934065933,0.06373795712910725
2,16,always_increase_C,0.9917582417582418,0.0007310183423971775,0.0,0.0,0.013736263736263687,0.002190046721255742
2,16,always_smooth,0.915521978021978,0.02695525672931046,0.0,0.18547945205479444,0.0,0.07900389353788989
2,16,oracle_resource_aware,1.0,0.0,0.0,0.0,0.0,0.0
2,16,random,0.8262362637362637,0.04598186624283989,0.0,0.3083870967741935,0.006868131868131844,0.12861575535090253
2,16,regime_aware,0.967032967032967,0.003989304427919827,0.0,0.0,0.027472527472527486,0.011951496393109606
