key,code,d,n,code_k,p,p_ebit,ratio,strategy,k,rounds,ebit_pairs,teleports,time_rounds,detectors,shots,errors,ler,ci_low,ci_high,batches,hit_shot_limit,seconds,decoder,tmcbs_commit
"[[18,4,4]] BB|p=0.001|r=1|T_rt|k=1|rounds=0","[[18,4,4]] BB",4,18,4,0.001,0.001,1,T_rt,1,0,36,2,13,396,3000,251,0.08366666666666667,0.06615333333333334,0.10373333333333333,2,False,1026.05,tesseract,c0490fa63965d8984cca89deb8826c19c46e8a3c
"[[18,4,4]] BB|p=0.001|r=10|T_rt|k=1|rounds=0","[[18,4,4]] BB",4,18,4,0.001,0.01,10,T_rt,1,0,36,2,13,396,3000,271,0.09033333333333333,0.07213666666666667,0.11104,2,False,1152.78,tesseract,c0490fa63965d8984cca89deb8826c19c46e8a3c
"[[18,4,4]] BB|p=0.001|r=1|T|k=2|rounds=0","[[18,4,4]] BB",4,18,4,0.001,0.001,1,T,2,0,18,1,13,324,3236,202,0.06242274412855377,0.04785228677379481,0.07948084054388133,2,False,920.77,tesseract,c0490fa63965d8984cca89deb8826c19c46e8a3c
"[[18,4,4]] BB|p=0.001|r=10|T|k=2|rounds=0","[[18,4,4]] BB",4,18,4,0.001,0.01,10,T,2,0,18,1,13,324,3000,222,0.074,0.05753666666666667,0.09307333333333334,2,False,1091.88,tesseract,c0490fa63965d8984cca89deb8826c19c46e8a3c
SC7|p=0.001|r=1|T|k=2|rounds=0,SC7,7,49,1,0.001,0.001,1,T,2,0,49,1,13,864,150000,29,0.00019333333333333333,8.866666666666668e-05,0.00035906666666666665,5,True,2790.41,tesseract,c0490fa63965d8984cca89deb8826c19c46e8a3c
SC7|p=0.001|r=1|T|k=1|rounds=0,SC7,7,49,1,0.001,0.001,1,T,1,0,49,1,10,720,150000,33,0.00022,0.00010653333333333334,0.00039453333333333335,6,True,952.67,tesseract,c0490fa63965d8984cca89deb8826c19c46e8a3c
"[[18,4,4]] BB|p=0.001|r=1|T|k=1|rounds=0","[[18,4,4]] BB",4,18,4,0.001,0.001,1,T,1,0,18,1,10,270,4352,225,0.05170036764705882,0.04016314338235294,0.06513097426470588,2,False,295.04,tesseract,c0490fa63965d8984cca89deb8826c19c46e8a3c
"[[18,4,4]] BB|p=0.001|r=10|T|k=1|rounds=0","[[18,4,4]] BB",4,18,4,0.001,0.01,10,T,1,0,18,1,10,270,3924,233,0.059378185524974515,0.046381243628950054,0.07443934760448523,2,False,300.62,tesseract,c0490fa63965d8984cca89deb8826c19c46e8a3c
SC7|p=0.001|r=10|T|k=2|rounds=0,SC7,7,49,1,0.001,0.01,10,T,2,0,49,1,13,864,150000,76,0.0005066666666666667,0.00032020000000000003,0.0007543333333333334,5,True,3269.6,tesseract,c0490fa63965d8984cca89deb8826c19c46e8a3c
SC7|p=0.001|r=10|T|k=1|rounds=0,SC7,7,49,1,0.001,0.01,10,T,1,0,49,1,10,720,150000,59,0.0003933333333333333,0.00023239999999999998,0.0006154666666666666,4,True,1093.99,tesseract,c0490fa63965d8984cca89deb8826c19c46e8a3c
SC5|p=0.001|r=30|T_rt|k=1|rounds=0,SC5,5,25,1,0.001,0.03,30,T_rt,1,0,50,2,13,528,20336,202,0.009933123524783635,0.007565892997639654,0.012743902439024391,3,False,289.65,tesseract,c0490fa63965d8984cca89deb8826c19c46e8a3c
SC5|p=0.001|r=10|T_rt|k=1|rounds=0,SC5,5,25,1,0.001,0.01,10,T_rt,1,0,50,2,13,528,59320,209,0.0035232636547538774,0.0026943695212407284,0.004506068779501012,3,False,526.19,tesseract,c0490fa63965d8984cca89deb8826c19c46e8a3c
SC5|p=0.001|r=3|T_rt|k=1|rounds=0,SC5,5,25,1,0.001,0.003,3,T_rt,1,0,50,2,13,528,94473,205,0.002169932149926434,0.0016546526520804885,0.002782170567252019,3,False,697.2,tesseract,c0490fa63965d8984cca89deb8826c19c46e8a3c
SC5|p=0.001|r=1|T_rt|k=1|rounds=0,SC5,5,25,1,0.001,0.001,1,T_rt,1,0,50,2,13,528,125314,214,0.0017077102318974735,0.0013099893068611646,0.0021786073383660244,4,False,848.19,tesseract,c0490fa63965d8984cca89deb8826c19c46e8a3c
SC5|p=0.002|r=1|T_rt|k=1|rounds=0,SC5,5,25,1,0.002,0.002,1,T_rt,1,0,50,2,13,528,16742,230,0.013737904670887587,0.010657030223390275,0.01735336280014335,2,False,462.76,tesseract,c0490fa63965d8984cca89deb8826c19c46e8a3c
SC5|p=0.002|r=30|T_rt|k=1|rounds=0,SC5,5,25,1,0.002,0.06,30,T_rt,1,0,50,2,13,528,3409,207,0.06072161924317982,0.04669404517453799,0.07711645643883837,2,False,222.83,tesseract,c0490fa63965d8984cca89deb8826c19c46e8a3c
SC5|p=0.002|r=10|T_rt|k=1|rounds=0,SC5,5,25,1,0.002,0.02,10,T_rt,1,0,50,2,13,528,8488,203,0.023916116870876532,0.01825989632422243,0.03060438265786993,2,False,318.07,tesseract,c0490fa63965d8984cca89deb8826c19c46e8a3c
SC5|p=0.002|r=3|T_rt|k=1|rounds=0,SC5,5,25,1,0.002,0.006,3,T_rt,1,0,50,2,13,528,18061,265,0.014672498754221804,0.01159016665743868,0.01824926637506229,2,False,550.06,tesseract,c0490fa63965d8984cca89deb8826c19c46e8a3c
SC5|p=0.001|r=30|R|k=4|rounds=0,SC5,5,25,1,0.001,0.03,30,R,4,0,100,0,16,408,19600,261,0.013316326530612245,0.010497959183673468,0.016591836734693877,2,False,267.3,tesseract,c0490fa63965d8984cca89deb8826c19c46e8a3c
SC5|p=0.001|r=10|R|k=4|rounds=0,SC5,5,25,1,0.001,0.01,10,R,4,0,100,0,16,408,80042,202,0.0025236750705879413,0.0019204917418355362,0.003241298318382849,3,False,680.3,tesseract,c0490fa63965d8984cca89deb8826c19c46e8a3c
SC5|p=0.001|r=3|R|k=4|rounds=0,SC5,5,25,1,0.001,0.003,3,R,4,0,100,0,16,408,146130,216,0.001478135906384726,0.0011353589269828236,0.0018837336618079791,4,False,968.79,tesseract,c0490fa63965d8984cca89deb8826c19c46e8a3c
SC5|p=0.001|r=1|R|k=4|rounds=0,SC5,5,25,1,0.001,0.001,1,R,4,0,100,0,16,408,191657,201,0.0010487485455788206,0.0007973619539072405,0.0013480332051529556,6,False,1197.61,tesseract,c0490fa63965d8984cca89deb8826c19c46e8a3c
SC5|p=0.002|r=3|R|k=4|rounds=0,SC5,5,25,1,0.002,0.006,3,R,4,0,100,0,16,408,18796,204,0.010853373058097467,0.008278889125345818,0.013906682272824005,4,False,576.56,tesseract,c0490fa63965d8984cca89deb8826c19c46e8a3c
SC5|p=0.002|r=30|R|k=4|rounds=0,SC5,5,25,1,0.002,0.06,30,R,4,0,100,0,16,408,3000,243,0.081,0.06376666666666667,0.10079999999999999,2,False,257.6,tesseract,c0490fa63965d8984cca89deb8826c19c46e8a3c
SC5|p=0.002|r=10|R|k=4|rounds=0,SC5,5,25,1,0.002,0.02,10,R,4,0,100,0,16,408,11028,218,0.019767863619876678,0.015234856728327893,0.02510246644903881,2,False,445.29,tesseract,c0490fa63965d8984cca89deb8826c19c46e8a3c
"[[18,4,4]] BB|p=0.001|r=1|R|k=2|rounds=0","[[18,4,4]] BB",4,18,4,0.001,0.001,1,R,2,0,36,0,10,198,8021,289,0.03603042014711383,0.028821842663009602,0.04430370278020197,2,False,194.42,tesseract,c0490fa63965d8984cca89deb8826c19c46e8a3c
"[[18,4,4]] BB|p=0.001|r=10|R|k=2|rounds=0","[[18,4,4]] BB",4,18,4,0.001,0.01,10,R,2,0,36,0,10,198,4706,223,0.047386315342116445,0.036750956226094346,0.059791755206119845,2,False,141.09,tesseract,c0490fa63965d8984cca89deb8826c19c46e8a3c
SC5|p=0.002|r=1|R|k=4|rounds=0,SC5,5,25,1,0.002,0.002,1,R,4,0,100,0,16,408,43236,371,0.008580812286057915,0.00703510963086317,0.010335831251734666,2,False,1191.21,tesseract,c0490fa63965d8984cca89deb8826c19c46e8a3c
SC5|p=0.001|r=30|T|k=2|rounds=0,SC5,5,25,1,0.001,0.03,30,T,2,0,25,1,13,432,37930,203,0.0053519641444766675,0.004076983917743211,0.0068668600052728705,3,False,333.13,tesseract,c0490fa63965d8984cca89deb8826c19c46e8a3c
SC5|p=0.001|r=10|T|k=2|rounds=0,SC5,5,25,1,0.001,0.01,10,T,2,0,25,1,13,432,102000,202,0.001980392156862745,0.0015069607843137256,0.0025437254901960783,3,False,710.3,tesseract,c0490fa63965d8984cca89deb8826c19c46e8a3c
SC5|p=0.001|r=1|T|k=2|rounds=0,SC5,5,25,1,0.001,0.001,1,T,2,0,25,1,13,432,153842,201,0.0013065352764524642,0.0009934218223892047,0.0016793203416492247,5,False,935.21,tesseract,c0490fa63965d8984cca89deb8826c19c46e8a3c
SC5|p=0.001|r=3|T|k=2|rounds=0,SC5,5,25,1,0.001,0.003,3,T,2,0,25,1,13,432,140652,208,0.0014788271762932628,0.0011298808406563718,0.0018929698831157752,4,False,875.76,tesseract,c0490fa63965d8984cca89deb8826c19c46e8a3c
SC5|p=0.002|r=1|T|k=2|rounds=0,SC5,5,25,1,0.002,0.002,1,T,2,0,25,1,13,432,22457,229,0.010197265885915305,0.007902658413857594,0.01289352985706016,2,False,539.78,tesseract,c0490fa63965d8984cca89deb8826c19c46e8a3c
SC5|p=0.002|r=30|T|k=2|rounds=0,SC5,5,25,1,0.002,0.06,30,T,2,0,25,1,13,432,6086,208,0.034176799211304634,0.026214262241209332,0.04354584291817285,2,False,268.0,tesseract,c0490fa63965d8984cca89deb8826c19c46e8a3c
SC5|p=0.002|r=3|T|k=2|rounds=0,SC5,5,25,1,0.002,0.006,3,T,2,0,25,1,13,432,20469,201,0.009819727392642533,0.007474229322389956,0.012606380380086962,2,False,524.55,tesseract,c0490fa63965d8984cca89deb8826c19c46e8a3c
"[[18,4,4]] BB|p=0.001|r=1|R|k=1|rounds=0","[[18,4,4]] BB",4,18,4,0.001,0.001,1,R,1,0,18,0,7,144,8110,202,0.024907521578298397,0.01900616522811344,0.03188779284833539,3,False,40.67,tesseract,c0490fa63965d8984cca89deb8826c19c46e8a3c
"[[18,4,4]] BB|p=0.001|r=10|R|k=1|rounds=0","[[18,4,4]] BB",4,18,4,0.001,0.01,10,R,1,0,18,0,7,144,7219,218,0.030198088377891674,0.023302396453802464,0.03829200720321374,2,False,44.0,tesseract,c0490fa63965d8984cca89deb8826c19c46e8a3c
SC5|p=0.002|r=10|T|k=2|rounds=0,SC5,5,25,1,0.002,0.02,10,T,2,0,25,1,13,432,16742,223,0.013319794528730139,0.01028909329829172,0.01688507944092701,2,False,510.64,tesseract,c0490fa63965d8984cca89deb8826c19c46e8a3c
SC7|p=0.001|r=1|R|k=2|rounds=0,SC7,7,49,1,0.001,0.001,1,R,2,0,98,0,10,528,200000,16,8e-05,2.67e-05,0.00017894999999999999,8,True,620.13,tesseract,c0490fa63965d8984cca89deb8826c19c46e8a3c
SC5|p=0.001|r=3|T|k=1|rounds=0,SC5,5,25,1,0.001,0.003,3,T,1,0,25,1,10,360,152000,201,0.0013223684210526315,0.0010054605263157895,0.001699671052631579,4,False,332.17,tesseract,c0490fa63965d8984cca89deb8826c19c46e8a3c
SC5|p=0.001|r=1|T|k=1|rounds=0,SC5,5,25,1,0.001,0.001,1,T,1,0,25,1,10,360,189359,204,0.0010773187437618493,0.0008208218252103148,0.0013822950057826668,5,False,395.52,tesseract,c0490fa63965d8984cca89deb8826c19c46e8a3c
SC5|p=0.001|r=30|T|k=1|rounds=0,SC5,5,25,1,0.001,0.03,30,T,1,0,25,1,10,360,38829,208,0.005356820932807952,0.004094877539983002,0.006853382780911175,3,False,119.18,tesseract,c0490fa63965d8984cca89deb8826c19c46e8a3c
SC5|p=0.002|r=1|T|k=1|rounds=0,SC5,5,25,1,0.002,0.002,1,T,1,0,25,1,10,360,23418,207,0.008839354342813221,0.0067550602100947986,0.011309676317362714,4,False,143.96,tesseract,c0490fa63965d8984cca89deb8826c19c46e8a3c
SC5|p=0.001|r=10|T|k=1|rounds=0,SC5,5,25,1,0.001,0.01,10,T,1,0,25,1,10,360,114848,201,0.0017501393145723044,0.0013308024519364727,0.0022493208414600166,4,False,276.84,tesseract,c0490fa63965d8984cca89deb8826c19c46e8a3c
SC5|p=0.002|r=30|T|k=1|rounds=0,SC5,5,25,1,0.002,0.06,30,T,1,0,25,1,10,360,6360,226,0.03553459119496855,0.027569182389937108,0.04484276729559748,2,False,75.54,tesseract,c0490fa63965d8984cca89deb8826c19c46e8a3c
SC7|p=0.001|r=10|R|k=2|rounds=0,SC7,7,49,1,0.001,0.01,10,R,2,0,98,0,10,528,200000,58,0.00029,0.0001705,0.0004554,8,True,839.92,tesseract,c0490fa63965d8984cca89deb8826c19c46e8a3c
SC5|p=0.002|r=3|T|k=1|rounds=0,SC5,5,25,1,0.002,0.006,3,T,1,0,25,1,10,360,31600,295,0.009335443037974683,0.0074651898734177215,0.01149145569620253,2,False,209.71,tesseract,c0490fa63965d8984cca89deb8826c19c46e8a3c
SC5|p=0.002|r=10|T|k=1|rounds=0,SC5,5,25,1,0.002,0.02,10,T,1,0,25,1,10,360,16600,205,0.012349397590361445,0.009428313253012048,0.015810843373493973,3,False,130.94,tesseract,c0490fa63965d8984cca89deb8826c19c46e8a3c
SC5|p=0.001|r=30|R|k=2|rounds=0,SC5,5,25,1,0.001,0.03,30,R,2,0,50,0,10,264,32047,202,0.006303242113146317,0.00479888913158798,0.008091240989796238,3,False,73.19,tesseract,c0490fa63965d8984cca89deb8826c19c46e8a3c
SC5|p=0.001|r=10|R|k=2|rounds=0,SC5,5,25,1,0.001,0.01,10,R,2,0,50,0,10,264,130711,202,0.0015453940372271652,0.0011758765520881946,0.001985066291283825,4,False,185.31,tesseract,c0490fa63965d8984cca89deb8826c19c46e8a3c
SC5|p=0.002|r=1|R|k=2|rounds=0,SC5,5,25,1,0.002,0.002,1,R,2,0,50,0,10,264,43236,235,0.005435285410306226,0.004224257563141826,0.0068567860116569524,2,False,121.23,tesseract,c0490fa63965d8984cca89deb8826c19c46e8a3c
SC5|p=0.001|r=3|R|k=2|rounds=0,SC5,5,25,1,0.001,0.003,3,R,2,0,50,0,10,264,244776,208,0.0008497565120763474,0.0006492058044906364,0.0010878517501715854,6,False,278.03,tesseract,c0490fa63965d8984cca89deb8826c19c46e8a3c
SC5|p=0.002|r=10|R|k=2|rounds=0,SC5,5,25,1,0.002,0.02,10,R,2,0,50,0,10,264,20201,207,0.010247017474382456,0.007832285530419286,0.013108261967229346,4,False,80.19,tesseract,c0490fa63965d8984cca89deb8826c19c46e8a3c
SC5|p=0.001|r=1|R|k=2|rounds=0,SC5,5,25,1,0.001,0.001,1,R,2,0,50,0,10,264,283743,207,0.0007295334158023282,0.0005569829035429949,0.00093447239227047,7,False,304.4,tesseract,c0490fa63965d8984cca89deb8826c19c46e8a3c
SC5|p=0.002|r=30|R|k=2|rounds=0,SC5,5,25,1,0.002,0.06,30,R,2,0,50,0,10,264,6556,267,0.04072605247101892,0.03229103111653447,0.050449969493593656,2,False,40.94,tesseract,c0490fa63965d8984cca89deb8826c19c46e8a3c
SC5|p=0.002|r=3|R|k=2|rounds=0,SC5,5,25,1,0.002,0.006,3,R,2,0,50,0,10,264,39600,275,0.006944444444444444,0.0055060606060606055,0.008612121212121213,2,False,122.11,tesseract,c0490fa63965d8984cca89deb8826c19c46e8a3c
SC7|p=0.001|r=1|MEM|k=0|rounds=0,SC7,7,49,1,0.001,0.001,1,MEM,0,0,0,0,4,240,300000,5,1.6666666666666667e-05,1.7e-06,6.143333333333333e-05,10,True,40.47,tesseract,c0490fa63965d8984cca89deb8826c19c46e8a3c
SC7|p=0.001|r=10|MEM|k=0|rounds=0,SC7,7,49,1,0.001,0.01,10,MEM,0,0,0,0,4,240,300000,7,2.3333333333333332e-05,3.7666666666666665e-06,7.296666666666667e-05,8,True,40.87,tesseract,c0490fa63965d8984cca89deb8826c19c46e8a3c
SC7|p=0.001|r=1|R|k=1|rounds=0,SC7,7,49,1,0.001,0.001,1,R,1,0,49,0,7,384,200000,13,6.5e-05,1.875e-05,0.00015675000000000002,6,True,155.41,tesseract,c0490fa63965d8984cca89deb8826c19c46e8a3c
SC7|p=0.001|r=10|R|k=1|rounds=0,SC7,7,49,1,0.001,0.01,10,R,1,0,49,0,7,384,200000,28,0.00014,6.32e-05,0.00026260000000000004,7,True,191.12,tesseract,c0490fa63965d8984cca89deb8826c19c46e8a3c
SC7|p=0.001|r=1|MEM|k=0|rounds=12,SC7,7,49,1,0.001,0.001,1,MEM,0,12,0,0,16,816,300000,21,7e-05,2.7433333333333334e-05,0.00014306666666666668,10,True,299.39,tesseract,c0490fa63965d8984cca89deb8826c19c46e8a3c
SC7|p=0.001|r=10|MEM|k=0|rounds=12,SC7,7,49,1,0.001,0.01,10,MEM,0,12,0,0,16,816,300000,20,6.666666666666667e-05,2.5433333333333333e-05,0.00013836666666666665,9,True,302.04,tesseract,c0490fa63965d8984cca89deb8826c19c46e8a3c
SC3|p=0.001|r=1|T|k=8|rounds=0,SC3,3,9,1,0.001,0.001,1,T,8,0,9,1,31,288,27028,512,0.01894331804055054,0.016023383158206304,0.022191061121799614,2,False,496.48,tesseract,c0490fa63965d8984cca89deb8826c19c46e8a3c
SC3|p=0.001|r=3|T|k=8|rounds=0,SC3,3,9,1,0.001,0.003,3,T,8,0,9,1,31,288,24215,452,0.01866611604377452,0.015614288664051209,0.022083832335329342,2,False,477.39,tesseract,c0490fa63965d8984cca89deb8826c19c46e8a3c
SC3|p=0.001|r=30|T|k=8|rounds=0,SC3,3,9,1,0.001,0.03,30,T,8,0,9,1,31,288,15871,488,0.03074790498393296,0.025924012349568395,0.036116186755717976,2,False,426.49,tesseract,c0490fa63965d8984cca89deb8826c19c46e8a3c
SC3|p=0.001|r=10|T|k=8|rounds=0,SC3,3,9,1,0.001,0.01,10,T,8,0,9,1,31,288,21925,465,0.02120866590649943,0.017790649942987458,0.025028506271379702,2,False,475.64,tesseract,c0490fa63965d8984cca89deb8826c19c46e8a3c
SC3|p=0.002|r=30|T|k=8|rounds=0,SC3,3,9,1,0.002,0.06,30,T,8,0,9,1,31,288,4085,416,0.1018359853121175,0.08514810281517747,0.12031823745410036,2,False,468.05,tesseract,c0490fa63965d8984cca89deb8826c19c46e8a3c
SC3|p=0.002|r=1|T|k=8|rounds=0,SC3,3,9,1,0.002,0.002,1,T,8,0,9,1,31,288,6928,491,0.07087182448036952,0.059981235565819864,0.08290271362586606,2,False,617.13,tesseract,c0490fa63965d8984cca89deb8826c19c46e8a3c
SC3|p=0.002|r=3|T|k=8|rounds=0,SC3,3,9,1,0.002,0.006,3,T,8,0,9,1,31,288,6658,505,0.07584860318413938,0.064373685791529,0.08849654550916192,2,False,589.2,tesseract,c0490fa63965d8984cca89deb8826c19c46e8a3c
SC3|p=0.002|r=10|T|k=8|rounds=0,SC3,3,9,1,0.002,0.02,10,T,8,0,9,1,31,288,5714,475,0.08312915645782289,0.0702257612880644,0.09737486874343716,2,False,607.91,tesseract,c0490fa63965d8984cca89deb8826c19c46e8a3c
SC3|p=0.003|r=1|T|k=8|rounds=0,SC3,3,9,1,0.003,0.003,1,T,8,0,9,1,31,288,3000,441,0.147,0.12406666666666666,0.17209666666666665,2,False,701.5,tesseract,c0490fa63965d8984cca89deb8826c19c46e8a3c
"[[18,4,4]] BB|p=0.001|r=1|MEM|k=0|rounds=0","[[18,4,4]] BB",4,18,4,0.001,0.001,1,MEM,0,0,0,0,4,90,22457,306,0.013626040878122634,0.01094669813421205,0.01670392305294563,2,False,9.36,tesseract,c0490fa63965d8984cca89deb8826c19c46e8a3c
"[[18,4,4]] BB|p=0.001|r=1|MEM|k=0|rounds=12","[[18,4,4]] BB",4,18,4,0.001,0.001,1,MEM,0,12,0,0,16,306,3885,222,0.05714285714285714,0.04434234234234234,0.07204118404118404,2,False,8.38,tesseract,c0490fa63965d8984cca89deb8826c19c46e8a3c
"[[18,4,4]] BB|p=0.001|r=10|MEM|k=0|rounds=0","[[18,4,4]] BB",4,18,4,0.001,0.01,10,MEM,0,0,0,0,4,90,20469,294,0.014363183350432362,0.011487126874786261,0.017675997850407934,2,False,8.63,tesseract,c0490fa63965d8984cca89deb8826c19c46e8a3c
"[[18,4,4]] BB|p=0.001|r=10|MEM|k=0|rounds=12","[[18,4,4]] BB",4,18,4,0.001,0.01,10,MEM,0,12,0,0,16,306,3924,214,0.0545361875637105,0.042097349643221205,0.06906218144750255,2,False,8.27,tesseract,c0490fa63965d8984cca89deb8826c19c46e8a3c
SC3|p=0.003|r=30|T|k=8|rounds=0,SC3,3,9,1,0.003,0.09,30,T,8,0,9,1,31,288,2000,413,0.2065,0.17425,0.24145,1,False,653.72,tesseract,c0490fa63965d8984cca89deb8826c19c46e8a3c
SC3|p=0.001|r=1|T_rt|k=2|rounds=0,SC3,3,9,1,0.001,0.001,1,T_rt,2,0,18,2,16,200,50126,674,0.0134461157882137,0.01162251127159558,0.015448469855962974,2,False,64.33,tesseract,c0490fa63965d8984cca89deb8826c19c46e8a3c
SC3|p=0.001|r=3|T_rt|k=2|rounds=0,SC3,3,9,1,0.001,0.003,3,T_rt,2,0,18,2,16,200,38000,520,0.01368421052631579,0.011585526315789473,0.016018684210526317,2,False,49.38,tesseract,c0490fa63965d8984cca89deb8826c19c46e8a3c
SC3|p=0.001|r=10|T_rt|k=2|rounds=0,SC3,3,9,1,0.001,0.01,10,T_rt,2,0,18,2,16,200,33885,593,0.017500368894791205,0.014982440607938616,0.02028036004131622,2,False,54.96,tesseract,c0490fa63965d8984cca89deb8826c19c46e8a3c
SC3|p=0.003|r=3|T|k=8|rounds=0,SC3,3,9,1,0.003,0.009000000000000001,3,T,8,0,9,1,31,288,3000,456,0.152,0.12872,0.17741333333333334,2,False,794.56,tesseract,c0490fa63965d8984cca89deb8826c19c46e8a3c
SC3|p=0.001|r=30|T_rt|k=2|rounds=0,SC3,3,9,1,0.001,0.03,30,T_rt,2,0,18,2,16,200,19191,568,0.029597207024125893,0.02527382627273201,0.03437184096712,2,False,40.08,tesseract,c0490fa63965d8984cca89deb8826c19c46e8a3c
SC3|p=0.002|r=3|T_rt|k=2|rounds=0,SC3,3,9,1,0.002,0.006,3,T_rt,2,0,18,2,16,200,7875,419,0.05320634920634921,0.044325079365079366,0.06313269841269842,2,False,30.5,tesseract,c0490fa63965d8984cca89deb8826c19c46e8a3c
SC3|p=0.002|r=1|T_rt|k=2|rounds=0,SC3,3,9,1,0.002,0.002,1,T_rt,2,0,18,2,16,200,9296,456,0.04905335628227195,0.04117039586919105,0.057829173838209985,2,False,35.42,tesseract,c0490fa63965d8984cca89deb8826c19c46e8a3c
SC3|p=0.003|r=10|T|k=8|rounds=0,SC3,3,9,1,0.003,0.03,10,T,8,0,9,1,31,288,3000,471,0.157,0.13338,0.18272333333333332,2,False,826.95,tesseract,c0490fa63965d8984cca89deb8826c19c46e8a3c
SC3|p=0.002|r=10|T_rt|k=2|rounds=0,SC3,3,9,1,0.002,0.02,10,T_rt,2,0,18,2,16,200,7600,444,0.05842105263157895,0.048953947368421055,0.0689578947368421,2,False,35.16,tesseract,c0490fa63965d8984cca89deb8826c19c46e8a3c
SC3|p=0.002|r=30|T_rt|k=2|rounds=0,SC3,3,9,1,0.002,0.06,30,T_rt,2,0,18,2,16,200,3983,450,0.11298016570424303,0.09523474767762992,0.13251318101933215,2,False,27.81,tesseract,c0490fa63965d8984cca89deb8826c19c46e8a3c
SC3|p=0.003|r=1|T_rt|k=2|rounds=0,SC3,3,9,1,0.003,0.003,1,T_rt,2,0,18,2,16,200,3702,410,0.11075094543490005,0.09255267423014586,0.1308833063209076,2,False,29.83,tesseract,c0490fa63965d8984cca89deb8826c19c46e8a3c
SC3|p=0.003|r=10|T_rt|k=2|rounds=0,SC3,3,9,1,0.003,0.03,10,T_rt,2,0,18,2,16,200,3129,414,0.13231064237775647,0.1108884627676574,0.15589325663151168,2,False,33.14,tesseract,c0490fa63965d8984cca89deb8826c19c46e8a3c
SC3|p=0.003|r=3|T_rt|k=2|rounds=0,SC3,3,9,1,0.003,0.009000000000000001,3,T_rt,2,0,18,2,16,200,3963,451,0.11380267474135755,0.09595508453192025,0.13344436033308102,2,False,42.99,tesseract,c0490fa63965d8984cca89deb8826c19c46e8a3c
SC3|p=0.003|r=30|T_rt|k=2|rounds=0,SC3,3,9,1,0.003,0.09,30,T_rt,2,0,18,2,16,200,3000,596,0.19866666666666666,0.17253666666666667,0.2266433333333333,2,False,45.9,tesseract,c0490fa63965d8984cca89deb8826c19c46e8a3c
SC5|p=0.001|r=30|R|k=1|rounds=0,SC5,5,25,1,0.001,0.03,30,R,1,0,25,0,7,192,63582,202,0.0031769997798118963,0.002417822654210311,0.00407992828158913,4,False,31.43,tesseract,c0490fa63965d8984cca89deb8826c19c46e8a3c
SC5|p=0.001|r=10|R|k=1|rounds=0,SC5,5,25,1,0.001,0.01,10,R,1,0,25,0,7,192,227445,206,0.0009057134691903537,0.0006910242036536305,0.0011608081074545493,6,False,77.35,tesseract,c0490fa63965d8984cca89deb8826c19c46e8a3c
SC5|p=0.002|r=1|R|k=1|rounds=0,SC5,5,25,1,0.002,0.002,1,R,1,0,25,0,7,192,52000,211,0.004057692307692307,0.0031075,0.005183461538461539,2,False,32.05,tesseract,c0490fa63965d8984cca89deb8826c19c46e8a3c
SC5|p=0.002|r=3|R|k=1|rounds=0,SC5,5,25,1,0.002,0.006,3,R,1,0,25,0,7,192,56163,206,0.003667895233516728,0.002799351886473301,0.004699001121734951,4,False,36.45,tesseract,c0490fa63965d8984cca89deb8826c19c46e8a3c
SC5|p=0.002|r=10|R|k=1|rounds=0,SC5,5,25,1,0.002,0.02,10,R,1,0,25,0,7,192,36711,208,0.005665876712701915,0.004331126910190406,0.007248508621394133,3,False,28.15,tesseract,c0490fa63965d8984cca89deb8826c19c46e8a3c
SC5|p=0.001|r=1|R|k=1|rounds=0,SC5,5,25,1,0.001,0.001,1,R,1,0,25,0,7,192,499165,204,0.0004086824997746236,0.0003113599711518235,0.000524415774343153,11,False,139.93,tesseract,c0490fa63965d8984cca89deb8826c19c46e8a3c
SC5|p=0.002|r=30|R|k=1|rounds=0,SC5,5,25,1,0.002,0.06,30,R,1,0,25,0,7,192,10509,248,0.02359882005899705,0.01850604243981349,0.02952612046817014,2,False,12.37,tesseract,c0490fa63965d8984cca89deb8826c19c46e8a3c
SC5|p=0.001|r=3|R|k=1|rounds=0,SC5,5,25,1,0.001,0.003,3,R,1,0,25,0,7,192,487847,207,0.00042431336054131723,0.0003239335283398279,0.0005435310660924429,12,False,142.71,tesseract,c0490fa63965d8984cca89deb8826c19c46e8a3c
SC3|p=0.001|r=10|T|k=4|rounds=0,SC3,3,9,1,0.001,0.01,10,T,4,0,9,1,19,192,26266,400,0.01522881291403335,0.012587756034417117,0.01820947232163253,2,False,62.23,tesseract,c0490fa63965d8984cca89deb8826c19c46e8a3c
SC3|p=0.001|r=30|T|k=4|rounds=0,SC3,3,9,1,0.001,0.03,30,T,4,0,9,1,19,192,20469,461,0.02252186232839904,0.018879280863745174,0.026593873662611754,2,False,60.3,tesseract,c0490fa63965d8984cca89deb8826c19c46e8a3c
SC3|p=0.001|r=1|T|k=4|rounds=0,SC3,3,9,1,0.001,0.001,1,T,4,0,9,1,19,192,45314,585,0.012909917464801164,0.011036765679480955,0.014981021317914994,2,False,99.19,tesseract,c0490fa63965d8984cca89deb8826c19c46e8a3c
SC3|p=0.001|r=3|T|k=4|rounds=0,SC3,3,9,1,0.001,0.003,3,T,4,0,9,1,19,192,50126,655,0.013067070981127558,0.011270199098272352,0.015042692415113912,2,False,112.07,tesseract,c0490fa63965d8984cca89deb8826c19c46e8a3c
SC3|p=0.002|r=1|T|k=4|rounds=0,SC3,3,9,1,0.002,0.002,1,T,4,0,9,1,19,192,9200,433,0.04706521739130435,0.03930869565217391,0.05572826086956522,2,False,66.59,tesseract,c0490fa63965d8984cca89deb8826c19c46e8a3c
SC3|p=0.002|r=10|T|k=4|rounds=0,SC3,3,9,1,0.002,0.02,10,T,4,0,9,1,19,192,7984,441,0.05523547094188377,0.04624248496993988,0.06525425851703406,3,False,70.08,tesseract,c0490fa63965d8984cca89deb8826c19c46e8a3c
SC3|p=0.002|r=30|T|k=4|rounds=0,SC3,3,9,1,0.002,0.06,30,T,4,0,9,1,19,192,5023,424,0.08441170615170217,0.07059327095361337,0.0997531355763488,2,False,54.11,tesseract,c0490fa63965d8984cca89deb8826c19c46e8a3c
SC3|p=0.002|r=3|T|k=4|rounds=0,SC3,3,9,1,0.002,0.006,3,T,4,0,9,1,19,192,11600,528,0.04551724137931035,0.03868189655172414,0.05307327586206896,2,False,90.3,tesseract,c0490fa63965d8984cca89deb8826c19c46e8a3c
SC3|p=0.003|r=1|T|k=4|rounds=0,SC3,3,9,1,0.003,0.003,1,T,4,0,9,1,19,192,4789,466,0.09730632699937357,0.0821632908749217,0.11399665901023177,2,False,91.62,tesseract,c0490fa63965d8984cca89deb8826c19c46e8a3c
SC3|p=0.003|r=3|T|k=4|rounds=0,SC3,3,9,1,0.003,0.009000000000000001,3,T,4,0,9,1,19,192,4171,447,0.10716854471349796,0.09023735315272118,0.12583313354111725,2,False,86.06,tesseract,c0490fa63965d8984cca89deb8826c19c46e8a3c
SC5|p=0.001|r=1|MEM|k=0|rounds=0,SC5,5,25,1,0.001,0.001,1,MEM,0,0,0,0,4,120,500000,103,0.000206,0.00013947999999999999,0.00029092,11,True,25.8,tesseract,c0490fa63965d8984cca89deb8826c19c46e8a3c
SC3|p=0.003|r=10|T|k=4|rounds=0,SC3,3,9,1,0.003,0.03,10,T,4,0,9,1,19,192,3720,438,0.11774193548387096,0.0990510752688172,0.13832258064516129,2,False,92.35,tesseract,c0490fa63965d8984cca89deb8826c19c46e8a3c
SC3|p=0.003|r=30|T|k=4|rounds=0,SC3,3,9,1,0.003,0.09,30,T,4,0,9,1,19,192,3000,437,0.14566666666666667,0.12283000000000001,0.17067666666666667,2,False,97.52,tesseract,c0490fa63965d8984cca89deb8826c19c46e8a3c
SC5|p=0.001|r=3|MEM|k=0|rounds=0,SC5,5,25,1,0.001,0.003,3,MEM,0,0,0,0,4,120,500000,97,0.000194,0.00012969999999999998,0.00027668,14,True,26.25,tesseract,c0490fa63965d8984cca89deb8826c19c46e8a3c
SC5|p=0.001|r=10|MEM|k=0|rounds=0,SC5,5,25,1,0.001,0.01,10,MEM,0,0,0,0,4,120,500000,81,0.000162,0.00010398,0.0002384,12,True,25.88,tesseract,c0490fa63965d8984cca89deb8826c19c46e8a3c
SC5|p=0.001|r=1|MEM|k=0|rounds=12,SC5,5,25,1,0.001,0.001,1,MEM,0,12,0,0,16,408,223078,206,0.000923443817857431,0.0007045517711293807,0.0011835322174306743,6,False,66.73,tesseract,c0490fa63965d8984cca89deb8826c19c46e8a3c
SC5|p=0.001|r=30|MEM|k=0|rounds=0,SC5,5,25,1,0.001,0.03,30,MEM,0,0,0,0,4,120,500000,113,0.000226,0.00015591999999999998,0.00031448,12,True,26.34,tesseract,c0490fa63965d8984cca89deb8826c19c46e8a3c
SC5|p=0.002|r=1|MEM|k=0|rounds=0,SC5,5,25,1,0.002,0.002,1,MEM,0,0,0,0,4,120,131357,203,0.0015454067921770443,0.001176716886043378,0.001983906453405605,5,False,12.17,tesseract,c0490fa63965d8984cca89deb8826c19c46e8a3c
SC5|p=0.001|r=3|MEM|k=0|rounds=12,SC5,5,25,1,0.001,0.003,3,MEM,0,12,0,0,16,408,241460,209,0.000865567795908225,0.0006617245092354841,0.0011074298020376046,6,False,74.23,tesseract,c0490fa63965d8984cca89deb8826c19c46e8a3c
SC5|p=0.002|r=3|MEM|k=0|rounds=0,SC5,5,25,1,0.002,0.006,3,MEM,0,0,0,0,4,120,132712,206,0.0015522334076797878,0.0011843691602869372,0.0019891946470552775,5,False,12.46,tesseract,c0490fa63965d8984cca89deb8826c19c46e8a3c
SC5|p=0.002|r=1|MEM|k=0|rounds=12,SC5,5,25,1,0.002,0.002,1,MEM,0,12,0,0,16,408,29911,222,0.007422018655344188,0.005725987095048644,0.009420948814817292,3,False,17.74,tesseract,c0490fa63965d8984cca89deb8826c19c46e8a3c
SC5|p=0.001|r=10|MEM|k=0|rounds=12,SC5,5,25,1,0.001,0.01,10,MEM,0,12,0,0,16,408,239831,204,0.0008505989634367534,0.0006480813572890911,0.001091435218966689,6,False,71.59,tesseract,c0490fa63965d8984cca89deb8826c19c46e8a3c
SC5|p=0.002|r=10|MEM|k=0|rounds=0,SC5,5,25,1,0.002,0.02,10,MEM,0,0,0,0,4,120,120485,201,0.0016682574594347845,0.001268539652238868,0.0021441673237332444,5,False,11.27,tesseract,c0490fa63965d8984cca89deb8826c19c46e8a3c
SC5|p=0.002|r=3|MEM|k=0|rounds=12,SC5,5,25,1,0.002,0.006,3,MEM,0,12,0,0,16,408,33885,223,0.006581083075106979,0.00507982883281688,0.008350302493728787,2,False,19.76,tesseract,c0490fa63965d8984cca89deb8826c19c46e8a3c
SC5|p=0.002|r=10|MEM|k=0|rounds=12,SC5,5,25,1,0.002,0.02,10,MEM,0,12,0,0,16,408,33885,250,0.007377895824110963,0.005781319167773351,0.009242142540947322,2,False,19.96,tesseract,c0490fa63965d8984cca89deb8826c19c46e8a3c
SC5|p=0.002|r=30|MEM|k=0|rounds=0,SC5,5,25,1,0.002,0.06,30,MEM,0,0,0,0,4,120,140652,209,0.0014859369223331343,0.0011361374171714588,0.0019010038961408298,4,False,12.7,tesseract,c0490fa63965d8984cca89deb8826c19c46e8a3c
SC5|p=0.001|r=30|MEM|k=0|rounds=12,SC5,5,25,1,0.001,0.03,30,MEM,0,12,0,0,16,408,218726,200,0.0009143860354964659,0.0006947047904684399,0.0011760375995537797,7,False,65.01,tesseract,c0490fa63965d8984cca89deb8826c19c46e8a3c
SC5|p=0.002|r=30|MEM|k=0|rounds=12,SC5,5,25,1,0.002,0.06,30,MEM,0,12,0,0,16,408,52000,326,0.006269230769230769,0.005068653846153846,0.007644615384615384,2,False,30.11,tesseract,c0490fa63965d8984cca89deb8826c19c46e8a3c
SC3|p=0.001|r=1|T_rt|k=1|rounds=0,SC3,3,9,1,0.001,0.001,1,T_rt,1,0,18,2,13,176,39600,462,0.011666666666666667,0.009772979797979798,0.013787373737373737,2,False,26.29,tesseract,c0490fa63965d8984cca89deb8826c19c46e8a3c
SC3|p=0.001|r=3|T_rt|k=1|rounds=0,SC3,3,9,1,0.001,0.003,3,T_rt,1,0,18,2,13,176,47600,547,0.011491596638655462,0.009769117647058824,0.013402941176470588,2,False,33.54,tesseract,c0490fa63965d8984cca89deb8826c19c46e8a3c
SC3|p=0.001|r=10|T_rt|k=1|rounds=0,SC3,3,9,1,0.001,0.01,10,T_rt,1,0,18,2,13,176,28690,417,0.014534681073544789,0.012062042523527362,0.01731857790170791,2,False,23.2,tesseract,c0490fa63965d8984cca89deb8826c19c46e8a3c
SC3|p=0.001|r=3|R|k=8|rounds=0,SC3,3,9,1,0.001,0.003,3,R,8,0,72,0,28,232,18800,402,0.021382978723404257,0.01769308510638298,0.025541489361702127,2,False,134.94,tesseract,c0490fa63965d8984cca89deb8826c19c46e8a3c
SC3|p=0.001|r=30|T_rt|k=1|rounds=0,SC3,3,9,1,0.001,0.03,30,T_rt,1,0,18,2,13,176,16442,458,0.02785549203259944,0.023346916433523903,0.032892592142075176,2,False,17.6,tesseract,c0490fa63965d8984cca89deb8826c19c46e8a3c
SC3|p=0.001|r=10|R|k=8|rounds=0,SC3,3,9,1,0.001,0.01,10,R,8,0,72,0,28,232,15337,496,0.03234009258655539,0.027309121731759794,0.037933102953641516,2,False,137.25,tesseract,c0490fa63965d8984cca89deb8826c19c46e8a3c
SC3|p=0.001|r=30|R|k=8|rounds=0,SC3,3,9,1,0.001,0.03,30,R,8,0,72,0,28,232,6000,444,0.074,0.06209166666666667,0.087215,2,False,84.82,tesseract,c0490fa63965d8984cca89deb8826c19c46e8a3c
SC3|p=0.002|r=1|T_rt|k=1|rounds=0,SC3,3,9,1,0.002,0.002,1,T_rt,1,0,18,2,13,176,10034,437,0.0435519234602352,0.036394259517640026,0.05154674108032689,2,False,16.94,tesseract,c0490fa63965d8984cca89deb8826c19c46e8a3c
SC3|p=0.002|r=3|T_rt|k=1|rounds=0,SC3,3,9,1,0.002,0.006,3,T_rt,1,0,18,2,13,176,10894,485,0.04451991922158986,0.03755737102992473,0.05225261611896457,2,False,19.29,tesseract,c0490fa63965d8984cca89deb8826c19c46e8a3c
SC3|p=0.001|r=1|R|k=8|rounds=0,SC3,3,9,1,0.001,0.001,1,R,8,0,72,0,28,232,36523,644,0.017632724584508392,0.015193439750294335,0.02031514388193741,2,False,253.76,tesseract,c0490fa63965d8984cca89deb8826c19c46e8a3c
SC3|p=0.002|r=10|T_rt|k=1|rounds=0,SC3,3,9,1,0.002,0.02,10,T_rt,1,0,18,2,13,176,7533,447,0.05933890880127439,0.04975706889685384,0.06999734501526615,2,False,15.19,tesseract,c0490fa63965d8984cca89deb8826c19c46e8a3c
SC3|p=0.002|r=1|R|k=8|rounds=0,SC3,3,9,1,0.002,0.002,1,R,8,0,72,0,28,232,6220,444,0.07138263665594856,0.05988102893890675,0.08415273311897105,2,False,164.89,tesseract,c0490fa63965d8984cca89deb8826c19c46e8a3c
SC3|p=0.002|r=30|T_rt|k=1|rounds=0,SC3,3,9,1,0.002,0.06,30,T_rt,1,0,18,2,13,176,3983,431,0.108209892041175,0.09082349987446649,0.12740647752950038,2,False,12.13,tesseract,c0490fa63965d8984cca89deb8826c19c46e8a3c
SC3|p=0.002|r=10|R|k=8|rounds=0,SC3,3,9,1,0.002,0.02,10,R,8,0,72,0,28,232,3924,432,0.11009174311926606,0.0924388379204893,0.12957186544342508,2,False,158.13,tesseract,c0490fa63965d8984cca89deb8826c19c46e8a3c
SC3|p=0.002|r=3|R|k=8|rounds=0,SC3,3,9,1,0.002,0.006,3,R,8,0,72,0,28,232,6457,503,0.0778999535387951,0.06610345361623045,0.09089979866811214,2,False,202.17,tesseract,c0490fa63965d8984cca89deb8826c19c46e8a3c
SC3|p=0.003|r=1|T_rt|k=1|rounds=0,SC3,3,9,1,0.003,0.003,1,T_rt,1,0,18,2,13,176,4903,433,0.08831327758515195,0.07402406689781767,0.1041484805221293,2,False,15.84,tesseract,c0490fa63965d8984cca89deb8826c19c46e8a3c
SC3|p=0.003|r=3|T_rt|k=1|rounds=0,SC3,3,9,1,0.003,0.009000000000000001,3,T_rt,1,0,18,2,13,176,4149,431,0.10388045312123403,0.08715594119064836,0.12236201494335985,2,False,14.79,tesseract,c0490fa63965d8984cca89deb8826c19c46e8a3c
SC3|p=0.002|r=30|R|k=8|rounds=0,SC3,3,9,1,0.002,0.06,30,R,8,0,72,0,28,232,2000,437,0.2185,0.185495,0.25409,1,False,134.74,tesseract,c0490fa63965d8984cca89deb8826c19c46e8a3c
SC3|p=0.003|r=10|T_rt|k=1|rounds=0,SC3,3,9,1,0.003,0.03,10,T_rt,1,0,18,2,13,176,3810,416,0.10918635170603674,0.09135433070866142,0.1289055118110236,2,False,14.9,tesseract,c0490fa63965d8984cca89deb8826c19c46e8a3c
SC3|p=0.003|r=1|R|k=8|rounds=0,SC3,3,9,1,0.003,0.003,1,R,8,0,72,0,28,232,3000,426,0.142,0.11942333333333333,0.16677,2,False,217.58,tesseract,c0490fa63965d8984cca89deb8826c19c46e8a3c
SC3|p=0.003|r=30|T_rt|k=1|rounds=0,SC3,3,9,1,0.003,0.09,30,T_rt,1,0,18,2,13,176,3000,564,0.188,0.16246333333333332,0.21545,2,False,18.22,tesseract,c0490fa63965d8984cca89deb8826c19c46e8a3c
SC3|p=0.003|r=10|R|k=8|rounds=0,SC3,3,9,1,0.003,0.03,10,R,8,0,72,0,28,232,2000,440,0.22,0.186905,0.25567,1,False,203.02,tesseract,c0490fa63965d8984cca89deb8826c19c46e8a3c
SC3|p=0.001|r=1|T|k=2|rounds=0,SC3,3,9,1,0.001,0.001,1,T,2,0,9,1,13,144,45314,410,0.009047976342852098,0.007493048505980492,0.010802401023966103,2,False,27.79,tesseract,c0490fa63965d8984cca89deb8826c19c46e8a3c
SC3|p=0.003|r=3|R|k=8|rounds=0,SC3,3,9,1,0.003,0.009000000000000001,3,R,8,0,72,0,28,232,3000,454,0.15133333333333332,0.1281,0.17670666666666668,2,False,236.01,tesseract,c0490fa63965d8984cca89deb8826c19c46e8a3c
SC3|p=0.001|r=3|T|k=2|rounds=0,SC3,3,9,1,0.001,0.003,3,T,2,0,9,1,13,144,45314,400,0.008827293993026437,0.007292448249988965,0.010561636580306306,2,False,28.82,tesseract,c0490fa63965d8984cca89deb8826c19c46e8a3c
SC3|p=0.001|r=30|T|k=2|rounds=0,SC3,3,9,1,0.001,0.03,30,T,2,0,9,1,13,144,33885,611,0.018031577394127196,0.015474398701490335,0.020850818946436474,2,False,26.82,tesseract,c0490fa63965d8984cca89deb8826c19c46e8a3c
SC3|p=0.001|r=10|T|k=2|rounds=0,SC3,3,9,1,0.001,0.01,10,T,2,0,9,1,13,144,52000,580,0.011153846153846153,0.009527692307692308,0.012953269230769232,2,False,35.37,tesseract,c0490fa63965d8984cca89deb8826c19c46e8a3c
SC3|p=0.002|r=1|T|k=2|rounds=0,SC3,3,9,1,0.002,0.002,1,T,2,0,9,1,13,144,12572,434,0.034521158129175944,0.028806872414890234,0.04091711740375437,2,False,18.86,tesseract,c0490fa63965d8984cca89deb8826c19c46e8a3c
SC3|p=0.002|r=3|T|k=2|rounds=0,SC3,3,9,1,0.002,0.006,3,T,2,0,9,1,13,144,11762,411,0.03494303689848665,0.029009522190103724,0.04160431899336848,3,False,17.91,tesseract,c0490fa63965d8984cca89deb8826c19c46e8a3c
SC3|p=0.002|r=30|T|k=2|rounds=0,SC3,3,9,1,0.002,0.06,30,T,2,0,9,1,13,144,6818,452,0.06629510120269874,0.055679084775594016,0.07808154884130243,2,False,15.97,tesseract,c0490fa63965d8984cca89deb8826c19c46e8a3c
SC3|p=0.002|r=10|T|k=2|rounds=0,SC3,3,9,1,0.002,0.02,10,T,2,0,9,1,13,144,9395,435,0.04630122405534859,0.03868440659925492,0.05480681213411389,2,False,17.11,tesseract,c0490fa63965d8984cca89deb8826c19c46e8a3c
SC3|p=0.003|r=1|T|k=2|rounds=0,SC3,3,9,1,0.003,0.003,1,T,2,0,9,1,13,144,6220,457,0.0734726688102894,0.06180546623794212,0.08640192926045015,2,False,18.4,tesseract,c0490fa63965d8984cca89deb8826c19c46e8a3c
SC3|p=0.003|r=10|T|k=2|rounds=0,SC3,3,9,1,0.003,0.03,10,T,2,0,9,1,13,144,5117,440,0.08598788352550323,0.07216533124877858,0.10129958960328318,2,False,18.86,tesseract,c0490fa63965d8984cca89deb8826c19c46e8a3c
SC3|p=0.003|r=3|T|k=2|rounds=0,SC3,3,9,1,0.003,0.009000000000000001,3,T,2,0,9,1,13,144,6266,479,0.07644430258538143,0.06458825406958187,0.0895435684647303,2,False,20.1,tesseract,c0490fa63965d8984cca89deb8826c19c46e8a3c
SC3|p=0.003|r=30|T|k=2|rounds=0,SC3,3,9,1,0.003,0.09,30,T,2,0,9,1,13,144,3000,417,0.139,0.11664333333333333,0.16357,2,False,14.14,tesseract,c0490fa63965d8984cca89deb8826c19c46e8a3c
SC3|p=0.001|r=1|R|k=4|rounds=0,SC3,3,9,1,0.001,0.001,1,R,4,0,36,0,16,136,41965,400,0.009531752651018707,0.00787489574645538,0.01140378887167878,3,False,27.42,tesseract,c0490fa63965d8984cca89deb8826c19c46e8a3c
SC3|p=0.001|r=10|R|k=4|rounds=0,SC3,3,9,1,0.001,0.01,10,R,4,0,36,0,16,136,28690,465,0.01620773788776577,0.013590101080515858,0.019135587312652493,2,False,23.56,tesseract,c0490fa63965d8984cca89deb8826c19c46e8a3c
SC3|p=0.001|r=3|R|k=4|rounds=0,SC3,3,9,1,0.001,0.003,3,R,4,0,36,0,16,136,41339,478,0.01156293088850722,0.009716006676504027,0.013627567188369338,2,False,30.8,tesseract,c0490fa63965d8984cca89deb8826c19c46e8a3c
SC3|p=0.001|r=30|R|k=4|rounds=0,SC3,3,9,1,0.001,0.03,30,R,4,0,36,0,16,136,12067,460,0.03812049390900804,0.03199055274716168,0.04495483550178172,2,False,15.77,tesseract,c0490fa63965d8984cca89deb8826c19c46e8a3c
SC3|p=0.002|r=3|R|k=4|rounds=0,SC3,3,9,1,0.002,0.006,3,R,4,0,36,0,16,136,10200,446,0.04372549019607843,0.03660882352941177,0.051665686274509806,3,False,18.65,tesseract,c0490fa63965d8984cca89deb8826c19c46e8a3c
SC3|p=0.002|r=1|R|k=4|rounds=0,SC3,3,9,1,0.002,0.002,1,R,4,0,36,0,16,136,13928,505,0.0362578977599081,0.030674181504882252,0.042454049396898334,2,False,24.74,tesseract,c0490fa63965d8984cca89deb8826c19c46e8a3c
SC3|p=0.002|r=30|R|k=4|rounds=0,SC3,3,9,1,0.002,0.06,30,R,4,0,36,0,16,136,3264,440,0.13480392156862744,0.11362438725490197,0.15803921568627452,2,False,12.3,tesseract,c0490fa63965d8984cca89deb8826c19c46e8a3c
SC3|p=0.002|r=10|R|k=4|rounds=0,SC3,3,9,1,0.002,0.02,10,R,4,0,36,0,16,136,8920,517,0.05795964125560538,0.049217488789237665,0.06761434977578476,2,False,19.95,tesseract,c0490fa63965d8984cca89deb8826c19c46e8a3c
SC3|p=0.003|r=1|R|k=4|rounds=0,SC3,3,9,1,0.003,0.003,1,R,4,0,36,0,16,136,5637,478,0.08479687777186447,0.0716835196026255,0.09926556679084618,2,False,19.7,tesseract,c0490fa63965d8984cca89deb8826c19c46e8a3c
SC3|p=0.003|r=10|R|k=4|rounds=0,SC3,3,9,1,0.003,0.03,10,R,4,0,36,0,16,136,3550,433,0.12197183098591549,0.10254366197183098,0.14335774647887325,2,False,18.03,tesseract,c0490fa63965d8984cca89deb8826c19c46e8a3c
SC3|p=0.003|r=3|R|k=4|rounds=0,SC3,3,9,1,0.003,0.009000000000000001,3,R,4,0,36,0,16,136,5023,451,0.08978697989249453,0.07554648616364723,0.10553055942663747,2,False,19.91,tesseract,c0490fa63965d8984cca89deb8826c19c46e8a3c
SC3|p=0.003|r=30|R|k=4|rounds=0,SC3,3,9,1,0.003,0.09,30,R,4,0,36,0,16,136,2000,464,0.232,0.1982,0.268265,1,False,17.78,tesseract,c0490fa63965d8984cca89deb8826c19c46e8a3c
SC3|p=0.001|r=1|T|k=1|rounds=0,SC3,3,9,1,0.001,0.001,1,T,1,0,9,1,10,120,54436,405,0.007439929458446616,0.006153097215078257,0.008893379381291793,4,False,13.31,tesseract,c0490fa63965d8984cca89deb8826c19c46e8a3c
SC3|p=0.001|r=3|T|k=1|rounds=0,SC3,3,9,1,0.001,0.003,3,T,1,0,9,1,10,120,52000,409,0.007865384615384616,0.006511346153846153,0.009393653846153847,2,False,12.94,tesseract,c0490fa63965d8984cca89deb8826c19c46e8a3c
SC3|p=0.001|r=30|T|k=1|rounds=0,SC3,3,9,1,0.001,0.03,30,T,1,0,9,1,10,120,26266,459,0.01747506281885327,0.014637173532323154,0.020651412472397775,2,False,8.47,tesseract,c0490fa63965d8984cca89deb8826c19c46e8a3c
SC3|p=0.002|r=1|T|k=1|rounds=0,SC3,3,9,1,0.002,0.002,1,T,1,0,9,1,10,120,15600,470,0.03012820512820513,0.025315384615384618,0.035495512820512824,2,False,8.17,tesseract,c0490fa63965d8984cca89deb8826c19c46e8a3c
SC3|p=0.001|r=10|T|k=1|rounds=0,SC3,3,9,1,0.001,0.01,10,T,1,0,9,1,10,120,52000,479,0.009211538461538462,0.007740192307692308,0.010856730769230768,2,False,14.28,tesseract,c0490fa63965d8984cca89deb8826c19c46e8a3c
SC3|p=0.002|r=30|T|k=1|rounds=0,SC3,3,9,1,0.002,0.06,30,T,1,0,9,1,10,120,6872,431,0.06271827706635623,0.05243015133876601,0.07417782305005821,2,False,5.28,tesseract,c0490fa63965d8984cca89deb8826c19c46e8a3c
SC3|p=0.002|r=3|T|k=1|rounds=0,SC3,3,9,1,0.002,0.006,3,T,1,0,9,1,10,120,15871,476,0.029991808959737888,0.025229664167349255,0.0352996030495873,2,False,8.94,tesseract,c0490fa63965d8984cca89deb8826c19c46e8a3c
SC3|p=0.002|r=10|T|k=1|rounds=0,SC3,3,9,1,0.002,0.02,10,T,1,0,9,1,10,120,14838,521,0.03511254886103248,0.029782315675967112,0.04101967920204879,2,False,8.81,tesseract,c0490fa63965d8984cca89deb8826c19c46e8a3c
SC3|p=0.003|r=1|T|k=1|rounds=0,SC3,3,9,1,0.003,0.003,1,T,1,0,9,1,10,120,7099,431,0.06071277644738696,0.05074517537681364,0.07181997464431611,2,False,6.41,tesseract,c0490fa63965d8984cca89deb8826c19c46e8a3c
SC3|p=0.003|r=3|T|k=1|rounds=0,SC3,3,9,1,0.003,0.009000000000000001,3,T,1,0,9,1,10,120,6872,462,0.06722933643771828,0.05657887077997672,0.07903958090803259,2,False,6.86,tesseract,c0490fa63965d8984cca89deb8826c19c46e8a3c
SC3|p=0.003|r=10|T|k=1|rounds=0,SC3,3,9,1,0.003,0.03,10,T,1,0,9,1,10,120,6607,452,0.06841228999545935,0.0574678371424247,0.08056001210836991,2,False,6.9,tesseract,c0490fa63965d8984cca89deb8826c19c46e8a3c
SC3|p=0.003|r=30|T|k=1|rounds=0,SC3,3,9,1,0.003,0.09,30,T,1,0,9,1,10,120,3667,407,0.11098991000818108,0.09269157349331879,0.13124079629124624,2,False,5.19,tesseract,c0490fa63965d8984cca89deb8826c19c46e8a3c
SC3|p=0.001|r=3|R|k=2|rounds=0,SC3,3,9,1,0.001,0.003,3,R,2,0,18,0,10,88,57399,405,0.007055872053520096,0.005835293297792645,0.008434641718496838,3,False,8.56,tesseract,c0490fa63965d8984cca89deb8826c19c46e8a3c
SC3|p=0.001|r=1|R|k=2|rounds=0,SC3,3,9,1,0.001,0.001,1,R,2,0,18,0,10,88,73078,427,0.005843071786310518,0.004856454746982676,0.006954213306330222,3,False,10.52,tesseract,c0490fa63965d8984cca89deb8826c19c46e8a3c
SC3|p=0.001|r=10|R|k=2|rounds=0,SC3,3,9,1,0.001,0.01,10,R,2,0,18,0,10,88,45314,437,0.009643818687381383,0.008035706404201792,0.011451207132453546,2,False,7.98,tesseract,c0490fa63965d8984cca89deb8826c19c46e8a3c
SC3|p=0.001|r=30|R|k=2|rounds=0,SC3,3,9,1,0.001,0.03,30,R,2,0,18,0,10,88,23014,471,0.020465803424002782,0.017186495176848872,0.02412879117059181,2,False,6.11,tesseract,c0490fa63965d8984cca89deb8826c19c46e8a3c
SC3|p=0.002|r=1|R|k=2|rounds=0,SC3,3,9,1,0.002,0.002,1,R,2,0,18,0,10,88,17742,400,0.02254537256228159,0.018647841280577164,0.02693833840604216,3,False,4.89,tesseract,c0490fa63965d8984cca89deb8826c19c46e8a3c
SC3|p=0.002|r=3|R|k=2|rounds=0,SC3,3,9,1,0.002,0.006,3,R,2,0,18,0,10,88,18061,452,0.025026299761917944,0.020945684070649468,0.02959138475167488,2,False,5.72,tesseract,c0490fa63965d8984cca89deb8826c19c46e8a3c
SC3|p=0.002|r=30|R|k=2|rounds=0,SC3,3,9,1,0.002,0.06,30,R,2,0,18,0,10,88,6408,429,0.06694756554307116,0.05596285892634208,0.07917602996254682,2,False,3.31,tesseract,c0490fa63965d8984cca89deb8826c19c46e8a3c
SC3|p=0.002|r=10|R|k=2|rounds=0,SC3,3,9,1,0.002,0.02,10,R,2,0,18,0,10,88,14145,501,0.03541887592788971,0.029942028985507244,0.04150017674089784,2,False,5.55,tesseract,c0490fa63965d8984cca89deb8826c19c46e8a3c
SC3|p=0.003|r=1|R|k=2|rounds=0,SC3,3,9,1,0.003,0.003,1,R,2,0,18,0,10,88,11451,553,0.04829272552615492,0.04120688149506593,0.05610427036940006,2,False,5.44,tesseract,c0490fa63965d8984cca89deb8826c19c46e8a3c
SC3|p=0.003|r=3|R|k=2|rounds=0,SC3,3,9,1,0.003,0.009000000000000001,3,R,2,0,18,0,10,88,10509,504,0.04795889237796175,0.04060424398134932,0.05610524312494053,2,False,5.23,tesseract,c0490fa63965d8984cca89deb8826c19c46e8a3c
SC3|p=0.003|r=10|R|k=2|rounds=0,SC3,3,9,1,0.003,0.03,10,R,2,0,18,0,10,88,5957,427,0.07168037602820211,0.05991774383078731,0.08476582172234345,2,False,3.48,tesseract,c0490fa63965d8984cca89deb8826c19c46e8a3c
SC3|p=0.003|r=30|R|k=2|rounds=0,SC3,3,9,1,0.003,0.09,30,R,2,0,18,0,10,88,3000,423,0.141,0.11849666666666667,0.16570333333333334,2,False,2.48,tesseract,c0490fa63965d8984cca89deb8826c19c46e8a3c
SC3|p=0.001|r=1|R|k=1|rounds=0,SC3,3,9,1,0.001,0.001,1,R,1,0,9,0,7,64,102000,412,0.00403921568627451,0.0033451960784313724,0.004822843137254902,3,False,4.39,tesseract,c0490fa63965d8984cca89deb8826c19c46e8a3c
SC3|p=0.001|r=3|R|k=1|rounds=0,SC3,3,9,1,0.001,0.003,3,R,1,0,9,0,7,64,92740,425,0.004582704334699159,0.0038068794479189133,0.005456976493422471,3,False,4.18,tesseract,c0490fa63965d8984cca89deb8826c19c46e8a3c
SC3|p=0.001|r=10|R|k=1|rounds=0,SC3,3,9,1,0.001,0.01,10,R,1,0,9,0,7,64,73640,407,0.0055268875611080934,0.004572379141770776,0.006605105920695274,3,False,3.77,tesseract,c0490fa63965d8984cca89deb8826c19c46e8a3c
SC3|p=0.001|r=30|R|k=1|rounds=0,SC3,3,9,1,0.001,0.03,30,R,1,0,9,0,7,64,39600,481,0.012146464646464647,0.010212373737373739,0.014307323232323234,2,False,2.84,tesseract,c0490fa63965d8984cca89deb8826c19c46e8a3c
SC3|p=0.002|r=1|R|k=1|rounds=0,SC3,3,9,1,0.002,0.002,1,R,1,0,9,0,7,64,39600,598,0.015101010101010101,0.01293459595959596,0.017492929292929293,2,False,3.41,tesseract,c0490fa63965d8984cca89deb8826c19c46e8a3c
SC3|p=0.002|r=3|R|k=1|rounds=0,SC3,3,9,1,0.002,0.006,3,R,1,0,9,0,7,64,29599,458,0.015473495726206966,0.012955843102807528,0.018292509882090614,2,False,2.6,tesseract,c0490fa63965d8984cca89deb8826c19c46e8a3c
SC3|p=0.002|r=10|R|k=1|rounds=0,SC3,3,9,1,0.002,0.02,10,R,1,0,9,0,7,64,20933,477,0.02278698705393398,0.019161133139062723,0.026832752113887165,2,False,1.99,tesseract,c0490fa63965d8984cca89deb8826c19c46e8a3c
SC3|p=0.002|r=30|R|k=1|rounds=0,SC3,3,9,1,0.002,0.06,30,R,1,0,9,0,7,64,11751,489,0.04161347970385499,0.03512211726661561,0.048823078886903244,2,False,1.54,tesseract,c0490fa63965d8984cca89deb8826c19c46e8a3c
SC3|p=0.003|r=1|R|k=1|rounds=0,SC3,3,9,1,0.003,0.003,1,R,1,0,9,0,7,64,12933,451,0.03487203278435011,0.029204360937137554,0.04120235057604577,2,False,1.55,tesseract,c0490fa63965d8984cca89deb8826c19c46e8a3c
SC3|p=0.003|r=10|R|k=1|rounds=0,SC3,3,9,1,0.003,0.03,10,R,1,0,9,0,7,64,9395,434,0.046194784459819054,0.038586482171367745,0.054691857370941996,2,False,1.4,tesseract,c0490fa63965d8984cca89deb8826c19c46e8a3c
SC3|p=0.003|r=3|R|k=1|rounds=0,SC3,3,9,1,0.003,0.009000000000000001,3,R,1,0,9,0,7,64,15600,526,0.03371794871794872,0.02861923076923077,0.039367307692307694,2,False,1.99,tesseract,c0490fa63965d8984cca89deb8826c19c46e8a3c
SC3|p=0.003|r=30|R|k=1|rounds=0,SC3,3,9,1,0.003,0.09,30,R,1,0,9,0,7,64,5280,445,0.08428030303030302,0.07079356060606061,0.09921590909090909,2,False,1.02,tesseract,c0490fa63965d8984cca89deb8826c19c46e8a3c
SC3|p=0.001|r=1|MEM|k=0|rounds=0,SC3,3,9,1,0.001,0.001,1,MEM,0,0,0,0,4,40,202000,428,0.002118811881188119,0.001760891089108911,0.0025221287128712874,5,False,2.81,tesseract,c0490fa63965d8984cca89deb8826c19c46e8a3c
SC3|p=0.001|r=1|MEM|k=0|rounds=12,SC3,3,9,1,0.001,0.001,1,MEM,0,12,0,0,16,136,52000,407,0.007826923076923077,0.006476346153846154,0.00935173076923077,2,False,2.72,tesseract,c0490fa63965d8984cca89deb8826c19c46e8a3c
SC3|p=0.001|r=3|MEM|k=0|rounds=0,SC3,3,9,1,0.001,0.003,3,MEM,0,0,0,0,4,40,204218,406,0.0019880715705765406,0.0016438315917304057,0.00237721454524087,7,False,3.05,tesseract,c0490fa63965d8984cca89deb8826c19c46e8a3c
SC3|p=0.001|r=10|MEM|k=0|rounds=0,SC3,3,9,1,0.001,0.01,10,MEM,0,0,0,0,4,40,202000,409,0.002024752475247525,0.0016753465346534655,0.0024195544554455445,5,False,2.61,tesseract,c0490fa63965d8984cca89deb8826c19c46e8a3c
SC3|p=0.001|r=3|MEM|k=0|rounds=12,SC3,3,9,1,0.001,0.003,3,MEM,0,12,0,0,16,136,57242,407,0.0071101638656930225,0.005882918137032249,0.008495859683449215,3,False,2.92,tesseract,c0490fa63965d8984cca89deb8826c19c46e8a3c
SC3|p=0.001|r=10|MEM|k=0|rounds=12,SC3,3,9,1,0.001,0.01,10,MEM,0,12,0,0,16,136,54096,401,0.0074127477077787635,0.006124667258207631,0.008868677905944986,3,False,2.77,tesseract,c0490fa63965d8984cca89deb8826c19c46e8a3c
SC3|p=0.002|r=1|MEM|k=0|rounds=0,SC3,3,9,1,0.002,0.002,1,MEM,0,0,0,0,4,40,52000,404,0.00776923076923077,0.006424038461538462,0.009288653846153846,2,False,1.06,tesseract,c0490fa63965d8984cca89deb8826c19c46e8a3c
SC3|p=0.003|r=30|R|k=8|rounds=0,SC3,3,9,1,0.003,0.09,30,R,8,0,72,0,28,232,2000,733,0.3665,0.32713,0.40709500000000004,1,False,419.67,tesseract,c0490fa63965d8984cca89deb8826c19c46e8a3c
SC3|p=0.001|r=30|MEM|k=0|rounds=0,SC3,3,9,1,0.001,0.03,30,MEM,0,0,0,0,4,40,200486,404,0.0020151032989834702,0.0016653531917440619,0.0024105922608062408,5,False,2.59,tesseract,c0490fa63965d8984cca89deb8826c19c46e8a3c
SC3|p=0.001|r=30|MEM|k=0|rounds=12,SC3,3,9,1,0.001,0.03,30,MEM,0,12,0,0,16,136,52000,405,0.007788461538461538,0.006441538461538461,0.009309615384615385,2,False,2.71,tesseract,c0490fa63965d8984cca89deb8826c19c46e8a3c
SC3|p=0.002|r=3|MEM|k=0|rounds=0,SC3,3,9,1,0.002,0.006,3,MEM,0,0,0,0,4,40,56160,415,0.00738960113960114,0.006125890313390313,0.008814814814814815,3,False,1.09,tesseract,c0490fa63965d8984cca89deb8826c19c46e8a3c
SC3|p=0.002|r=1|MEM|k=0|rounds=12,SC3,3,9,1,0.002,0.002,1,MEM,0,12,0,0,16,136,15337,461,0.030058029601617006,0.025212883875594966,0.03546782291191237,2,False,1.41,tesseract,c0490fa63965d8984cca89deb8826c19c46e8a3c
SC3|p=0.002|r=10|MEM|k=0|rounds=0,SC3,3,9,1,0.002,0.02,10,MEM,0,0,0,0,4,40,53000,402,0.007584905660377358,0.0062684905660377365,0.009072452830188678,3,False,1.06,tesseract,c0490fa63965d8984cca89deb8826c19c46e8a3c
SC3|p=0.002|r=30|MEM|k=0|rounds=0,SC3,3,9,1,0.002,0.06,30,MEM,0,0,0,0,4,40,52000,411,0.007903846153846154,0.006546346153846154,0.009435576923076923,2,False,1.0,tesseract,c0490fa63965d8984cca89deb8826c19c46e8a3c
SC3|p=0.002|r=3|MEM|k=0|rounds=12,SC3,3,9,1,0.002,0.006,3,MEM,0,12,0,0,16,136,17054,488,0.02861498768617333,0.024121613697666237,0.03361733317696728,2,False,1.48,tesseract,c0490fa63965d8984cca89deb8826c19c46e8a3c
SC3|p=0.002|r=10|MEM|k=0|rounds=12,SC3,3,9,1,0.002,0.02,10,MEM,0,12,0,0,16,136,20469,601,0.029361473447652546,0.025185402315696905,0.033960623381699154,2,False,1.81,tesseract,c0490fa63965d8984cca89deb8826c19c46e8a3c
SC3|p=0.003|r=1|MEM|k=0|rounds=0,SC3,3,9,1,0.003,0.003,1,MEM,0,0,0,0,4,40,38000,719,0.018921052631578946,0.016438684210526314,0.021636578947368423,2,False,1.01,tesseract,c0490fa63965d8984cca89deb8826c19c46e8a3c
SC3|p=0.003|r=1|MEM|k=0|rounds=12,SC3,3,9,1,0.003,0.003,1,MEM,0,12,0,0,16,136,7041,427,0.06064479477346968,0.050643374520664676,0.0717937792927141,2,False,0.98,tesseract,c0490fa63965d8984cca89deb8826c19c46e8a3c
SC3|p=0.003|r=3|MEM|k=0|rounds=0,SC3,3,9,1,0.003,0.009000000000000001,3,MEM,0,0,0,0,4,40,28690,459,0.01599860578598815,0.013398745207389335,0.018909027535726736,2,False,0.78,tesseract,c0490fa63965d8984cca89deb8826c19c46e8a3c
SC3|p=0.002|r=30|MEM|k=0|rounds=12,SC3,3,9,1,0.002,0.06,30,MEM,0,12,0,0,16,136,18423,503,0.027302827986755686,0.023073875047494977,0.03200401671823264,2,False,1.61,tesseract,c0490fa63965d8984cca89deb8826c19c46e8a3c
SC3|p=0.003|r=10|MEM|k=0|rounds=0,SC3,3,9,1,0.003,0.03,10,MEM,0,0,0,0,4,40,24863,427,0.017174114145517436,0.014288299883360818,0.020417487833326628,2,False,0.67,tesseract,c0490fa63965d8984cca89deb8826c19c46e8a3c
SC3|p=0.003|r=3|MEM|k=0|rounds=12,SC3,3,9,1,0.003,0.009000000000000001,3,MEM,0,12,0,0,16,136,7600,456,0.06,0.05040526315789474,0.07066052631578947,2,False,1.1,tesseract,c0490fa63965d8984cca89deb8826c19c46e8a3c
SC3|p=0.003|r=10|MEM|k=0|rounds=12,SC3,3,9,1,0.003,0.03,10,MEM,0,12,0,0,16,136,6872,431,0.06271827706635623,0.05243015133876601,0.07417782305005821,2,False,0.98,tesseract,c0490fa63965d8984cca89deb8826c19c46e8a3c
SC3|p=0.003|r=30|MEM|k=0|rounds=0,SC3,3,9,1,0.003,0.09,30,MEM,0,0,0,0,4,40,39600,662,0.016717171717171717,0.01443358585858586,0.019225505050505052,2,False,1.11,tesseract,c0490fa63965d8984cca89deb8826c19c46e8a3c
SC3|p=0.003|r=30|MEM|k=0|rounds=12,SC3,3,9,1,0.003,0.09,30,MEM,0,12,0,0,16,136,6764,431,0.06371969248965109,0.05327173270254287,0.07535481963335304,2,False,0.9,tesseract,c0490fa63965d8984cca89deb8826c19c46e8a3c
