workload,family,seed,n,C,B,T_ref_asap,smooth_T_static,smooth_T_exe,smooth_ratio_to_T_ref,smooth_stall_cycles,smooth_Delta_max,smooth_L_backlog,smooth_BacklogArea,smooth_max_backlog,smooth_num_backlog_intervals,smooth_longest_backlog_interval,failure_reason,failure_score,T_count,critical_path_length,slack_ratio,mean_slack,median_slack,p90_slack,fraction_zero_slack,fraction_slack_ge_2,fraction_slack_ge_5,ready_T_width_peak,ready_T_width_mean,D_peak,D_mean,D_std,D_cv,D_peak_to_mean,num_demand_peaks,demand_entropy,demand_gini,B_over_C,mean_demand_over_C,peak_demand_over_C,supply_tightness
constructed_medium,medium_compressibility,0,24,1,0,73.0,73,87,1.1917808219178083,14,14,30,212,14,2,27,smooth_stalls;Delta_max_gt_B;positive_L_backlog;positive_BacklogArea;misses_1.05_T_ref,24.341780821917812,49,73,0.8367346938775511,6.122448979591836,7,8.0,0.16326530612244897,0.8367346938775511,0.8367346938775511,8,0.6712328767123288,7,0.6712328767123288,1.7126027178117251,2.5514285387807334,10.428571428571429,4,3.693981011014395,0.8487559407324574,0.0,0.6712328767123288,7.0,0.6712328767123288
constructed_medium,medium_compressibility,0,24,1,4,73.0,73,83,1.1369863013698631,10,14,20,105,10,1,20,smooth_stalls;Delta_max_gt_B;positive_L_backlog;positive_BacklogArea;misses_1.05_T_ref,12.586986301369862,49,73,0.8367346938775511,6.122448979591836,7,8.0,0.16326530612244897,0.8367346938775511,0.8367346938775511,8,0.6712328767123288,7,0.6712328767123288,1.7126027178117251,2.5514285387807334,10.428571428571429,4,3.693981011014395,0.8487559407324574,4.0,0.6712328767123288,7.0,0.6363636363636364
constructed_medium,medium_compressibility,0,24,1,8,72.99999999999999,73,79,1.082191780821918,6,14,12,34,6,2,11,smooth_stalls;Delta_max_gt_B;positive_L_backlog;positive_BacklogArea;misses_1.05_T_ref,4.632191780821918,49,73,0.8367346938775511,6.122448979591836,7,8.0,0.16326530612244897,0.8367346938775511,0.8367346938775511,8,0.6712328767123288,7,0.6712328767123288,1.7126027178117251,2.5514285387807334,10.428571428571429,4,3.693981011014395,0.8487559407324574,8.0,0.6712328767123288,7.0,0.6049382716049383
constructed_medium,medium_compressibility,0,24,1,12,72.99999999999999,73,75,1.0273972602739727,2,14,2,3,2,1,2,smooth_stalls;Delta_max_gt_B;positive_L_backlog;positive_BacklogArea,0.5,49,73,0.8367346938775511,6.122448979591836,7,8.0,0.16326530612244897,0.8367346938775511,0.8367346938775511,8,0.6712328767123288,7,0.6712328767123288,1.7126027178117251,2.5514285387807334,10.428571428571429,4,3.693981011014395,0.8487559407324574,12.0,0.6712328767123288,7.0,0.5764705882352941
constructed_medium,medium_compressibility,1,24,1,0,73.0,73,90,1.2328767123287672,17,17,35,263,17,1,35,smooth_stalls;Delta_max_gt_B;positive_L_backlog;positive_BacklogArea;misses_1.05_T_ref,29.982876712328768,50,73,0.84,5.62,6.0,8.0,0.16,0.84,0.84,9,0.684931506849315,7,0.684931506849315,1.7817700321207233,2.6013842468962562,10.22,5,3.5836099942911326,0.8641095890410959,0.0,0.684931506849315,7.0,0.684931506849315
constructed_medium,medium_compressibility,1,24,1,4,73.0,73,86,1.178082191780822,13,17,25,138,13,2,21,smooth_stalls;Delta_max_gt_B;positive_L_backlog;positive_BacklogArea;misses_1.05_T_ref,16.428082191780824,50,73,0.84,5.62,6.0,8.0,0.16,0.84,0.84,9,0.684931506849315,7,0.684931506849315,1.7817700321207233,2.6013842468962562,10.22,5,3.5836099942911326,0.8641095890410959,4.0,0.684931506849315,7.0,0.6493506493506493
constructed_medium,medium_compressibility,1,24,1,8,73.0,73,82,1.1232876712328768,9,17,14,56,9,2,12,smooth_stalls;Delta_max_gt_B;positive_L_backlog;positive_BacklogArea;misses_1.05_T_ref,7.073287671232878,50,73,0.84,5.62,6.0,8.0,0.16,0.84,0.84,9,0.684931506849315,7,0.684931506849315,1.7817700321207233,2.6013842468962562,10.22,5,3.5836099942911326,0.8641095890410959,8.0,0.684931506849315,7.0,0.6172839506172839
constructed_medium,medium_compressibility,1,24,1,12,73.0,73,78,1.0684931506849316,5,17,5,15,5,1,5,smooth_stalls;Delta_max_gt_B;positive_L_backlog;positive_BacklogArea;misses_1.05_T_ref,2.0184931506849315,50,73,0.84,5.62,6.0,8.0,0.16,0.84,0.84,9,0.684931506849315,7,0.684931506849315,1.7817700321207233,2.6013842468962562,10.22,5,3.5836099942911326,0.8641095890410959,12.0,0.684931506849315,7.0,0.5882352941176471
constructed_medium,medium_compressibility,2,24,1,0,73.0,73,92,1.2602739726027397,19,19,35,288,19,2,33,smooth_stalls;Delta_max_gt_B;positive_L_backlog;positive_BacklogArea;misses_1.05_T_ref,32.51027397260274,52,73,0.8461538461538461,5.615384615384615,6.0,8.0,0.15384615384615385,0.8461538461538461,0.8461538461538461,9,0.7123287671232876,9,0.7123287671232876,1.9265943552601825,2.7046420756537177,12.634615384615385,1,3.552543862915881,0.8651211801896732,0.0,0.7123287671232876,9.0,0.7123287671232876
constructed_medium,medium_compressibility,2,24,1,4,73.0,73,88,1.2054794520547945,15,19,24,163,15,2,22,smooth_stalls;Delta_max_gt_B;positive_L_backlog;positive_BacklogArea;misses_1.05_T_ref,18.855479452054794,52,73,0.8461538461538461,5.615384615384615,6.0,8.0,0.15384615384615385,0.8461538461538461,0.8461538461538461,9,0.7123287671232876,9,0.7123287671232876,1.9265943552601825,2.7046420756537177,12.634615384615385,1,3.552543862915881,0.8651211801896732,4.0,0.7123287671232876,9.0,0.6753246753246753
constructed_medium,medium_compressibility,2,24,1,8,73.0,73,84,1.1506849315068493,11,19,15,81,11,1,15,smooth_stalls;Delta_max_gt_B;positive_L_backlog;positive_BacklogArea;misses_1.05_T_ref,9.70068493150685,52,73,0.8461538461538461,5.615384615384615,6.0,8.0,0.15384615384615385,0.8461538461538461,0.8461538461538461,9,0.7123287671232876,9,0.7123287671232876,1.9265943552601825,2.7046420756537177,12.634615384615385,1,3.552543862915881,0.8651211801896732,8.0,0.7123287671232876,9.0,0.6419753086419753
constructed_medium,medium_compressibility,2,24,1,12,73.0,73,80,1.095890410958904,7,19,8,29,7,2,7,smooth_stalls;Delta_max_gt_B;positive_L_backlog;positive_BacklogArea;misses_1.05_T_ref,3.7458904109589044,52,73,0.8461538461538461,5.615384615384615,6.0,8.0,0.15384615384615385,0.8461538461538461,0.8461538461538461,9,0.7123287671232876,9,0.7123287671232876,1.9265943552601825,2.7046420756537177,12.634615384615385,1,3.552543862915881,0.8651211801896732,12.0,0.7123287671232876,9.0,0.611764705882353
constructed_medium,medium_compressibility,3,24,1,0,73.0,73,88,1.2054794520547945,15,15,31,240,15,2,30,smooth_stalls;Delta_max_gt_B;positive_L_backlog;positive_BacklogArea;misses_1.05_T_ref,27.255479452054793,50,73,0.84,6.24,7.0,8.0,0.16,0.84,0.84,9,0.684931506849315,8,0.684931506849315,1.7507470994599967,2.556090765211595,11.680000000000001,2,3.658171939471839,0.8586301369863014,0.0,0.684931506849315,8.0,0.684931506849315
constructed_medium,medium_compressibility,3,24,1,4,73.0,73,84,1.1506849315068493,11,15,24,128,11,2,21,smooth_stalls;Delta_max_gt_B;positive_L_backlog;positive_BacklogArea;misses_1.05_T_ref,15.30068493150685,50,73,0.84,6.24,7.0,8.0,0.16,0.84,0.84,9,0.684931506849315,8,0.684931506849315,1.7507470994599967,2.556090765211595,11.680000000000001,2,3.658171939471839,0.8586301369863014,4.0,0.684931506849315,8.0,0.6493506493506493
constructed_medium,medium_compressibility,3,24,1,8,73.0,73,80,1.095890410958904,7,15,15,47,7,2,12,smooth_stalls;Delta_max_gt_B;positive_L_backlog;positive_BacklogArea;misses_1.05_T_ref,6.245890410958904,50,73,0.84,6.24,7.0,8.0,0.16,0.84,0.84,9,0.684931506849315,8,0.684931506849315,1.7507470994599967,2.556090765211595,11.680000000000001,2,3.658171939471839,0.8586301369863014,8.0,0.684931506849315,8.0,0.6172839506172839
constructed_medium,medium_compressibility,3,24,1,12,73.0,73,76,1.0410958904109588,3,15,3,6,3,1,3,smooth_stalls;Delta_max_gt_B;positive_L_backlog;positive_BacklogArea,0.9000000000000001,50,73,0.84,6.24,7.0,8.0,0.16,0.84,0.84,9,0.684931506849315,8,0.684931506849315,1.7507470994599967,2.556090765211595,11.680000000000001,2,3.658171939471839,0.8586301369863014,12.0,0.684931506849315,8.0,0.5882352941176471
constructed_medium,medium_compressibility,4,24,1,0,73.0,73,89,1.2191780821917808,16,16,34,257,16,2,30,smooth_stalls;Delta_max_gt_B;positive_L_backlog;positive_BacklogArea;misses_1.05_T_ref,29.269178082191786,50,73,0.84,5.48,6.0,7.0,0.16,0.84,0.84,8,0.684931506849315,8,0.684931506849315,1.781770032120723,2.601384246896256,11.680000000000001,2,3.630435500513582,0.8602739726027397,0.0,0.684931506849315,8.0,0.684931506849315
constructed_medium,medium_compressibility,4,24,1,4,73.0,73,85,1.1643835616438356,12,16,25,136,12,1,25,smooth_stalls;Delta_max_gt_B;positive_L_backlog;positive_BacklogArea;misses_1.05_T_ref,16.214383561643835,50,73,0.84,5.48,6.0,7.0,0.16,0.84,0.84,8,0.684931506849315,8,0.684931506849315,1.781770032120723,2.601384246896256,11.680000000000001,2,3.630435500513582,0.8602739726027397,4.0,0.684931506849315,8.0,0.6493506493506493
constructed_medium,medium_compressibility,4,24,1,8,73.0,73,81,1.1095890410958904,8,16,16,51,8,2,14,smooth_stalls;Delta_max_gt_B;positive_L_backlog;positive_BacklogArea;misses_1.05_T_ref,6.759589041095891,50,73,0.84,5.48,6.0,7.0,0.16,0.84,0.84,8,0.684931506849315,8,0.684931506849315,1.781770032120723,2.601384246896256,11.680000000000001,2,3.630435500513582,0.8602739726027397,8.0,0.684931506849315,8.0,0.6172839506172839
constructed_medium,medium_compressibility,4,24,1,12,73.0,73,77,1.0547945205479452,4,16,4,10,4,1,4,smooth_stalls;Delta_max_gt_B;positive_L_backlog;positive_BacklogArea;misses_1.05_T_ref,1.404794520547945,50,73,0.84,5.48,6.0,7.0,0.16,0.84,0.84,8,0.684931506849315,8,0.684931506849315,1.781770032120723,2.601384246896256,11.680000000000001,2,3.630435500513582,0.8602739726027397,12.0,0.684931506849315,8.0,0.5882352941176471
multiplier_n4,semi_real_multiplier,0,4,1,0,22.0,22,24,1.0909090909090908,2,2,4,5,2,2,3,smooth_stalls;Delta_max_gt_B;positive_L_backlog;positive_BacklogArea;misses_1.05_T_ref,0.9409090909090908,19,22,0.8421052631578947,3.5789473684210527,4,5.0,0.15789473684210525,0.8421052631578947,0.21052631578947367,5,0.8636363636363636,4,0.8636363636363636,1.0133407640730887,1.173341937347787,4.631578947368421,1,3.4713544870139286,0.562200956937799,0.0,0.8636363636363636,4.0,0.8636363636363636
multiplier_n6,semi_real_multiplier,0,6,1,0,32.0,42,48,1.5,6,6,10,31,6,1,10,smooth_stalls;Delta_max_gt_B;positive_L_backlog;positive_BacklogArea;misses_1.05_T_ref,4.55,40,32,0.9,4.65,5.0,6.0,0.1,0.9,0.9,7,1.25,6,0.9523809523809523,1.1116778599932144,1.1672617529928753,6.300000000000001,1,4.643942707918267,0.4178571428571429,0.0,0.9523809523809523,6.0,1.25
multiplier_n6,semi_real_multiplier,0,6,1,4,32.0,42,44,1.375,2,6,2,3,2,1,2,smooth_stalls;Delta_max_gt_B;positive_L_backlog;positive_BacklogArea;misses_1.05_T_ref,0.825,40,32,0.9,4.65,5.0,6.0,0.1,0.9,0.9,7,1.25,6,0.9523809523809523,1.1116778599932144,1.1672617529928753,6.300000000000001,1,4.643942707918267,0.4178571428571429,4.0,0.9523809523809523,6.0,1.1111111111111112
multiplier_n6,semi_real_multiplier,0,6,1,8,32.0,42,42,1.3125,0,6,0,0,0,0,0,misses_1.05_T_ref,0.26249999999999996,40,32,0.9,4.65,5.0,6.0,0.1,0.9,0.9,7,1.25,6,0.9523809523809523,1.1116778599932144,1.1672617529928753,6.300000000000001,1,4.643942707918267,0.4178571428571429,8.0,0.9523809523809523,6.0,1.0
multiplier_n6,semi_real_multiplier,0,6,1,12,32.0,42,42,1.3125,0,6,0,0,0,0,0,misses_1.05_T_ref,0.26249999999999996,40,32,0.9,4.65,5.0,6.0,0.1,0.9,0.9,7,1.25,6,0.9523809523809523,1.1116778599932144,1.1672617529928753,6.300000000000001,1,4.643942707918267,0.4178571428571429,12.0,0.9523809523809523,6.0,0.9090909090909091
multiplier_n8,semi_real_multiplier,0,8,1,0,42.0,71,80,1.9047619047619047,9,9,13,60,9,1,13,smooth_stalls;Delta_max_gt_B;positive_L_backlog;positive_BacklogArea;misses_1.05_T_ref,8.154761904761905,69,42,0.927536231884058,5.681159420289855,6,7.0,0.07246376811594203,0.927536231884058,0.927536231884058,9,1.6428571428571428,8,0.971830985915493,1.1129434515570935,1.1452026820370091,8.231884057971014,1,5.535919021932847,0.33231271688099606,0.0,0.971830985915493,8.0,1.6428571428571428
multiplier_n8,semi_real_multiplier,0,8,1,4,42.0,71,76,1.8095238095238095,5,9,6,17,5,1,6,smooth_stalls;Delta_max_gt_B;positive_L_backlog;positive_BacklogArea;misses_1.05_T_ref,3.0595238095238098,69,42,0.927536231884058,5.681159420289855,6,7.0,0.07246376811594203,0.927536231884058,0.927536231884058,9,1.6428571428571428,8,0.971830985915493,1.1129434515570935,1.1452026820370091,8.231884057971014,1,5.535919021932847,0.33231271688099606,4.0,0.971830985915493,8.0,1.5
multiplier_n8,semi_real_multiplier,0,8,1,8,42.0,71,72,1.7142857142857142,1,9,1,1,1,1,1,smooth_stalls;Delta_max_gt_B;positive_L_backlog;positive_BacklogArea;misses_1.05_T_ref,0.8642857142857141,69,42,0.927536231884058,5.681159420289855,6,7.0,0.07246376811594203,0.927536231884058,0.927536231884058,9,1.6428571428571428,8,0.971830985915493,1.1129434515570935,1.1452026820370091,8.231884057971014,1,5.535919021932847,0.33231271688099606,8.0,0.971830985915493,8.0,1.38
multiplier_n8,semi_real_multiplier,0,8,1,12,42.0,71,71,1.6904761904761905,0,9,0,0,0,0,0,misses_1.05_T_ref,0.6404761904761904,69,42,0.927536231884058,5.681159420289855,6,7.0,0.07246376811594203,0.927536231884058,0.927536231884058,9,1.6428571428571428,8,0.971830985915493,1.1129434515570935,1.1452026820370091,8.231884057971014,1,5.535919021932847,0.33231271688099606,12.0,0.971830985915493,8.0,1.2777777777777777
multiplier_n8,semi_real_multiplier,0,8,2,0,41.99999999999999,42,46,1.0952380952380953,4,8,11,38,8,3,8,smooth_stalls;Delta_max_gt_B;positive_L_backlog;positive_BacklogArea;misses_1.05_T_ref,4.945238095238095,69,42,0.927536231884058,5.681159420289855,6,7.0,0.07246376811594203,0.927536231884058,0.927536231884058,9,1.6428571428571428,8,1.6428571428571428,2.4282212632709896,1.478047725469298,4.869565217391305,4,4.073649500885898,0.6766735679779159,0.0,0.8214285714285714,4.0,0.8214285714285714
multiplier_n8,semi_real_multiplier,0,8,2,4,42.0,42,44,1.0476190476190477,2,8,3,8,4,2,2,smooth_stalls;Delta_max_gt_B;positive_L_backlog;positive_BacklogArea,1.1,69,42,0.927536231884058,5.681159420289855,6,7.0,0.07246376811594203,0.927536231884058,0.927536231884058,9,1.6428571428571428,8,1.6428571428571428,2.4282212632709896,1.478047725469298,4.869565217391305,4,4.073649500885898,0.6766735679779159,2.0,0.8214285714285714,4.0,0.7840909090909091
multiplier_n12,semi_real_multiplier,0,12,1,0,62.00000000000001,154,168,2.7096774193548385,14,14,19,127,14,1,19,smooth_stalls;Delta_max_gt_B;positive_L_backlog;positive_BacklogArea;misses_1.05_T_ref,16.25967741935484,152,62,0.9473684210526315,7.657894736842105,8.0,8.0,0.05263157894736842,0.9473684210526315,0.9473684210526315,13,2.4516129032258065,12,0.987012987012987,1.0318751874275978,1.0454524925253292,12.157894736842106,1,6.862866164673958,0.20873205741626788,0.0,0.987012987012987,12.0,2.4516129032258065
multiplier_n12,semi_real_multiplier,0,12,1,4,62.0,154,164,2.6451612903225805,10,14,11,60,10,1,11,smooth_stalls;Delta_max_gt_B;positive_L_backlog;positive_BacklogArea;misses_1.05_T_ref,8.69516129032258,152,62,0.9473684210526315,7.657894736842105,8.0,8.0,0.05263157894736842,0.9473684210526315,0.9473684210526315,13,2.4516129032258065,12,0.987012987012987,1.0318751874275978,1.0454524925253292,12.157894736842106,1,6.862866164673958,0.20873205741626788,4.0,0.987012987012987,12.0,2.303030303030303
multiplier_n12,semi_real_multiplier,0,12,1,8,62.0,154,160,2.5806451612903225,6,14,7,22,6,1,7,smooth_stalls;Delta_max_gt_B;positive_L_backlog;positive_BacklogArea;misses_1.05_T_ref,4.430645161290323,152,62,0.9473684210526315,7.657894736842105,8.0,8.0,0.05263157894736842,0.9473684210526315,0.9473684210526315,13,2.4516129032258065,12,0.987012987012987,1.0318751874275978,1.0454524925253292,12.157894736842106,1,6.862866164673958,0.20873205741626788,8.0,0.987012987012987,12.0,2.1714285714285713
multiplier_n12,semi_real_multiplier,0,12,1,12,62.0,154,156,2.5161290322580645,2,14,2,3,2,1,2,smooth_stalls;Delta_max_gt_B;positive_L_backlog;positive_BacklogArea;misses_1.05_T_ref,1.9661290322580645,152,62,0.9473684210526315,7.657894736842105,8.0,8.0,0.05263157894736842,0.9473684210526315,0.9473684210526315,13,2.4516129032258065,12,0.987012987012987,1.0318751874275978,1.0454524925253292,12.157894736842106,1,6.862866164673958,0.20873205741626788,12.0,0.987012987012987,12.0,2.054054054054054
multiplier_n12,semi_real_multiplier,0,12,2,0,62.0,78,93,1.5,15,30,28,396,30,1,28,smooth_stalls;Delta_max_gt_B;positive_L_backlog;positive_BacklogArea;misses_1.05_T_ref,42.85,152,62,0.9473684210526315,7.657894736842105,8.0,8.0,0.05263157894736842,0.9473684210526315,0.9473684210526315,13,2.4516129032258065,12,1.9487179487179487,2.611107613969429,1.3399104861158913,6.157894736842105,4,5.35267619742638,0.5074224021592444,0.0,0.9743589743589743,6.0,1.2258064516129032
multiplier_n12,semi_real_multiplier,0,12,2,4,62.0,78,91,1.467741935483871,13,30,23,291,26,1,23,smooth_stalls;Delta_max_gt_B;positive_L_backlog;positive_BacklogArea;misses_1.05_T_ref,31.817741935483873,152,62,0.9473684210526315,7.657894736842105,8.0,8.0,0.05263157894736842,0.9473684210526315,0.9473684210526315,13,2.4516129032258065,12,1.9487179487179487,2.611107613969429,1.3399104861158913,6.157894736842105,4,5.35267619742638,0.5074224021592444,2.0,0.9743589743589743,6.0,1.1875
multiplier_n12,semi_real_multiplier,0,12,2,8,62.0,78,89,1.435483870967742,11,30,20,204,22,2,18,smooth_stalls;Delta_max_gt_B;positive_L_backlog;positive_BacklogArea;misses_1.05_T_ref,22.785483870967745,152,62,0.9473684210526315,7.657894736842105,8.0,8.0,0.05263157894736842,0.9473684210526315,0.9473684210526315,13,2.4516129032258065,12,1.9487179487179487,2.611107613969429,1.3399104861158913,6.157894736842105,4,5.35267619742638,0.5074224021592444,4.0,0.9743589743589743,6.0,1.1515151515151516
multiplier_n12,semi_real_multiplier,0,12,2,12,61.99999999999999,78,87,1.403225806451613,9,30,16,132,18,1,16,smooth_stalls;Delta_max_gt_B;positive_L_backlog;positive_BacklogArea;misses_1.05_T_ref,15.153225806451614,152,62,0.9473684210526315,7.657894736842105,8.0,8.0,0.05263157894736842,0.9473684210526315,0.9473684210526315,13,2.4516129032258065,12,1.9487179487179487,2.611107613969429,1.3399104861158913,6.157894736842105,4,5.35267619742638,0.5074224021592444,6.0,0.9743589743589743,6.0,1.1176470588235294
multiplier_n12,semi_real_multiplier,0,12,3,0,62.00000000000001,62,68,1.096774193548387,6,18,19,144,18,3,16,smooth_stalls;Delta_max_gt_B;positive_L_backlog;positive_BacklogArea;misses_1.05_T_ref,16.346774193548388,152,62,0.9473684210526315,7.657894736842105,8.0,8.0,0.05263157894736842,0.9473684210526315,0.9473684210526315,13,2.4516129032258065,13,2.4516129032258065,3.795912144853515,1.548332585400776,5.302631578947368,1,4.543611040255845,0.7005517826825127,0.0,0.8172043010752689,4.333333333333333,0.8172043010752689
multiplier_n12,semi_real_multiplier,0,12,3,4,62.00000000000001,62,67,1.0806451612903225,5,18,13,80,14,2,11,smooth_stalls;Delta_max_gt_B;positive_L_backlog;positive_BacklogArea;misses_1.05_T_ref,9.330645161290322,152,62,0.9473684210526315,7.657894736842105,8.0,8.0,0.05263157894736842,0.9473684210526315,0.9473684210526315,13,2.4516129032258065,13,2.4516129032258065,3.795912144853515,1.548332585400776,5.302631578947368,1,4.543611040255845,0.7005517826825127,1.3333333333333333,0.8172043010752689,4.333333333333333,0.8
multiplier_n12,semi_real_multiplier,0,12,3,8,62.0,62,66,1.064516129032258,4,18,8,36,10,2,7,smooth_stalls;Delta_max_gt_B;positive_L_backlog;positive_BacklogArea;misses_1.05_T_ref,4.414516129032258,152,62,0.9473684210526315,7.657894736842105,8.0,8.0,0.05263157894736842,0.9473684210526315,0.9473684210526315,13,2.4516129032258065,13,2.4516129032258065,3.795912144853515,1.548332585400776,5.302631578947368,1,4.543611040255845,0.7005517826825127,2.6666666666666665,0.8172043010752689,4.333333333333333,0.7835051546391752
multiplier_n12,semi_real_multiplier,0,12,3,12,62.0,62,64,1.032258064516129,2,18,3,11,6,2,2,smooth_stalls;Delta_max_gt_B;positive_L_backlog;positive_BacklogArea,1.4000000000000001,152,62,0.9473684210526315,7.657894736842105,8.0,8.0,0.05263157894736842,0.9473684210526315,0.9473684210526315,13,2.4516129032258065,13,2.4516129032258065,3.795912144853515,1.548332585400776,5.302631578947368,1,4.543611040255845,0.7005517826825127,4.0,0.8172043010752689,4.333333333333333,0.7676767676767676
exact_qft_n8,semi_real_qft,0,8,1,0,26.0,33,39,1.5,6,6,14,51,6,1,14,smooth_stalls;Delta_max_gt_B;positive_L_backlog;positive_BacklogArea;misses_1.05_T_ref,6.950000000000001,31,26,0.9032258064516129,1.8064516129032258,2,2.0,0.0967741935483871,0.9032258064516129,0.0,7,1.1923076923076923,5,0.9393939393939394,1.1531089448751788,1.2275030703509966,5.32258064516129,1,4.039211536948156,0.5708699902248289,0.0,0.9393939393939394,5.0,1.1923076923076923
exact_qft_n8,semi_real_qft,0,8,1,4,25.999999999999996,33,35,1.3461538461538463,2,6,6,8,2,2,5,smooth_stalls;Delta_max_gt_B;positive_L_backlog;positive_BacklogArea;misses_1.05_T_ref,1.6961538461538463,31,26,0.9032258064516129,1.8064516129032258,2,2.0,0.0967741935483871,0.9032258064516129,0.0,7,1.1923076923076923,5,0.9393939393939394,1.1531089448751788,1.2275030703509966,5.32258064516129,1,4.039211536948156,0.5708699902248289,4.0,0.9393939393939394,5.0,1.0333333333333334
exact_qft_n8,semi_real_qft,0,8,1,8,26.0,33,33,1.2692307692307692,0,6,0,0,0,0,0,misses_1.05_T_ref,0.21923076923076912,31,26,0.9032258064516129,1.8064516129032258,2,2.0,0.0967741935483871,0.9032258064516129,0.0,7,1.1923076923076923,5,0.9393939393939394,1.1531089448751788,1.2275030703509966,5.32258064516129,1,4.039211536948156,0.5708699902248289,8.0,0.9393939393939394,5.0,0.9117647058823529
exact_qft_n8,semi_real_qft,0,8,1,12,26.0,33,33,1.2692307692307692,0,6,0,0,0,0,0,misses_1.05_T_ref;C_ref_star_worse_than_best,0.21923076923076912,31,26,0.9032258064516129,1.8064516129032258,2,2.0,0.0967741935483871,0.9032258064516129,0.0,7,1.1923076923076923,5,0.9393939393939394,1.1531089448751788,1.2275030703509966,5.32258064516129,1,4.039211536948156,0.5708699902248289,12.0,0.9393939393939394,5.0,0.8157894736842105
exact_qft_n8,semi_real_qft,0,8,2,12,26,26,26,1.0,0,0,0,0,0,0,0,C_ref_star_worse_than_best,0.0,31,26,0.9032258064516129,1.8064516129032258,2,2.0,0.0967741935483871,0.9032258064516129,0.0,7,1.1923076923076923,5,1.1923076923076923,1.6645450006448002,1.3960700005408002,4.193548387096774,3,3.330367393366315,0.6885856079404467,6.0,0.5961538461538461,2.5,0.484375
exact_qft_n8,semi_real_qft,0,8,3,12,26,26,26,1.0,0,0,0,0,0,0,0,C_ref_star_worse_than_best,0.0,31,26,0.9032258064516129,1.8064516129032258,2,2.0,0.0967741935483871,0.9032258064516129,0.0,7,1.1923076923076923,5,1.1923076923076923,1.6645450006448002,1.3960700005408002,4.193548387096774,3,3.3303673933663145,0.6885856079404467,4.0,0.3974358974358974,1.6666666666666667,0.34444444444444444
exact_qft_n8,semi_real_qft,0,8,4,12,26,26,26,1.0,0,0,0,0,0,0,0,C_ref_star_worse_than_best,0.0,31,26,0.9032258064516129,1.8064516129032258,2,2.0,0.0967741935483871,0.9032258064516129,0.0,7,1.1923076923076923,5,1.1923076923076923,1.710133390416593,1.4343054242203683,4.193548387096774,3,3.290202474081265,0.6985111662531016,3.0,0.2980769230769231,1.25,0.2672413793103448
exact_qft_n8,semi_real_qft,0,8,5,12,26,26,26,1.0,0,0,0,0,0,0,0,C_ref_star_worse_than_best,0.0,31,26,0.9032258064516129,1.8064516129032258,2,2.0,0.0967741935483871,0.9032258064516129,0.0,7,1.1923076923076923,5,1.1923076923076923,1.710133390416593,1.4343054242203683,4.193548387096774,3,3.290202474081265,0.6985111662531016,2.4,0.23846153846153845,1.0,0.21830985915492956
approx_qft_n12,semi_real_qft,0,12,1,0,38.0,44,64,1.6842105263157894,20,20,26,259,20,1,26,smooth_stalls;Delta_max_gt_B;positive_L_backlog;positive_BacklogArea;misses_1.05_T_ref,29.13421052631579,42,38,0.9047619047619048,3.619047619047619,4.0,4.0,0.09523809523809523,0.9047619047619048,0.0,11,1.105263157894737,9,0.9545454545454546,2.1421584850814868,2.244166031990129,9.428571428571429,2,3.46234956501777,0.7683982683982684,0.0,0.9545454545454546,9.0,1.105263157894737
approx_qft_n12,semi_real_qft,0,12,1,4,38.0,44,60,1.5789473684210527,16,20,21,164,16,1,21,smooth_stalls;Delta_max_gt_B;positive_L_backlog;positive_BacklogArea;misses_1.05_T_ref,19.028947368421054,42,38,0.9047619047619048,3.619047619047619,4.0,4.0,0.09523809523809523,0.9047619047619048,0.0,11,1.105263157894737,9,0.9545454545454546,2.1421584850814868,2.244166031990129,9.428571428571429,2,3.46234956501777,0.7683982683982684,4.0,0.9545454545454546,9.0,1.0
approx_qft_n12,semi_real_qft,0,12,1,8,38.0,44,56,1.4736842105263157,12,20,15,91,12,1,15,smooth_stalls;Delta_max_gt_B;positive_L_backlog;positive_BacklogArea;misses_1.05_T_ref,11.023684210526316,42,38,0.9047619047619048,3.619047619047619,4.0,4.0,0.09523809523809523,0.9047619047619048,0.0,11,1.105263157894737,9,0.9545454545454546,2.1421584850814868,2.244166031990129,9.428571428571429,2,3.46234956501777,0.7683982683982684,8.0,0.9545454545454546,9.0,0.9130434782608695
approx_qft_n12,semi_real_qft,0,12,1,12,38.0,44,52,1.368421052631579,8,20,10,38,8,1,10,smooth_stalls;Delta_max_gt_B;positive_L_backlog;positive_BacklogArea;misses_1.05_T_ref,5.118421052631579,42,38,0.9047619047619048,3.619047619047619,4.0,4.0,0.09523809523809523,0.9047619047619048,0.0,11,1.105263157894737,9,0.9545454545454546,2.1421584850814868,2.244166031990129,9.428571428571429,2,3.46234956501777,0.7683982683982684,12.0,0.9545454545454546,9.0,0.84
approx_qft_n12,semi_real_qft,0,12,2,0,38.0,38,44,1.1578947368421053,6,12,9,57,12,2,8,smooth_stalls;Delta_max_gt_B;positive_L_backlog;positive_BacklogArea;misses_1.05_T_ref,6.707894736842105,42,38,0.9047619047619048,3.619047619047619,4.0,4.0,0.09523809523809523,0.9047619047619048,0.0,11,1.105263157894737,10,1.105263157894737,2.468639873591279,2.233531314201633,9.047619047619047,1,3.0173506141631785,0.8333333333333333,0.0,0.5526315789473685,5.0,0.5526315789473685
approx_qft_n12,semi_real_qft,0,12,2,4,37.99999999999999,38,42,1.105263157894737,4,12,6,25,8,1,6,smooth_stalls;Delta_max_gt_B;positive_L_backlog;positive_BacklogArea;misses_1.05_T_ref,3.155263157894737,42,38,0.9047619047619048,3.619047619047619,4.0,4.0,0.09523809523809523,0.9047619047619048,0.0,11,1.105263157894737,10,1.105263157894737,2.468639873591279,2.233531314201633,9.047619047619047,1,3.0173506141631785,0.8333333333333333,2.0,0.5526315789473685,5.0,0.525
approx_qft_n12,semi_real_qft,0,12,2,8,38.0,38,40,1.0526315789473684,2,12,2,6,4,1,2,smooth_stalls;Delta_max_gt_B;positive_L_backlog;positive_BacklogArea;misses_1.05_T_ref,0.8026315789473684,42,38,0.9047619047619048,3.619047619047619,4.0,4.0,0.09523809523809523,0.9047619047619048,0.0,11,1.105263157894737,10,1.105263157894737,2.468639873591279,2.233531314201633,9.047619047619047,1,3.0173506141631785,0.8333333333333333,4.0,0.5526315789473685,5.0,0.5
larger_multiplier_n16,semi_real_multiplier_larger,0,16,1,0,82.0,268,288,3.5121951219512195,20,20,25,244,20,1,25,smooth_stalls;Delta_max_gt_B;positive_L_backlog;positive_BacklogArea;misses_1.05_T_ref,29.36219512195122,266,82,0.9624060150375939,9.68421052631579,10.0,10.0,0.03759398496240601,0.9624060150375939,0.9624060150375939,17,3.2439024390243905,17,0.9925373134328358,1.109633990057663,1.1179771027648635,17.127819548872182,1,7.703828043391248,0.17116485242958146,0.0,0.9925373134328358,17.0,3.2439024390243905
larger_multiplier_n16,semi_real_multiplier_larger,0,16,1,8,82.0,268,280,3.4146341463414633,12,20,13,83,12,1,13,smooth_stalls;Delta_max_gt_B;positive_L_backlog;positive_BacklogArea;misses_1.05_T_ref,11.964634146341464,266,82,0.9624060150375939,9.68421052631579,10.0,10.0,0.03759398496240601,0.9624060150375939,0.9624060150375939,17,3.2439024390243905,17,0.9925373134328358,1.109633990057663,1.1179771027648635,17.127819548872182,1,7.703828043391248,0.17116485242958146,8.0,0.9925373134328358,17.0,2.9555555555555557
larger_multiplier_n16,semi_real_multiplier_larger,0,16,2,0,82.0,135,156,1.9024390243902438,21,42,31,652,42,1,31,smooth_stalls;Delta_max_gt_B;positive_L_backlog;positive_BacklogArea;misses_1.05_T_ref,69.15243902439025,266,82,0.9624060150375939,9.68421052631579,10.0,10.0,0.03759398496240601,0.9624060150375939,0.9624060150375939,17,3.2439024390243905,17,1.9703703703703703,2.558763418762305,1.2986205320786135,8.62781954887218,1,6.345546205388179,0.385296574770259,0.0,0.9851851851851852,8.5,1.6219512195121952
larger_multiplier_n16,semi_real_multiplier_larger,0,16,2,8,82.0,135,152,1.853658536585366,17,42,26,417,34,2,24,smooth_stalls;Delta_max_gt_B;positive_L_backlog;positive_BacklogArea;misses_1.05_T_ref,45.10365853658537,266,82,0.9624060150375939,9.68421052631579,10.0,10.0,0.03759398496240601,0.9624060150375939,0.9624060150375939,17,3.2439024390243905,17,1.9703703703703703,2.558763418762305,1.2986205320786135,8.62781954887218,1,6.345546205388179,0.385296574770259,4.0,0.9851851851851852,8.5,1.5465116279069768
larger_multiplier_n16,semi_real_multiplier_larger,0,16,3,0,82.0,91,112,1.3658536585365855,21,63,45,1351,63,2,43,smooth_stalls;Delta_max_gt_B;positive_L_backlog;positive_BacklogArea;misses_1.05_T_ref,139.91585365853658,266,82,0.9624060150375939,9.68421052631579,10.0,10.0,0.03759398496240601,0.9624060150375939,0.9624060150375939,17,3.2439024390243905,17,2.923076923076923,4.41832042383859,1.5115306713132017,5.815789473684211,1,5.25206237219731,0.6336445509377842,0.0,0.9743589743589743,5.666666666666667,1.08130081300813
larger_multiplier_n16,semi_real_multiplier_larger,0,16,3,8,82.0,91,110,1.3414634146341464,19,63,38,1014,55,2,37,smooth_stalls;Delta_max_gt_B;positive_L_backlog;positive_BacklogArea;misses_1.05_T_ref,105.49146341463415,266,82,0.9624060150375939,9.68421052631579,10.0,10.0,0.03759398496240601,0.9624060150375939,0.9624060150375939,17,3.2439024390243905,17,2.923076923076923,4.41832042383859,1.5115306713132017,5.815789473684211,1,5.25206237219731,0.6336445509377842,2.6666666666666665,0.9743589743589743,5.666666666666667,1.047244094488189
phase_estimation_like_n10,semi_real_phase_estimation_like,0,10,1,0,42.0,52,63,1.5,11,11,18,102,11,2,16,smooth_stalls;Delta_max_gt_B;positive_L_backlog;positive_BacklogArea;misses_1.05_T_ref,12.450000000000001,50,42,0.92,7.56,8.0,9.0,0.08,0.92,0.92,11,1.1904761904761905,9,0.9615384615384616,1.652056276531887,1.7181385275931624,9.36,1,4.433269689515108,0.5892307692307692,0.0,0.9615384615384616,9.0,1.1904761904761905
phase_estimation_like_n10,semi_real_phase_estimation_like,0,10,1,8,42.0,52,55,1.3095238095238095,3,11,4,9,3,1,4,smooth_stalls;Delta_max_gt_B;positive_L_backlog;positive_BacklogArea;misses_1.05_T_ref,1.5595238095238095,50,42,0.92,7.56,8.0,9.0,0.08,0.92,0.92,11,1.1904761904761905,9,0.9615384615384616,1.652056276531887,1.7181385275931624,9.36,1,4.433269689515108,0.5892307692307692,8.0,0.9615384615384616,9.0,1.0
larger_exact_qft_n12,semi_real_qft_larger,0,12,1,0,38.0,72,80,2.1052631578947367,8,8,17,83,8,2,16,smooth_stalls;Delta_max_gt_B;positive_L_backlog;positive_BacklogArea;misses_1.05_T_ref,11.055263157894737,70,38,0.9428571428571428,3.7714285714285714,4.0,4.0,0.05714285714285714,0.9428571428571428,0.0,11,1.8421052631578947,5,0.9722222222222222,0.927544880948,0.9540461632608,5.142857142857143,2,5.586794896215865,0.3670634920634921,0.0,0.9722222222222222,5.0,1.8421052631578947
larger_exact_qft_n12,semi_real_qft_larger,0,12,1,8,38.0,72,72,1.894736842105263,0,8,0,0,0,0,0,misses_1.05_T_ref,0.844736842105263,70,38,0.9428571428571428,3.7714285714285714,4.0,4.0,0.05714285714285714,0.9428571428571428,0.0,11,1.8421052631578947,5,0.9722222222222222,0.927544880948,0.9540461632608,5.142857142857143,2,5.586794896215865,0.3670634920634921,8.0,0.9722222222222222,5.0,1.5217391304347827
larger_exact_qft_n12,semi_real_qft_larger,0,12,2,0,38.0,38,48,1.263157894736842,10,19,24,284,19,2,23,smooth_stalls;Delta_max_gt_B;positive_L_backlog;positive_BacklogArea;misses_1.05_T_ref,31.013157894736842,70,38,0.9428571428571428,3.7714285714285714,4.0,4.0,0.05714285714285714,0.9428571428571428,0.0,11,1.8421052631578947,10,1.8421052631578947,2.7098875077591584,1.4710817899264004,5.428571428571429,1,3.8277173546477608,0.7067669172932329,0.0,0.9210526315789473,5.0,0.9210526315789473
larger_exact_qft_n12,semi_real_qft_larger,0,12,2,8,38.0,38,44,1.1578947368421053,6,19,17,113,11,1,17,smooth_stalls;Delta_max_gt_B;positive_L_backlog;positive_BacklogArea;misses_1.05_T_ref,13.107894736842105,70,38,0.9428571428571428,3.7714285714285714,4.0,4.0,0.05714285714285714,0.9428571428571428,0.0,11,1.8421052631578947,10,1.8421052631578947,2.7098875077591584,1.4710817899264004,5.428571428571429,1,3.8277173546477608,0.7067669172932329,4.0,0.9210526315789473,5.0,0.8333333333333334
