workload,family,seed,n,schedule,C,B,p_acc,num_trials,T_ref_asap,mean_T_exe,median_T_exe,p90_T_exe,p95_T_exe,p99_T_exe,std_T_exe,mean_ratio_to_T_ref,p95_ratio_to_T_ref,p99_ratio_to_T_ref,mean_stall_cycles,p95_stall_cycles,stall_probability,target_violation_prob_5pct,target_violation_prob_10pct,mean_BacklogArea,p95_BacklogArea,mean_L_backlog,p95_L_backlog
constructed_high,high_compressibility,0,24,capacity_aware,2,4,1.0,200,80,110.0,110.0,110.0,110.0,110.0,0.0,1.375,1.375,1.375,0.0,0.0,0.0,1.0,1.0,0.0,0.0,0.0,0.0
constructed_high,high_compressibility,0,24,smooth,2,4,1.0,200,80,80.0,80.0,80.0,80.0,80.0,0.0,1.0,1.0,1.0,0.0,0.0,0.0,0.0,0.0,0.0,0.0,0.0,0.0
constructed_high,high_compressibility,0,24,delivery_aware_v2,2,4,1.0,200,80,80.0,80.0,80.0,80.0,80.0,0.0,1.0,1.0,1.0,0.0,0.0,0.0,0.0,0.0,0.0,0.0,0.0,0.0
constructed_high,high_compressibility,0,24,robust_smooth,2,4,1.0,200,80,80.0,80.0,80.0,80.0,80.0,0.0,1.0,1.0,1.0,0.0,0.0,0.0,0.0,0.0,0.0,0.0,0.0,0.0
constructed_high,high_compressibility,0,24,capacity_aware,2,4,0.995,200,80,110.0,110.0,110.0,110.0,110.0,0.0,1.375,1.375,1.375,0.0,0.0,0.0,1.0,1.0,0.0,0.0,0.0,0.0
constructed_high,high_compressibility,0,24,smooth,2,4,0.995,200,80,80.0,80.0,80.0,80.0,80.0,0.0,1.0,1.0,1.0,0.0,0.0,0.0,0.0,0.0,0.0,0.0,0.0,0.0
constructed_high,high_compressibility,0,24,delivery_aware_v2,2,4,0.995,200,80,80.0,80.0,80.0,80.0,80.0,0.0,1.0,1.0,1.0,0.0,0.0,0.0,0.0,0.0,0.0,0.0,0.0,0.0
constructed_high,high_compressibility,0,24,robust_smooth,2,4,0.995,200,80,80.0,80.0,80.0,80.0,80.0,0.0,1.0,1.0,1.0,0.0,0.0,0.0,0.0,0.0,0.0,0.0,0.0,0.0
constructed_high,high_compressibility,0,24,capacity_aware,2,4,0.99,200,80,110.0,110.0,110.0,110.0,110.0,0.0,1.375,1.375,1.375,0.0,0.0,0.0,1.0,1.0,0.0,0.0,0.0,0.0
constructed_high,high_compressibility,0,24,smooth,2,4,0.99,200,80,80.0,80.0,80.0,80.0,80.0,0.0,1.0,1.0,1.0,0.0,0.0,0.0,0.0,0.0,0.0,0.0,0.0,0.0
constructed_high,high_compressibility,0,24,delivery_aware_v2,2,4,0.99,200,80,80.0,80.0,80.0,80.0,80.0,0.0,1.0,1.0,1.0,0.0,0.0,0.0,0.0,0.0,0.0,0.0,0.0,0.0
constructed_high,high_compressibility,0,24,robust_smooth,2,4,0.99,200,80,80.0,80.0,80.0,80.0,80.0,0.0,1.0,1.0,1.0,0.0,0.0,0.0,0.0,0.0,0.0,0.0,0.0,0.0
constructed_high,high_compressibility,0,24,capacity_aware,2,4,0.95,200,80,110.04,110.0,110.0,110.0,111.0,0.19595917942265423,1.3755000000000002,1.375,1.3875,0.04,0.0,0.04,1.0,1.0,0.04,0.0,0.04,0.0
constructed_high,high_compressibility,0,24,smooth,2,4,0.95,200,80,80.0,80.0,80.0,80.0,80.0,0.0,1.0,1.0,1.0,0.0,0.0,0.0,0.0,0.0,0.0,0.0,0.0,0.0
constructed_high,high_compressibility,0,24,delivery_aware_v2,2,4,0.95,200,80,80.245,80.0,81.0,81.0,82.0,0.5243805869785799,1.0030625,1.0125,1.025,0.245,1.0,0.2,0.0,0.0,0.26,1.049999999999983,0.245,1.0
constructed_high,high_compressibility,0,24,robust_smooth,2,4,0.95,200,80,80.0,80.0,80.0,80.0,80.0,0.0,1.0,1.0,1.0,0.0,0.0,0.0,0.0,0.0,0.0,0.0,0.0,0.0
constructed_high,high_compressibility,0,24,capacity_aware,2,4,0.9,200,80,110.62,110.0,112.0,112.0,113.0,0.8919641248391104,1.3827500000000001,1.4,1.4125,0.62,2.0,0.39,1.0,1.0,0.64,2.0,0.62,2.0
constructed_high,high_compressibility,0,24,smooth,2,4,0.9,200,80,80.0,80.0,80.0,80.0,80.0,0.0,1.0,1.0,1.0,0.0,0.0,0.0,0.0,0.0,0.0,0.0,0.0,0.0
constructed_high,high_compressibility,0,24,delivery_aware_v2,2,4,0.9,200,80,81.625,81.0,83.0,84.0,84.0,1.2305994474238968,1.0203125,1.05,1.05,1.625,4.0,0.79,0.005,0.0,1.735,4.0,1.58,4.0
constructed_high,high_compressibility,0,24,robust_smooth,2,4,0.9,200,80,80.0,80.0,80.0,80.0,80.0,0.0,1.0,1.0,1.0,0.0,0.0,0.0,0.0,0.0,0.0,0.0,0.0,0.0
constructed_medium,medium_compressibility,0,24,capacity_aware,2,4,1.0,200,73,81.0,81.0,81.0,81.0,81.0,0.0,1.1095890410958904,1.1095890410958904,1.1095890410958904,0.0,0.0,0.0,1.0,1.0,0.0,0.0,0.0,0.0
constructed_medium,medium_compressibility,0,24,smooth,2,4,1.0,200,73,73.0,73.0,73.0,73.0,73.0,0.0,1.0,1.0,1.0,0.0,0.0,0.0,0.0,0.0,0.0,0.0,0.0,0.0
constructed_medium,medium_compressibility,0,24,delivery_aware_v2,2,4,1.0,200,73,73.0,73.0,73.0,73.0,73.0,0.0,1.0,1.0,1.0,0.0,0.0,0.0,0.0,0.0,0.0,0.0,0.0,0.0
constructed_medium,medium_compressibility,0,24,robust_smooth,2,4,1.0,200,73,73.0,73.0,73.0,73.0,73.0,0.0,1.0,1.0,1.0,0.0,0.0,0.0,0.0,0.0,0.0,0.0,0.0,0.0
constructed_medium,medium_compressibility,0,24,capacity_aware,2,4,0.995,200,73,81.0,81.0,81.0,81.0,81.0,0.0,1.1095890410958904,1.1095890410958904,1.1095890410958904,0.0,0.0,0.0,1.0,1.0,0.0,0.0,0.0,0.0
constructed_medium,medium_compressibility,0,24,smooth,2,4,0.995,200,73,73.0,73.0,73.0,73.0,73.0,0.0,1.0,1.0,1.0,0.0,0.0,0.0,0.0,0.0,0.0,0.0,0.0,0.0
constructed_medium,medium_compressibility,0,24,delivery_aware_v2,2,4,0.995,200,73,73.0,73.0,73.0,73.0,73.0,0.0,1.0,1.0,1.0,0.0,0.0,0.0,0.0,0.0,0.0,0.0,0.0,0.0
constructed_medium,medium_compressibility,0,24,robust_smooth,2,4,0.995,200,73,73.0,73.0,73.0,73.0,73.0,0.0,1.0,1.0,1.0,0.0,0.0,0.0,0.0,0.0,0.0,0.0,0.0,0.0
constructed_medium,medium_compressibility,0,24,capacity_aware,2,4,0.99,200,73,81.0,81.0,81.0,81.0,81.0,0.0,1.1095890410958904,1.1095890410958904,1.1095890410958904,0.0,0.0,0.0,1.0,1.0,0.0,0.0,0.0,0.0
constructed_medium,medium_compressibility,0,24,smooth,2,4,0.99,200,73,73.0,73.0,73.0,73.0,73.0,0.0,1.0,1.0,1.0,0.0,0.0,0.0,0.0,0.0,0.0,0.0,0.0,0.0
constructed_medium,medium_compressibility,0,24,delivery_aware_v2,2,4,0.99,200,73,73.0,73.0,73.0,73.0,73.0,0.0,1.0,1.0,1.0,0.0,0.0,0.0,0.0,0.0,0.0,0.0,0.0,0.0
constructed_medium,medium_compressibility,0,24,robust_smooth,2,4,0.99,200,73,73.0,73.0,73.0,73.0,73.0,0.0,1.0,1.0,1.0,0.0,0.0,0.0,0.0,0.0,0.0,0.0,0.0,0.0
constructed_medium,medium_compressibility,0,24,capacity_aware,2,4,0.95,200,73,81.0,81.0,81.0,81.0,81.0,0.0,1.1095890410958904,1.1095890410958904,1.1095890410958904,0.0,0.0,0.0,1.0,1.0,0.0,0.0,0.0,0.0
constructed_medium,medium_compressibility,0,24,smooth,2,4,0.95,200,73,73.0,73.0,73.0,73.0,73.0,0.0,1.0,1.0,1.0,0.0,0.0,0.0,0.0,0.0,0.0,0.0,0.0,0.0
constructed_medium,medium_compressibility,0,24,delivery_aware_v2,2,4,0.95,200,73,73.005,73.0,73.0,73.0,73.0,0.07053367989832943,1.000068493150685,1.0,1.0,0.005,0.0,0.005,0.0,0.0,0.005,0.0,0.005,0.0
constructed_medium,medium_compressibility,0,24,robust_smooth,2,4,0.95,200,73,73.0,73.0,73.0,73.0,73.0,0.0,1.0,1.0,1.0,0.0,0.0,0.0,0.0,0.0,0.0,0.0,0.0,0.0
constructed_medium,medium_compressibility,0,24,capacity_aware,2,4,0.9,200,73,81.0,81.0,81.0,81.0,81.0,0.0,1.1095890410958904,1.1095890410958904,1.1095890410958904,0.0,0.0,0.0,1.0,1.0,0.0,0.0,0.0,0.0
constructed_medium,medium_compressibility,0,24,smooth,2,4,0.9,200,73,73.0,73.0,73.0,73.0,73.0,0.0,1.0,1.0,1.0,0.0,0.0,0.0,0.0,0.0,0.0,0.0,0.0,0.0
constructed_medium,medium_compressibility,0,24,delivery_aware_v2,2,4,0.9,200,73,73.16,73.0,74.0,74.0,75.0,0.4054626986542659,1.0021917808219178,1.0136986301369864,1.0273972602739727,0.16,1.0,0.145,0.0,0.0,0.17,1.0,0.16,1.0
constructed_medium,medium_compressibility,0,24,robust_smooth,2,4,0.9,200,73,73.0,73.0,73.0,73.0,73.0,0.0,1.0,1.0,1.0,0.0,0.0,0.0,0.0,0.0,0.0,0.0,0.0,0.0
multiplier_n8,semi_real_multiplier,0,8,capacity_aware,2,4,1.0,200,42,47.0,47.0,47.0,47.0,47.0,0.0,1.119047619047619,1.119047619047619,1.119047619047619,0.0,0.0,0.0,1.0,1.0,0.0,0.0,0.0,0.0
multiplier_n8,semi_real_multiplier,0,8,smooth,2,4,1.0,200,42,44.0,44.0,44.0,44.0,44.0,0.0,1.0476190476190477,1.0476190476190477,1.0476190476190477,2.0,2.0,1.0,0.0,0.0,4.0,4.0,2.0,2.0
multiplier_n8,semi_real_multiplier,0,8,delivery_aware_v2,2,4,1.0,200,42,44.0,44.0,44.0,44.0,44.0,0.0,1.0476190476190477,1.0476190476190477,1.0476190476190477,2.0,2.0,1.0,0.0,0.0,4.0,4.0,2.0,2.0
multiplier_n8,semi_real_multiplier,0,8,robust_smooth,2,4,1.0,200,42,71.0,71.0,71.0,71.0,71.0,0.0,1.6904761904761905,1.6904761904761902,1.6904761904761905,0.0,0.0,0.0,1.0,1.0,0.0,0.0,0.0,0.0
multiplier_n8,semi_real_multiplier,0,8,capacity_aware,2,4,0.995,200,42,47.0,47.0,47.0,47.0,47.0,0.0,1.119047619047619,1.119047619047619,1.119047619047619,0.0,0.0,0.0,1.0,1.0,0.0,0.0,0.0,0.0
multiplier_n8,semi_real_multiplier,0,8,smooth,2,4,0.995,200,42,44.355,44.0,45.0,45.0,45.00999999999999,0.4989739472156838,1.0560714285714285,1.0714285714285714,1.0716666666666665,2.355,3.0,1.0,0.345,0.0,4.1,5.0,2.045,2.0
multiplier_n8,semi_real_multiplier,0,8,delivery_aware_v2,2,4,0.995,200,42,44.355,44.0,45.0,45.0,45.00999999999999,0.4989739472156838,1.0560714285714285,1.0714285714285714,1.0716666666666665,2.355,3.0,1.0,0.345,0.0,3.835,5.0,2.315,3.0
multiplier_n8,semi_real_multiplier,0,8,robust_smooth,2,4,0.995,200,42,71.0,71.0,71.0,71.0,71.0,0.0,1.6904761904761905,1.6904761904761902,1.6904761904761905,0.0,0.0,0.0,1.0,1.0,0.0,0.0,0.0,0.0
multiplier_n8,semi_real_multiplier,0,8,capacity_aware,2,4,0.99,200,42,47.0,47.0,47.0,47.0,47.0,0.0,1.119047619047619,1.119047619047619,1.119047619047619,0.0,0.0,0.0,1.0,1.0,0.0,0.0,0.0,0.0
multiplier_n8,semi_real_multiplier,0,8,smooth,2,4,0.99,200,42,44.53,44.0,45.0,45.0,46.0,0.5823229344616268,1.0602380952380954,1.0714285714285714,1.0952380952380953,2.53,3.0,1.0,0.485,0.0,4.2,5.049999999999983,2.095,3.0
multiplier_n8,semi_real_multiplier,0,8,delivery_aware_v2,2,4,0.99,200,42,44.53,44.0,45.0,45.0,46.0,0.5823229344616268,1.0602380952380954,1.0714285714285714,1.0952380952380953,2.53,3.0,1.0,0.485,0.0,3.81,5.0,2.465,3.0
multiplier_n8,semi_real_multiplier,0,8,robust_smooth,2,4,0.99,200,42,71.0,71.0,71.0,71.0,71.0,0.0,1.6904761904761905,1.6904761904761902,1.6904761904761905,0.0,0.0,0.0,1.0,1.0,0.0,0.0,0.0,0.0
multiplier_n8,semi_real_multiplier,0,8,capacity_aware,2,4,0.95,200,42,47.07,47.0,47.0,48.0,48.0,0.2740437921208944,1.1207142857142858,1.1428571428571428,1.1428571428571428,0.07,1.0,0.065,1.0,1.0,0.07,1.0,0.07,1.0
multiplier_n8,semi_real_multiplier,0,8,smooth,2,4,0.95,200,42,45.89,46.0,47.0,48.0,48.0,0.9580709785814411,1.0926190476190476,1.1428571428571428,1.1428571428571428,3.89,6.0,1.0,0.965,0.23,5.93,9.0,2.815,4.0
multiplier_n8,semi_real_multiplier,0,8,delivery_aware_v2,2,4,0.95,200,42,45.89,46.0,47.0,48.0,48.0,0.9580709785814411,1.0926190476190476,1.1428571428571428,1.1428571428571428,3.89,6.0,1.0,0.965,0.23,5.105,7.049999999999983,3.55,5.0
multiplier_n8,semi_real_multiplier,0,8,robust_smooth,2,4,0.95,200,42,71.0,71.0,71.0,71.0,71.0,0.0,1.6904761904761905,1.6904761904761902,1.6904761904761905,0.0,0.0,0.0,1.0,1.0,0.0,0.0,0.0,0.0
multiplier_n8,semi_real_multiplier,0,8,capacity_aware,2,4,0.9,200,42,47.985,48.0,49.099999999999994,50.0,51.0,1.0884737020249962,1.1425,1.1904761904761905,1.2142857142857142,0.985,3.0,0.56,1.0,1.0,1.01,3.0,0.98,3.0
multiplier_n8,semi_real_multiplier,0,8,smooth,2,4,0.9,200,42,47.79,48.0,49.099999999999994,50.0,51.0,1.3363756956784272,1.137857142857143,1.1904761904761905,1.2142857142857142,5.79,8.0,1.0,0.995,0.83,8.775,13.0,3.78,5.0
multiplier_n8,semi_real_multiplier,0,8,delivery_aware_v2,2,4,0.9,200,42,47.79,48.0,49.099999999999994,50.0,51.0,1.3363756956784272,1.137857142857143,1.1904761904761905,1.2142857142857142,5.79,8.0,1.0,0.995,0.83,7.515,11.0,4.975,7.0
multiplier_n8,semi_real_multiplier,0,8,robust_smooth,2,4,0.9,200,42,71.0,71.0,71.0,71.0,71.0,0.0,1.6904761904761905,1.6904761904761902,1.6904761904761905,0.0,0.0,0.0,1.0,1.0,0.0,0.0,0.0,0.0
exact_qft_n8,semi_real_qft,0,8,capacity_aware,2,4,1.0,200,26,29.0,29.0,29.0,29.0,29.0,0.0,1.1153846153846154,1.1153846153846154,1.1153846153846154,0.0,0.0,0.0,1.0,1.0,0.0,0.0,0.0,0.0
exact_qft_n8,semi_real_qft,0,8,smooth,2,4,1.0,200,26,26.0,26.0,26.0,26.0,26.0,0.0,1.0,1.0,1.0,0.0,0.0,0.0,0.0,0.0,0.0,0.0,0.0,0.0
exact_qft_n8,semi_real_qft,0,8,delivery_aware_v2,2,4,1.0,200,26,26.0,26.0,26.0,26.0,26.0,0.0,1.0,1.0,1.0,0.0,0.0,0.0,0.0,0.0,0.0,0.0,0.0,0.0
exact_qft_n8,semi_real_qft,0,8,robust_smooth,2,4,1.0,200,26,33.0,33.0,33.0,33.0,33.0,0.0,1.2692307692307692,1.2692307692307692,1.2692307692307692,0.0,0.0,0.0,1.0,1.0,0.0,0.0,0.0,0.0
exact_qft_n8,semi_real_qft,0,8,capacity_aware,2,4,0.995,200,26,29.0,29.0,29.0,29.0,29.0,0.0,1.1153846153846154,1.1153846153846154,1.1153846153846154,0.0,0.0,0.0,1.0,1.0,0.0,0.0,0.0,0.0
exact_qft_n8,semi_real_qft,0,8,smooth,2,4,0.995,200,26,26.0,26.0,26.0,26.0,26.0,0.0,1.0,1.0,1.0,0.0,0.0,0.0,0.0,0.0,0.0,0.0,0.0,0.0
exact_qft_n8,semi_real_qft,0,8,delivery_aware_v2,2,4,0.995,200,26,26.0,26.0,26.0,26.0,26.0,0.0,1.0,1.0,1.0,0.0,0.0,0.0,0.0,0.0,0.0,0.0,0.0,0.0
exact_qft_n8,semi_real_qft,0,8,robust_smooth,2,4,0.995,200,26,33.0,33.0,33.0,33.0,33.0,0.0,1.2692307692307692,1.2692307692307692,1.2692307692307692,0.0,0.0,0.0,1.0,1.0,0.0,0.0,0.0,0.0
exact_qft_n8,semi_real_qft,0,8,capacity_aware,2,4,0.99,200,26,29.0,29.0,29.0,29.0,29.0,0.0,1.1153846153846154,1.1153846153846154,1.1153846153846154,0.0,0.0,0.0,1.0,1.0,0.0,0.0,0.0,0.0
exact_qft_n8,semi_real_qft,0,8,smooth,2,4,0.99,200,26,26.0,26.0,26.0,26.0,26.0,0.0,1.0,1.0,1.0,0.0,0.0,0.0,0.0,0.0,0.0,0.0,0.0,0.0
exact_qft_n8,semi_real_qft,0,8,delivery_aware_v2,2,4,0.99,200,26,26.0,26.0,26.0,26.0,26.0,0.0,1.0,1.0,1.0,0.0,0.0,0.0,0.0,0.0,0.0,0.0,0.0,0.0
exact_qft_n8,semi_real_qft,0,8,robust_smooth,2,4,0.99,200,26,33.0,33.0,33.0,33.0,33.0,0.0,1.2692307692307692,1.2692307692307692,1.2692307692307692,0.0,0.0,0.0,1.0,1.0,0.0,0.0,0.0,0.0
exact_qft_n8,semi_real_qft,0,8,capacity_aware,2,4,0.95,200,26,29.0,29.0,29.0,29.0,29.0,0.0,1.1153846153846154,1.1153846153846154,1.1153846153846154,0.0,0.0,0.0,1.0,1.0,0.0,0.0,0.0,0.0
exact_qft_n8,semi_real_qft,0,8,smooth,2,4,0.95,200,26,26.015,26.0,26.0,26.0,26.00999999999999,0.15740076238697195,1.000576923076923,1.0,1.000384615384615,0.015,0.0,0.01,0.005,0.0,0.02,0.0,0.01,0.0
exact_qft_n8,semi_real_qft,0,8,delivery_aware_v2,2,4,0.95,200,26,26.03,26.0,26.0,26.0,27.0,0.1977371993328519,1.001153846153846,1.0,1.0384615384615385,0.03,0.0,0.025,0.005,0.0,0.03,0.0,0.03,0.0
exact_qft_n8,semi_real_qft,0,8,robust_smooth,2,4,0.95,200,26,33.0,33.0,33.0,33.0,33.0,0.0,1.2692307692307692,1.2692307692307692,1.2692307692307692,0.0,0.0,0.0,1.0,1.0,0.0,0.0,0.0,0.0
exact_qft_n8,semi_real_qft,0,8,capacity_aware,2,4,0.9,200,26,29.0,29.0,29.0,29.0,29.0,0.0,1.1153846153846154,1.1153846153846154,1.1153846153846154,0.0,0.0,0.0,1.0,1.0,0.0,0.0,0.0,0.0
exact_qft_n8,semi_real_qft,0,8,smooth,2,4,0.9,200,26,26.105,26.0,26.099999999999994,27.0,27.0,0.3224515467477245,1.0040384615384617,1.0384615384615385,1.0384615384615385,0.105,1.0,0.1,0.005,0.0,0.12,1.0,0.1,1.0
exact_qft_n8,semi_real_qft,0,8,delivery_aware_v2,2,4,0.9,200,26,26.305,26.0,27.0,27.049999999999983,28.0,0.5585472227126369,1.011730769230769,1.0403846153846148,1.0769230769230769,0.305,1.049999999999983,0.255,0.05,0.0,0.32,2.0,0.295,1.0
exact_qft_n8,semi_real_qft,0,8,robust_smooth,2,4,0.9,200,26,33.0,33.0,33.0,33.0,33.0,0.0,1.2692307692307692,1.2692307692307692,1.2692307692307692,0.0,0.0,0.0,1.0,1.0,0.0,0.0,0.0,0.0
larger_multiplier_n16,semi_real_multiplier_larger,0,16,capacity_aware,3,0,1.0,200,82,114.0,114.0,114.0,114.0,114.0,0.0,1.390243902439024,1.3902439024390243,1.3902439024390243,0.0,0.0,0.0,1.0,1.0,0.0,0.0,0.0,0.0
larger_multiplier_n16,semi_real_multiplier_larger,0,16,smooth,3,0,1.0,200,82,112.0,112.0,112.0,112.0,112.0,0.0,1.3658536585365855,1.3658536585365855,1.3658536585365855,21.0,21.0,1.0,1.0,1.0,55.0,55.0,9.0,9.0
larger_multiplier_n16,semi_real_multiplier_larger,0,16,delivery_aware_v2,3,0,1.0,200,82,112.0,112.0,112.0,112.0,112.0,0.0,1.3658536585365855,1.3658536585365855,1.3658536585365855,21.0,21.0,1.0,1.0,1.0,55.0,55.0,9.0,9.0
larger_multiplier_n16,semi_real_multiplier_larger,0,16,robust_smooth,3,0,1.0,200,82,135.0,135.0,135.0,135.0,135.0,0.0,1.646341463414634,1.646341463414634,1.646341463414634,0.0,0.0,0.0,1.0,1.0,0.0,0.0,0.0,0.0
larger_multiplier_n16,semi_real_multiplier_larger,0,16,capacity_aware,3,0,0.995,200,82,114.005,114.0,114.0,114.0,114.0,0.07053367989832943,1.3903048780487806,1.3902439024390243,1.3902439024390243,0.005,0.0,0.005,1.0,1.0,0.005,0.0,0.005,0.0
larger_multiplier_n16,semi_real_multiplier_larger,0,16,smooth,3,0,0.995,200,82,112.725,113.0,113.0,113.0,114.0,0.4993746088859545,1.3746951219512196,1.3780487804878048,1.3902439024390243,21.725,22.0,1.0,1.0,1.0,55.57,58.0,9.0,9.0
larger_multiplier_n16,semi_real_multiplier_larger,0,16,delivery_aware_v2,3,0,0.995,200,82,112.725,113.0,113.0,113.0,114.0,0.4993746088859545,1.3746951219512196,1.3780487804878048,1.3902439024390243,21.725,22.0,1.0,1.0,1.0,55.57,58.0,9.0,9.0
larger_multiplier_n16,semi_real_multiplier_larger,0,16,robust_smooth,3,0,0.995,200,82,135.0,135.0,135.0,135.0,135.0,0.0,1.646341463414634,1.646341463414634,1.646341463414634,0.0,0.0,0.0,1.0,1.0,0.0,0.0,0.0,0.0
larger_multiplier_n16,semi_real_multiplier_larger,0,16,capacity_aware,3,0,0.99,200,82,114.19,114.0,115.0,115.0,115.00999999999999,0.41701318923986086,1.3925609756097561,1.4024390243902438,1.402560975609756,0.19,1.0,0.18,1.0,1.0,0.19,1.0,0.19,1.0
larger_multiplier_n16,semi_real_multiplier_larger,0,16,smooth,3,0,0.99,200,82,113.27,113.0,114.0,114.0,115.0,0.6140846847137617,1.3813414634146342,1.3902439024390243,1.4024390243902438,22.27,23.0,1.0,1.0,1.0,57.005,60.0,9.045,9.0
larger_multiplier_n16,semi_real_multiplier_larger,0,16,delivery_aware_v2,3,0,0.99,200,82,113.27,113.0,114.0,114.0,115.0,0.6140846847137617,1.3813414634146342,1.3902439024390243,1.4024390243902438,22.27,23.0,1.0,1.0,1.0,57.005,60.0,9.045,9.0
larger_multiplier_n16,semi_real_multiplier_larger,0,16,robust_smooth,3,0,0.99,200,82,135.0,135.0,135.0,135.0,135.0,0.0,1.646341463414634,1.646341463414634,1.646341463414634,0.0,0.0,0.0,1.0,1.0,0.0,0.0,0.0,0.0
larger_multiplier_n16,semi_real_multiplier_larger,0,16,capacity_aware,3,0,0.95,200,82,117.325,117.0,119.0,119.0,120.0,1.2121777922400658,1.4307926829268292,1.451219512195122,1.4634146341463414,3.325,5.0,1.0,1.0,1.0,3.455,6.0,3.325,5.0
larger_multiplier_n16,semi_real_multiplier_larger,0,16,smooth,3,0,0.95,200,82,117.05,117.0,119.0,119.0,120.0,1.291317157014496,1.427439024390244,1.451219512195122,1.4634146341463414,26.05,28.0,1.0,1.0,1.0,62.93,67.04999999999998,10.565,12.0
larger_multiplier_n16,semi_real_multiplier_larger,0,16,delivery_aware_v2,3,0,0.95,200,82,117.05,117.0,119.0,119.0,120.0,1.291317157014496,1.427439024390244,1.451219512195122,1.4634146341463414,26.05,28.0,1.0,1.0,1.0,62.9,67.04999999999998,10.58,12.0
larger_multiplier_n16,semi_real_multiplier_larger,0,16,robust_smooth,3,0,0.95,200,82,135.0,135.0,135.0,135.0,135.0,0.0,1.646341463414634,1.646341463414634,1.646341463414634,0.0,0.0,0.0,1.0,1.0,0.0,0.0,0.0,0.0
larger_multiplier_n16,semi_real_multiplier_larger,0,16,capacity_aware,3,0,0.9,200,82,122.105,122.0,124.0,125.0,126.0,1.7475625882926196,1.4890853658536585,1.524390243902439,1.5365853658536586,8.105,11.0,1.0,1.0,1.0,8.82,12.0,8.07,11.0
larger_multiplier_n16,semi_real_multiplier_larger,0,16,smooth,3,0,0.9,200,82,122.045,122.0,124.0,125.0,126.0,1.792477335979454,1.4883536585365855,1.524390243902439,1.5365853658536586,31.045,34.0,1.0,1.0,1.0,69.48,75.0,12.825,15.0
larger_multiplier_n16,semi_real_multiplier_larger,0,16,delivery_aware_v2,3,0,0.9,200,82,122.045,122.0,124.0,125.0,126.0,1.792477335979454,1.4883536585365855,1.524390243902439,1.5365853658536586,31.045,34.0,1.0,1.0,1.0,69.41,75.0,12.87,15.0
larger_multiplier_n16,semi_real_multiplier_larger,0,16,robust_smooth,3,0,0.9,200,82,135.0,135.0,135.0,135.0,135.0,0.0,1.646341463414634,1.646341463414634,1.646341463414634,0.0,0.0,0.0,1.0,1.0,0.0,0.0,0.0,0.0
larger_multiplier_n16,semi_real_multiplier_larger,0,16,capacity_aware,3,8,1.0,200,82,114.0,114.0,114.0,114.0,114.0,0.0,1.390243902439024,1.3902439024390243,1.3902439024390243,0.0,0.0,0.0,1.0,1.0,0.0,0.0,0.0,0.0
larger_multiplier_n16,semi_real_multiplier_larger,0,16,smooth,3,8,1.0,200,82,110.0,110.0,110.0,110.0,110.0,0.0,1.3414634146341464,1.3414634146341464,1.3414634146341464,19.0,19.0,1.0,1.0,1.0,47.0,47.0,8.0,8.0
larger_multiplier_n16,semi_real_multiplier_larger,0,16,delivery_aware_v2,3,8,1.0,200,82,110.0,110.0,110.0,110.0,110.0,0.0,1.3414634146341464,1.3414634146341464,1.3414634146341464,19.0,19.0,1.0,1.0,1.0,47.0,47.0,8.0,8.0
larger_multiplier_n16,semi_real_multiplier_larger,0,16,robust_smooth,3,8,1.0,200,82,135.0,135.0,135.0,135.0,135.0,0.0,1.646341463414634,1.646341463414634,1.646341463414634,0.0,0.0,0.0,1.0,1.0,0.0,0.0,0.0,0.0
larger_multiplier_n16,semi_real_multiplier_larger,0,16,capacity_aware,3,8,0.995,200,82,114.0,114.0,114.0,114.0,114.0,0.0,1.390243902439024,1.3902439024390243,1.3902439024390243,0.0,0.0,0.0,1.0,1.0,0.0,0.0,0.0,0.0
larger_multiplier_n16,semi_real_multiplier_larger,0,16,smooth,3,8,0.995,200,82,110.15,110.0,111.0,111.0,111.0,0.37080992435478316,1.3432926829268295,1.353658536585366,1.353658536585366,19.15,20.0,1.0,1.0,1.0,48.8,51.0,8.0,8.0
larger_multiplier_n16,semi_real_multiplier_larger,0,16,delivery_aware_v2,3,8,0.995,200,82,110.15,110.0,111.0,111.0,111.0,0.37080992435478316,1.3432926829268295,1.353658536585366,1.353658536585366,19.15,20.0,1.0,1.0,1.0,47.785,51.0,8.515,9.0
larger_multiplier_n16,semi_real_multiplier_larger,0,16,robust_smooth,3,8,0.995,200,82,135.0,135.0,135.0,135.0,135.0,0.0,1.646341463414634,1.646341463414634,1.646341463414634,0.0,0.0,0.0,1.0,1.0,0.0,0.0,0.0,0.0
larger_multiplier_n16,semi_real_multiplier_larger,0,16,capacity_aware,3,8,0.99,200,82,114.0,114.0,114.0,114.0,114.0,0.0,1.390243902439024,1.3902439024390243,1.3902439024390243,0.0,0.0,0.0,1.0,1.0,0.0,0.0,0.0,0.0
larger_multiplier_n16,semi_real_multiplier_larger,0,16,smooth,3,8,0.99,200,82,110.54,110.0,111.0,111.04999999999998,112.0,0.5902541825349483,1.348048780487805,1.3542682926829268,1.3658536585365855,19.54,20.049999999999983,1.0,1.0,1.0,50.07,53.0,8.005,8.0
larger_multiplier_n16,semi_real_multiplier_larger,0,16,delivery_aware_v2,3,8,0.99,200,82,110.54,110.0,111.0,111.04999999999998,112.0,0.5902541825349483,1.348048780487805,1.3542682926829268,1.3658536585365855,19.54,20.049999999999983,1.0,1.0,1.0,48.505,52.0,8.825,10.0
larger_multiplier_n16,semi_real_multiplier_larger,0,16,robust_smooth,3,8,0.99,200,82,135.0,135.0,135.0,135.0,135.0,0.0,1.646341463414634,1.646341463414634,1.646341463414634,0.0,0.0,0.0,1.0,1.0,0.0,0.0,0.0,0.0
larger_multiplier_n16,semi_real_multiplier_larger,0,16,capacity_aware,3,8,0.95,200,82,114.555,114.0,116.0,116.0,118.0,0.8467437628940647,1.3970121951219512,1.4146341463414633,1.4390243902439024,0.555,2.0,0.39,1.0,1.0,0.57,2.0,0.555,2.0
larger_multiplier_n16,semi_real_multiplier_larger,0,16,smooth,3,8,0.95,200,82,113.97,114.0,115.0,116.0,117.00999999999999,1.2685030547854428,1.3898780487804876,1.4146341463414633,1.426951219512195,22.97,25.0,1.0,1.0,1.0,57.39,64.0,8.8,9.0
larger_multiplier_n16,semi_real_multiplier_larger,0,16,delivery_aware_v2,3,8,0.95,200,82,113.97,114.0,115.0,116.0,117.00999999999999,1.2685030547854428,1.3898780487804876,1.4146341463414633,1.426951219512195,22.97,25.0,1.0,1.0,1.0,54.395,60.0,10.645,12.0
larger_multiplier_n16,semi_real_multiplier_larger,0,16,robust_smooth,3,8,0.95,200,82,135.0,135.0,135.0,135.0,135.0,0.0,1.646341463414634,1.646341463414634,1.646341463414634,0.0,0.0,0.0,1.0,1.0,0.0,0.0,0.0,0.0
larger_multiplier_n16,semi_real_multiplier_larger,0,16,capacity_aware,3,8,0.9,200,82,119.005,119.0,121.0,122.0,123.0,1.7649291770493227,1.451280487804878,1.4878048780487805,1.5,5.005,8.0,0.995,1.0,1.0,5.52,9.0,4.99,8.0
larger_multiplier_n16,semi_real_multiplier_larger,0,16,smooth,3,8,0.9,200,82,118.965,119.0,121.0,122.0,123.0,1.803822330497103,1.4507926829268292,1.4878048780487805,1.5,27.965,31.0,1.0,1.0,1.0,65.96,72.0,9.965,12.0
larger_multiplier_n16,semi_real_multiplier_larger,0,16,delivery_aware_v2,3,8,0.9,200,82,118.965,119.0,121.0,122.0,123.0,1.803822330497103,1.4507926829268292,1.4878048780487805,1.5,27.965,31.0,1.0,1.0,1.0,62.145,69.0,13.03,15.0
larger_multiplier_n16,semi_real_multiplier_larger,0,16,robust_smooth,3,8,0.9,200,82,135.0,135.0,135.0,135.0,135.0,0.0,1.646341463414634,1.646341463414634,1.646341463414634,0.0,0.0,0.0,1.0,1.0,0.0,0.0,0.0,0.0
