workload,family,seed,n,schedule,C,B,T_static,T_exe,stall_cycles,slowdown,Delta_max,L_backlog,feasible
constructed_high,high_compressibility,0,24,static,1,0,80,139,59,1.7375,59,68,True
constructed_high,high_compressibility,0,24,capacity_aware,1,0,140,140,0,1.0,0,0,True
constructed_high,high_compressibility,0,24,smooth,1,0,80,80,0,1.0,0,0,True
constructed_high,high_compressibility,0,24,static,1,4,80,135,55,1.6875,59,64,True
constructed_high,high_compressibility,0,24,capacity_aware,1,4,140,140,0,1.0,0,0,True
constructed_high,high_compressibility,0,24,smooth,1,4,80,80,0,1.0,0,0,True
constructed_high,high_compressibility,0,24,static,1,8,80,131,51,1.6375,59,59,True
constructed_high,high_compressibility,0,24,capacity_aware,1,8,140,140,0,1.0,0,0,True
constructed_high,high_compressibility,0,24,smooth,1,8,80,80,0,1.0,0,0,True
constructed_high,high_compressibility,0,24,static,1,12,80,127,47,1.5875,59,54,True
constructed_high,high_compressibility,0,24,capacity_aware,1,12,140,140,0,1.0,0,0,True
constructed_high,high_compressibility,0,24,smooth,1,12,80,80,0,1.0,0,0,True
constructed_high,high_compressibility,0,24,static,2,0,80,109,29,1.3625,57,31,True
constructed_high,high_compressibility,0,24,capacity_aware,2,0,110,110,0,1.0,0,0,True
constructed_high,high_compressibility,0,24,smooth,2,0,80,80,0,1.0,0,0,True
constructed_high,high_compressibility,0,24,static,2,4,80,107,27,1.3375,57,29,True
constructed_high,high_compressibility,0,24,capacity_aware,2,4,110,110,0,1.0,0,0,True
constructed_high,high_compressibility,0,24,smooth,2,4,80,80,0,1.0,0,0,True
constructed_high,high_compressibility,0,24,static,2,8,80,105,25,1.3125,57,26,True
constructed_high,high_compressibility,0,24,capacity_aware,2,8,110,110,0,1.0,0,0,True
constructed_high,high_compressibility,0,24,smooth,2,8,80,80,0,1.0,0,0,True
constructed_high,high_compressibility,0,24,static,2,12,80,103,23,1.2875,57,24,True
constructed_high,high_compressibility,0,24,capacity_aware,2,12,110,110,0,1.0,0,0,True
constructed_high,high_compressibility,0,24,smooth,2,12,80,80,0,1.0,0,0,True
constructed_high,high_compressibility,0,24,static,3,0,80,99,19,1.2375,55,19,True
constructed_high,high_compressibility,0,24,capacity_aware,3,0,100,100,0,1.0,0,0,True
constructed_high,high_compressibility,0,24,smooth,3,0,80,80,0,1.0,0,0,True
constructed_high,high_compressibility,0,24,static,3,4,80,97,17,1.2125,55,18,True
constructed_high,high_compressibility,0,24,capacity_aware,3,4,100,100,0,1.0,0,0,True
constructed_high,high_compressibility,0,24,smooth,3,4,80,80,0,1.0,0,0,True
constructed_high,high_compressibility,0,24,static,3,8,80,96,16,1.2,55,17,True
constructed_high,high_compressibility,0,24,capacity_aware,3,8,100,100,0,1.0,0,0,True
constructed_high,high_compressibility,0,24,smooth,3,8,80,80,0,1.0,0,0,True
constructed_high,high_compressibility,0,24,static,3,12,80,95,15,1.1875,55,15,True
constructed_high,high_compressibility,0,24,capacity_aware,3,12,100,100,0,1.0,0,0,True
constructed_high,high_compressibility,0,24,smooth,3,12,80,80,0,1.0,0,0,True
constructed_high,high_compressibility,0,24,static,4,0,80,94,14,1.175,53,14,True
constructed_high,high_compressibility,0,24,capacity_aware,4,0,95,95,0,1.0,0,0,True
constructed_high,high_compressibility,0,24,smooth,4,0,80,80,0,1.0,0,0,True
constructed_high,high_compressibility,0,24,static,4,4,80,93,13,1.1625,53,13,True
constructed_high,high_compressibility,0,24,capacity_aware,4,4,95,95,0,1.0,0,0,True
constructed_high,high_compressibility,0,24,smooth,4,4,80,80,0,1.0,0,0,True
constructed_high,high_compressibility,0,24,static,4,8,80,92,12,1.15,53,12,True
constructed_high,high_compressibility,0,24,capacity_aware,4,8,95,95,0,1.0,0,0,True
constructed_high,high_compressibility,0,24,smooth,4,8,80,80,0,1.0,0,0,True
constructed_high,high_compressibility,0,24,static,4,12,80,91,11,1.1375,53,11,True
constructed_high,high_compressibility,0,24,capacity_aware,4,12,95,95,0,1.0,0,0,True
constructed_high,high_compressibility,0,24,smooth,4,12,80,80,0,1.0,0,0,True
constructed_high,high_compressibility,0,24,static,5,0,80,91,11,1.1375,51,11,True
constructed_high,high_compressibility,0,24,capacity_aware,5,0,92,92,0,1.0,0,0,True
constructed_high,high_compressibility,0,24,smooth,5,0,80,80,0,1.0,0,0,True
constructed_high,high_compressibility,0,24,static,5,4,80,90,10,1.125,51,10,True
constructed_high,high_compressibility,0,24,capacity_aware,5,4,92,92,0,1.0,0,0,True
constructed_high,high_compressibility,0,24,smooth,5,4,80,80,0,1.0,0,0,True
constructed_high,high_compressibility,0,24,static,5,8,80,89,9,1.1125,51,9,True
constructed_high,high_compressibility,0,24,capacity_aware,5,8,92,92,0,1.0,0,0,True
constructed_high,high_compressibility,0,24,smooth,5,8,80,80,0,1.0,0,0,True
constructed_high,high_compressibility,0,24,static,5,12,80,88,8,1.1,51,8,True
constructed_high,high_compressibility,0,24,capacity_aware,5,12,92,92,0,1.0,0,0,True
constructed_high,high_compressibility,0,24,smooth,5,12,80,80,0,1.0,0,0,True
constructed_medium,medium_compressibility,0,24,static,1,0,73,94,21,1.2876712328767124,21,44,True
constructed_medium,medium_compressibility,0,24,capacity_aware,1,0,99,99,0,1.0,0,0,True
constructed_medium,medium_compressibility,0,24,smooth,1,0,73,87,14,1.1917808219178083,14,30,True
constructed_medium,medium_compressibility,0,24,static,1,4,73,90,17,1.2328767123287672,21,37,True
constructed_medium,medium_compressibility,0,24,capacity_aware,1,4,99,99,0,1.0,0,0,True
constructed_medium,medium_compressibility,0,24,smooth,1,4,73,83,10,1.1369863013698631,14,20,True
constructed_medium,medium_compressibility,0,24,static,1,8,73,86,13,1.178082191780822,21,26,True
constructed_medium,medium_compressibility,0,24,capacity_aware,1,8,99,99,0,1.0,0,0,True
constructed_medium,medium_compressibility,0,24,smooth,1,8,73,79,6,1.082191780821918,14,12,True
constructed_medium,medium_compressibility,0,24,static,1,12,73,82,9,1.1232876712328768,21,17,True
constructed_medium,medium_compressibility,0,24,capacity_aware,1,12,99,99,0,1.0,0,0,True
constructed_medium,medium_compressibility,0,24,smooth,1,12,73,75,2,1.0273972602739727,14,2,True
constructed_medium,medium_compressibility,0,24,static,2,0,73,75,2,1.0273972602739727,4,4,True
constructed_medium,medium_compressibility,0,24,capacity_aware,2,0,81,81,0,1.0,0,0,True
constructed_medium,medium_compressibility,0,24,smooth,2,0,73,73,0,1.0,0,0,True
constructed_medium,medium_compressibility,0,24,static,2,4,73,73,0,1.0,4,0,True
constructed_medium,medium_compressibility,0,24,capacity_aware,2,4,81,81,0,1.0,0,0,True
constructed_medium,medium_compressibility,0,24,smooth,2,4,73,73,0,1.0,0,0,True
constructed_medium,medium_compressibility,0,24,static,2,8,73,73,0,1.0,4,0,True
constructed_medium,medium_compressibility,0,24,capacity_aware,2,8,81,81,0,1.0,0,0,True
constructed_medium,medium_compressibility,0,24,smooth,2,8,73,73,0,1.0,0,0,True
constructed_medium,medium_compressibility,0,24,static,2,12,73,73,0,1.0,4,0,True
constructed_medium,medium_compressibility,0,24,capacity_aware,2,12,81,81,0,1.0,0,0,True
constructed_medium,medium_compressibility,0,24,smooth,2,12,73,73,0,1.0,0,0,True
constructed_medium,medium_compressibility,0,24,static,3,0,73,74,1,1.0136986301369864,2,1,True
constructed_medium,medium_compressibility,0,24,capacity_aware,3,0,78,78,0,1.0,0,0,True
constructed_medium,medium_compressibility,0,24,smooth,3,0,73,73,0,1.0,0,0,True
constructed_medium,medium_compressibility,0,24,static,3,4,73,73,0,1.0,2,0,True
constructed_medium,medium_compressibility,0,24,capacity_aware,3,4,78,78,0,1.0,0,0,True
constructed_medium,medium_compressibility,0,24,smooth,3,4,73,73,0,1.0,0,0,True
constructed_medium,medium_compressibility,0,24,static,3,8,73,73,0,1.0,2,0,True
constructed_medium,medium_compressibility,0,24,capacity_aware,3,8,78,78,0,1.0,0,0,True
constructed_medium,medium_compressibility,0,24,smooth,3,8,73,73,0,1.0,0,0,True
constructed_medium,medium_compressibility,0,24,static,3,12,73,73,0,1.0,2,0,True
constructed_medium,medium_compressibility,0,24,capacity_aware,3,12,78,78,0,1.0,0,0,True
constructed_medium,medium_compressibility,0,24,smooth,3,12,73,73,0,1.0,0,0,True
constructed_medium,medium_compressibility,0,24,static,4,0,73,73,0,1.0,0,0,True
constructed_medium,medium_compressibility,0,24,capacity_aware,4,0,75,75,0,1.0,0,0,True
constructed_medium,medium_compressibility,0,24,smooth,4,0,73,73,0,1.0,0,0,True
constructed_medium,medium_compressibility,0,24,static,4,4,73,73,0,1.0,0,0,True
constructed_medium,medium_compressibility,0,24,capacity_aware,4,4,75,75,0,1.0,0,0,True
constructed_medium,medium_compressibility,0,24,smooth,4,4,73,73,0,1.0,0,0,True
constructed_medium,medium_compressibility,0,24,static,4,8,73,73,0,1.0,0,0,True
constructed_medium,medium_compressibility,0,24,capacity_aware,4,8,75,75,0,1.0,0,0,True
constructed_medium,medium_compressibility,0,24,smooth,4,8,73,73,0,1.0,0,0,True
constructed_medium,medium_compressibility,0,24,static,4,12,73,73,0,1.0,0,0,True
constructed_medium,medium_compressibility,0,24,capacity_aware,4,12,75,75,0,1.0,0,0,True
constructed_medium,medium_compressibility,0,24,smooth,4,12,73,73,0,1.0,0,0,True
constructed_medium,medium_compressibility,0,24,static,5,0,73,73,0,1.0,0,0,True
constructed_medium,medium_compressibility,0,24,capacity_aware,5,0,75,75,0,1.0,0,0,True
constructed_medium,medium_compressibility,0,24,smooth,5,0,73,73,0,1.0,0,0,True
constructed_medium,medium_compressibility,0,24,static,5,4,73,73,0,1.0,0,0,True
constructed_medium,medium_compressibility,0,24,capacity_aware,5,4,75,75,0,1.0,0,0,True
constructed_medium,medium_compressibility,0,24,smooth,5,4,73,73,0,1.0,0,0,True
constructed_medium,medium_compressibility,0,24,static,5,8,73,73,0,1.0,0,0,True
constructed_medium,medium_compressibility,0,24,capacity_aware,5,8,75,75,0,1.0,0,0,True
constructed_medium,medium_compressibility,0,24,smooth,5,8,73,73,0,1.0,0,0,True
constructed_medium,medium_compressibility,0,24,static,5,12,73,73,0,1.0,0,0,True
constructed_medium,medium_compressibility,0,24,capacity_aware,5,12,75,75,0,1.0,0,0,True
constructed_medium,medium_compressibility,0,24,smooth,5,12,73,73,0,1.0,0,0,True
constructed_low,low_compressibility,0,24,static,1,0,110,110,0,1.0,0,0,True
constructed_low,low_compressibility,0,24,capacity_aware,1,0,110,110,0,1.0,0,0,True
constructed_low,low_compressibility,0,24,smooth,1,0,110,110,0,1.0,0,0,True
constructed_low,low_compressibility,0,24,static,1,4,110,110,0,1.0,0,0,True
constructed_low,low_compressibility,0,24,capacity_aware,1,4,110,110,0,1.0,0,0,True
constructed_low,low_compressibility,0,24,smooth,1,4,110,110,0,1.0,0,0,True
constructed_low,low_compressibility,0,24,static,1,8,110,110,0,1.0,0,0,True
constructed_low,low_compressibility,0,24,capacity_aware,1,8,110,110,0,1.0,0,0,True
constructed_low,low_compressibility,0,24,smooth,1,8,110,110,0,1.0,0,0,True
constructed_low,low_compressibility,0,24,static,1,12,110,110,0,1.0,0,0,True
constructed_low,low_compressibility,0,24,capacity_aware,1,12,110,110,0,1.0,0,0,True
constructed_low,low_compressibility,0,24,smooth,1,12,110,110,0,1.0,0,0,True
constructed_low,low_compressibility,0,24,static,2,0,110,110,0,1.0,0,0,True
constructed_low,low_compressibility,0,24,capacity_aware,2,0,110,110,0,1.0,0,0,True
constructed_low,low_compressibility,0,24,smooth,2,0,110,110,0,1.0,0,0,True
constructed_low,low_compressibility,0,24,static,2,4,110,110,0,1.0,0,0,True
constructed_low,low_compressibility,0,24,capacity_aware,2,4,110,110,0,1.0,0,0,True
constructed_low,low_compressibility,0,24,smooth,2,4,110,110,0,1.0,0,0,True
constructed_low,low_compressibility,0,24,static,2,8,110,110,0,1.0,0,0,True
constructed_low,low_compressibility,0,24,capacity_aware,2,8,110,110,0,1.0,0,0,True
constructed_low,low_compressibility,0,24,smooth,2,8,110,110,0,1.0,0,0,True
constructed_low,low_compressibility,0,24,static,2,12,110,110,0,1.0,0,0,True
constructed_low,low_compressibility,0,24,capacity_aware,2,12,110,110,0,1.0,0,0,True
constructed_low,low_compressibility,0,24,smooth,2,12,110,110,0,1.0,0,0,True
constructed_low,low_compressibility,0,24,static,3,0,110,110,0,1.0,0,0,True
constructed_low,low_compressibility,0,24,capacity_aware,3,0,110,110,0,1.0,0,0,True
constructed_low,low_compressibility,0,24,smooth,3,0,110,110,0,1.0,0,0,True
constructed_low,low_compressibility,0,24,static,3,4,110,110,0,1.0,0,0,True
constructed_low,low_compressibility,0,24,capacity_aware,3,4,110,110,0,1.0,0,0,True
constructed_low,low_compressibility,0,24,smooth,3,4,110,110,0,1.0,0,0,True
constructed_low,low_compressibility,0,24,static,3,8,110,110,0,1.0,0,0,True
constructed_low,low_compressibility,0,24,capacity_aware,3,8,110,110,0,1.0,0,0,True
constructed_low,low_compressibility,0,24,smooth,3,8,110,110,0,1.0,0,0,True
constructed_low,low_compressibility,0,24,static,3,12,110,110,0,1.0,0,0,True
constructed_low,low_compressibility,0,24,capacity_aware,3,12,110,110,0,1.0,0,0,True
constructed_low,low_compressibility,0,24,smooth,3,12,110,110,0,1.0,0,0,True
constructed_low,low_compressibility,0,24,static,4,0,110,110,0,1.0,0,0,True
constructed_low,low_compressibility,0,24,capacity_aware,4,0,110,110,0,1.0,0,0,True
constructed_low,low_compressibility,0,24,smooth,4,0,110,110,0,1.0,0,0,True
constructed_low,low_compressibility,0,24,static,4,4,110,110,0,1.0,0,0,True
constructed_low,low_compressibility,0,24,capacity_aware,4,4,110,110,0,1.0,0,0,True
constructed_low,low_compressibility,0,24,smooth,4,4,110,110,0,1.0,0,0,True
constructed_low,low_compressibility,0,24,static,4,8,110,110,0,1.0,0,0,True
constructed_low,low_compressibility,0,24,capacity_aware,4,8,110,110,0,1.0,0,0,True
constructed_low,low_compressibility,0,24,smooth,4,8,110,110,0,1.0,0,0,True
constructed_low,low_compressibility,0,24,static,4,12,110,110,0,1.0,0,0,True
constructed_low,low_compressibility,0,24,capacity_aware,4,12,110,110,0,1.0,0,0,True
constructed_low,low_compressibility,0,24,smooth,4,12,110,110,0,1.0,0,0,True
constructed_low,low_compressibility,0,24,static,5,0,110,110,0,1.0,0,0,True
constructed_low,low_compressibility,0,24,capacity_aware,5,0,110,110,0,1.0,0,0,True
constructed_low,low_compressibility,0,24,smooth,5,0,110,110,0,1.0,0,0,True
constructed_low,low_compressibility,0,24,static,5,4,110,110,0,1.0,0,0,True
constructed_low,low_compressibility,0,24,capacity_aware,5,4,110,110,0,1.0,0,0,True
constructed_low,low_compressibility,0,24,smooth,5,4,110,110,0,1.0,0,0,True
constructed_low,low_compressibility,0,24,static,5,8,110,110,0,1.0,0,0,True
constructed_low,low_compressibility,0,24,capacity_aware,5,8,110,110,0,1.0,0,0,True
constructed_low,low_compressibility,0,24,smooth,5,8,110,110,0,1.0,0,0,True
constructed_low,low_compressibility,0,24,static,5,12,110,110,0,1.0,0,0,True
constructed_low,low_compressibility,0,24,capacity_aware,5,12,110,110,0,1.0,0,0,True
constructed_low,low_compressibility,0,24,smooth,5,12,110,110,0,1.0,0,0,True
constructed_high,high_compressibility,1,24,static,1,0,76,132,56,1.736842105263158,56,65,True
constructed_high,high_compressibility,1,24,capacity_aware,1,0,133,133,0,1.0,0,0,True
constructed_high,high_compressibility,1,24,smooth,1,0,76,76,0,1.0,0,0,True
constructed_high,high_compressibility,1,24,static,1,4,76,128,52,1.6842105263157894,56,60,True
constructed_high,high_compressibility,1,24,capacity_aware,1,4,133,133,0,1.0,0,0,True
constructed_high,high_compressibility,1,24,smooth,1,4,76,76,0,1.0,0,0,True
constructed_high,high_compressibility,1,24,static,1,8,76,124,48,1.631578947368421,56,55,True
constructed_high,high_compressibility,1,24,capacity_aware,1,8,133,133,0,1.0,0,0,True
constructed_high,high_compressibility,1,24,smooth,1,8,76,76,0,1.0,0,0,True
constructed_high,high_compressibility,1,24,static,1,12,76,120,44,1.5789473684210527,56,51,True
constructed_high,high_compressibility,1,24,capacity_aware,1,12,133,133,0,1.0,0,0,True
constructed_high,high_compressibility,1,24,smooth,1,12,76,76,0,1.0,0,0,True
constructed_high,high_compressibility,1,24,static,2,0,76,103,27,1.355263157894737,54,29,True
constructed_high,high_compressibility,1,24,capacity_aware,2,0,104,104,0,1.0,0,0,True
constructed_high,high_compressibility,1,24,smooth,2,0,76,76,0,1.0,0,0,True
constructed_high,high_compressibility,1,24,static,2,4,76,101,25,1.3289473684210527,54,27,True
constructed_high,high_compressibility,1,24,capacity_aware,2,4,104,104,0,1.0,0,0,True
constructed_high,high_compressibility,1,24,smooth,2,4,76,76,0,1.0,0,0,True
constructed_high,high_compressibility,1,24,static,2,8,76,99,23,1.3026315789473684,54,25,True
constructed_high,high_compressibility,1,24,capacity_aware,2,8,104,104,0,1.0,0,0,True
constructed_high,high_compressibility,1,24,smooth,2,8,76,76,0,1.0,0,0,True
constructed_high,high_compressibility,1,24,static,2,12,76,97,21,1.2763157894736843,54,23,True
constructed_high,high_compressibility,1,24,capacity_aware,2,12,104,104,0,1.0,0,0,True
constructed_high,high_compressibility,1,24,smooth,2,12,76,76,0,1.0,0,0,True
constructed_high,high_compressibility,1,24,static,3,0,76,94,18,1.236842105263158,52,18,True
constructed_high,high_compressibility,1,24,capacity_aware,3,0,95,95,0,1.0,0,0,True
constructed_high,high_compressibility,1,24,smooth,3,0,76,76,0,1.0,0,0,True
constructed_high,high_compressibility,1,24,static,3,4,76,92,16,1.2105263157894737,52,17,True
constructed_high,high_compressibility,1,24,capacity_aware,3,4,95,95,0,1.0,0,0,True
constructed_high,high_compressibility,1,24,smooth,3,4,76,76,0,1.0,0,0,True
constructed_high,high_compressibility,1,24,static,3,8,76,91,15,1.1973684210526316,52,16,True
constructed_high,high_compressibility,1,24,capacity_aware,3,8,95,95,0,1.0,0,0,True
constructed_high,high_compressibility,1,24,smooth,3,8,76,76,0,1.0,0,0,True
constructed_high,high_compressibility,1,24,static,3,12,76,90,14,1.1842105263157894,52,14,True
constructed_high,high_compressibility,1,24,capacity_aware,3,12,95,95,0,1.0,0,0,True
constructed_high,high_compressibility,1,24,smooth,3,12,76,76,0,1.0,0,0,True
constructed_high,high_compressibility,1,24,static,4,0,76,89,13,1.1710526315789473,50,13,True
constructed_high,high_compressibility,1,24,capacity_aware,4,0,90,90,0,1.0,0,0,True
constructed_high,high_compressibility,1,24,smooth,4,0,76,76,0,1.0,0,0,True
constructed_high,high_compressibility,1,24,static,4,4,76,88,12,1.1578947368421053,50,12,True
constructed_high,high_compressibility,1,24,capacity_aware,4,4,90,90,0,1.0,0,0,True
constructed_high,high_compressibility,1,24,smooth,4,4,76,76,0,1.0,0,0,True
constructed_high,high_compressibility,1,24,static,4,8,76,87,11,1.144736842105263,50,11,True
constructed_high,high_compressibility,1,24,capacity_aware,4,8,90,90,0,1.0,0,0,True
constructed_high,high_compressibility,1,24,smooth,4,8,76,76,0,1.0,0,0,True
constructed_high,high_compressibility,1,24,static,4,12,76,86,10,1.131578947368421,50,10,True
constructed_high,high_compressibility,1,24,capacity_aware,4,12,90,90,0,1.0,0,0,True
constructed_high,high_compressibility,1,24,smooth,4,12,76,76,0,1.0,0,0,True
constructed_high,high_compressibility,1,24,static,5,0,76,86,10,1.131578947368421,48,10,True
constructed_high,high_compressibility,1,24,capacity_aware,5,0,87,87,0,1.0,0,0,True
constructed_high,high_compressibility,1,24,smooth,5,0,76,76,0,1.0,0,0,True
constructed_high,high_compressibility,1,24,static,5,4,76,85,9,1.118421052631579,48,9,True
constructed_high,high_compressibility,1,24,capacity_aware,5,4,87,87,0,1.0,0,0,True
constructed_high,high_compressibility,1,24,smooth,5,4,76,76,0,1.0,0,0,True
constructed_high,high_compressibility,1,24,static,5,8,76,84,8,1.105263157894737,48,9,True
constructed_high,high_compressibility,1,24,capacity_aware,5,8,87,87,0,1.0,0,0,True
constructed_high,high_compressibility,1,24,smooth,5,8,76,76,0,1.0,0,0,True
constructed_high,high_compressibility,1,24,static,5,12,76,84,8,1.105263157894737,48,8,True
constructed_high,high_compressibility,1,24,capacity_aware,5,12,87,87,0,1.0,0,0,True
constructed_high,high_compressibility,1,24,smooth,5,12,76,76,0,1.0,0,0,True
constructed_medium,medium_compressibility,1,24,static,1,0,73,95,22,1.3013698630136987,22,46,True
constructed_medium,medium_compressibility,1,24,capacity_aware,1,0,100,100,0,1.0,0,0,True
constructed_medium,medium_compressibility,1,24,smooth,1,0,73,90,17,1.2328767123287672,17,35,True
constructed_medium,medium_compressibility,1,24,static,1,4,73,91,18,1.2465753424657535,22,39,True
constructed_medium,medium_compressibility,1,24,capacity_aware,1,4,100,100,0,1.0,0,0,True
constructed_medium,medium_compressibility,1,24,smooth,1,4,73,86,13,1.178082191780822,17,25,True
constructed_medium,medium_compressibility,1,24,static,1,8,73,87,14,1.1917808219178083,22,29,True
constructed_medium,medium_compressibility,1,24,capacity_aware,1,8,100,100,0,1.0,0,0,True
constructed_medium,medium_compressibility,1,24,smooth,1,8,73,82,9,1.1232876712328768,17,14,True
constructed_medium,medium_compressibility,1,24,static,1,12,73,83,10,1.1369863013698631,22,20,True
constructed_medium,medium_compressibility,1,24,capacity_aware,1,12,100,100,0,1.0,0,0,True
constructed_medium,medium_compressibility,1,24,smooth,1,12,73,78,5,1.0684931506849316,17,5,True
constructed_medium,medium_compressibility,1,24,static,2,0,73,76,3,1.0410958904109588,5,6,True
constructed_medium,medium_compressibility,1,24,capacity_aware,2,0,82,82,0,1.0,0,0,True
constructed_medium,medium_compressibility,1,24,smooth,2,0,73,73,0,1.0,0,0,True
constructed_medium,medium_compressibility,1,24,static,2,4,73,74,1,1.0136986301369864,5,1,True
constructed_medium,medium_compressibility,1,24,capacity_aware,2,4,82,82,0,1.0,0,0,True
constructed_medium,medium_compressibility,1,24,smooth,2,4,73,73,0,1.0,0,0,True
constructed_medium,medium_compressibility,1,24,static,2,8,73,73,0,1.0,5,0,True
constructed_medium,medium_compressibility,1,24,capacity_aware,2,8,82,82,0,1.0,0,0,True
constructed_medium,medium_compressibility,1,24,smooth,2,8,73,73,0,1.0,0,0,True
constructed_medium,medium_compressibility,1,24,static,2,12,73,73,0,1.0,5,0,True
constructed_medium,medium_compressibility,1,24,capacity_aware,2,12,82,82,0,1.0,0,0,True
constructed_medium,medium_compressibility,1,24,smooth,2,12,73,73,0,1.0,0,0,True
constructed_medium,medium_compressibility,1,24,static,3,0,73,74,1,1.0136986301369864,3,1,True
constructed_medium,medium_compressibility,1,24,capacity_aware,3,0,78,78,0,1.0,0,0,True
constructed_medium,medium_compressibility,1,24,smooth,3,0,73,73,0,1.0,0,0,True
constructed_medium,medium_compressibility,1,24,static,3,4,73,73,0,1.0,3,0,True
constructed_medium,medium_compressibility,1,24,capacity_aware,3,4,78,78,0,1.0,0,0,True
constructed_medium,medium_compressibility,1,24,smooth,3,4,73,73,0,1.0,0,0,True
constructed_medium,medium_compressibility,1,24,static,3,8,73,73,0,1.0,3,0,True
constructed_medium,medium_compressibility,1,24,capacity_aware,3,8,78,78,0,1.0,0,0,True
constructed_medium,medium_compressibility,1,24,smooth,3,8,73,73,0,1.0,0,0,True
constructed_medium,medium_compressibility,1,24,static,3,12,73,73,0,1.0,3,0,True
constructed_medium,medium_compressibility,1,24,capacity_aware,3,12,78,78,0,1.0,0,0,True
constructed_medium,medium_compressibility,1,24,smooth,3,12,73,73,0,1.0,0,0,True
constructed_medium,medium_compressibility,1,24,static,4,0,73,74,1,1.0136986301369864,1,1,True
constructed_medium,medium_compressibility,1,24,capacity_aware,4,0,76,76,0,1.0,0,0,True
constructed_medium,medium_compressibility,1,24,smooth,4,0,73,73,0,1.0,0,0,True
constructed_medium,medium_compressibility,1,24,static,4,4,73,73,0,1.0,1,0,True
constructed_medium,medium_compressibility,1,24,capacity_aware,4,4,76,76,0,1.0,0,0,True
constructed_medium,medium_compressibility,1,24,smooth,4,4,73,73,0,1.0,0,0,True
constructed_medium,medium_compressibility,1,24,static,4,8,73,73,0,1.0,1,0,True
constructed_medium,medium_compressibility,1,24,capacity_aware,4,8,76,76,0,1.0,0,0,True
constructed_medium,medium_compressibility,1,24,smooth,4,8,73,73,0,1.0,0,0,True
constructed_medium,medium_compressibility,1,24,static,4,12,73,73,0,1.0,1,0,True
constructed_medium,medium_compressibility,1,24,capacity_aware,4,12,76,76,0,1.0,0,0,True
constructed_medium,medium_compressibility,1,24,smooth,4,12,73,73,0,1.0,0,0,True
constructed_medium,medium_compressibility,1,24,static,5,0,73,73,0,1.0,0,0,True
constructed_medium,medium_compressibility,1,24,capacity_aware,5,0,75,75,0,1.0,0,0,True
constructed_medium,medium_compressibility,1,24,smooth,5,0,73,73,0,1.0,0,0,True
constructed_medium,medium_compressibility,1,24,static,5,4,73,73,0,1.0,0,0,True
constructed_medium,medium_compressibility,1,24,capacity_aware,5,4,75,75,0,1.0,0,0,True
constructed_medium,medium_compressibility,1,24,smooth,5,4,73,73,0,1.0,0,0,True
constructed_medium,medium_compressibility,1,24,static,5,8,73,73,0,1.0,0,0,True
constructed_medium,medium_compressibility,1,24,capacity_aware,5,8,75,75,0,1.0,0,0,True
constructed_medium,medium_compressibility,1,24,smooth,5,8,73,73,0,1.0,0,0,True
constructed_medium,medium_compressibility,1,24,static,5,12,73,73,0,1.0,0,0,True
constructed_medium,medium_compressibility,1,24,capacity_aware,5,12,75,75,0,1.0,0,0,True
constructed_medium,medium_compressibility,1,24,smooth,5,12,73,73,0,1.0,0,0,True
constructed_low,low_compressibility,1,24,static,1,0,100,100,0,1.0,0,0,True
constructed_low,low_compressibility,1,24,capacity_aware,1,0,100,100,0,1.0,0,0,True
constructed_low,low_compressibility,1,24,smooth,1,0,100,100,0,1.0,0,0,True
constructed_low,low_compressibility,1,24,static,1,4,100,100,0,1.0,0,0,True
constructed_low,low_compressibility,1,24,capacity_aware,1,4,100,100,0,1.0,0,0,True
constructed_low,low_compressibility,1,24,smooth,1,4,100,100,0,1.0,0,0,True
constructed_low,low_compressibility,1,24,static,1,8,100,100,0,1.0,0,0,True
constructed_low,low_compressibility,1,24,capacity_aware,1,8,100,100,0,1.0,0,0,True
constructed_low,low_compressibility,1,24,smooth,1,8,100,100,0,1.0,0,0,True
constructed_low,low_compressibility,1,24,static,1,12,100,100,0,1.0,0,0,True
constructed_low,low_compressibility,1,24,capacity_aware,1,12,100,100,0,1.0,0,0,True
constructed_low,low_compressibility,1,24,smooth,1,12,100,100,0,1.0,0,0,True
constructed_low,low_compressibility,1,24,static,2,0,100,100,0,1.0,0,0,True
constructed_low,low_compressibility,1,24,capacity_aware,2,0,100,100,0,1.0,0,0,True
constructed_low,low_compressibility,1,24,smooth,2,0,100,100,0,1.0,0,0,True
constructed_low,low_compressibility,1,24,static,2,4,100,100,0,1.0,0,0,True
constructed_low,low_compressibility,1,24,capacity_aware,2,4,100,100,0,1.0,0,0,True
constructed_low,low_compressibility,1,24,smooth,2,4,100,100,0,1.0,0,0,True
constructed_low,low_compressibility,1,24,static,2,8,100,100,0,1.0,0,0,True
constructed_low,low_compressibility,1,24,capacity_aware,2,8,100,100,0,1.0,0,0,True
constructed_low,low_compressibility,1,24,smooth,2,8,100,100,0,1.0,0,0,True
constructed_low,low_compressibility,1,24,static,2,12,100,100,0,1.0,0,0,True
constructed_low,low_compressibility,1,24,capacity_aware,2,12,100,100,0,1.0,0,0,True
constructed_low,low_compressibility,1,24,smooth,2,12,100,100,0,1.0,0,0,True
constructed_low,low_compressibility,1,24,static,3,0,100,100,0,1.0,0,0,True
constructed_low,low_compressibility,1,24,capacity_aware,3,0,100,100,0,1.0,0,0,True
constructed_low,low_compressibility,1,24,smooth,3,0,100,100,0,1.0,0,0,True
constructed_low,low_compressibility,1,24,static,3,4,100,100,0,1.0,0,0,True
constructed_low,low_compressibility,1,24,capacity_aware,3,4,100,100,0,1.0,0,0,True
constructed_low,low_compressibility,1,24,smooth,3,4,100,100,0,1.0,0,0,True
constructed_low,low_compressibility,1,24,static,3,8,100,100,0,1.0,0,0,True
constructed_low,low_compressibility,1,24,capacity_aware,3,8,100,100,0,1.0,0,0,True
constructed_low,low_compressibility,1,24,smooth,3,8,100,100,0,1.0,0,0,True
constructed_low,low_compressibility,1,24,static,3,12,100,100,0,1.0,0,0,True
constructed_low,low_compressibility,1,24,capacity_aware,3,12,100,100,0,1.0,0,0,True
constructed_low,low_compressibility,1,24,smooth,3,12,100,100,0,1.0,0,0,True
constructed_low,low_compressibility,1,24,static,4,0,100,100,0,1.0,0,0,True
constructed_low,low_compressibility,1,24,capacity_aware,4,0,100,100,0,1.0,0,0,True
constructed_low,low_compressibility,1,24,smooth,4,0,100,100,0,1.0,0,0,True
constructed_low,low_compressibility,1,24,static,4,4,100,100,0,1.0,0,0,True
constructed_low,low_compressibility,1,24,capacity_aware,4,4,100,100,0,1.0,0,0,True
constructed_low,low_compressibility,1,24,smooth,4,4,100,100,0,1.0,0,0,True
constructed_low,low_compressibility,1,24,static,4,8,100,100,0,1.0,0,0,True
constructed_low,low_compressibility,1,24,capacity_aware,4,8,100,100,0,1.0,0,0,True
constructed_low,low_compressibility,1,24,smooth,4,8,100,100,0,1.0,0,0,True
constructed_low,low_compressibility,1,24,static,4,12,100,100,0,1.0,0,0,True
constructed_low,low_compressibility,1,24,capacity_aware,4,12,100,100,0,1.0,0,0,True
constructed_low,low_compressibility,1,24,smooth,4,12,100,100,0,1.0,0,0,True
constructed_low,low_compressibility,1,24,static,5,0,100,100,0,1.0,0,0,True
constructed_low,low_compressibility,1,24,capacity_aware,5,0,100,100,0,1.0,0,0,True
constructed_low,low_compressibility,1,24,smooth,5,0,100,100,0,1.0,0,0,True
constructed_low,low_compressibility,1,24,static,5,4,100,100,0,1.0,0,0,True
constructed_low,low_compressibility,1,24,capacity_aware,5,4,100,100,0,1.0,0,0,True
constructed_low,low_compressibility,1,24,smooth,5,4,100,100,0,1.0,0,0,True
constructed_low,low_compressibility,1,24,static,5,8,100,100,0,1.0,0,0,True
constructed_low,low_compressibility,1,24,capacity_aware,5,8,100,100,0,1.0,0,0,True
constructed_low,low_compressibility,1,24,smooth,5,8,100,100,0,1.0,0,0,True
constructed_low,low_compressibility,1,24,static,5,12,100,100,0,1.0,0,0,True
constructed_low,low_compressibility,1,24,capacity_aware,5,12,100,100,0,1.0,0,0,True
constructed_low,low_compressibility,1,24,smooth,5,12,100,100,0,1.0,0,0,True
